# Blender 5.2.0 LTS
# www.blender.org
mtllib ginger bread handgun full.mtl
o ginger_bread_handgun_full
v 0.623184 0.245394 -0.027256
v 0.623184 0.221267 -0.054813
v 0.623184 0.255734 -0.038665
v 0.623184 0.221267 -0.038665
v 0.623184 0.255386 -0.000193
v 0.623184 0.197140 -0.027256
v 0.623184 0.270010 -0.000193
v 0.623184 0.186799 -0.038665
v 0.623184 0.245394 0.026407
v 0.623184 0.187144 -0.000193
v 0.623184 0.255734 0.038294
v 0.623184 0.172524 -0.000193
v 0.623184 0.221267 0.053964
v 0.623184 0.197140 0.026407
v 0.623184 0.221267 0.037815
v 0.623184 0.186799 0.038294
v 0.584440 0.221267 0.037815
v 0.584440 0.197140 0.026407
v 0.584440 0.187144 -0.000193
v 0.584440 0.245394 0.026407
v 0.584440 0.197140 -0.027256
v 0.584440 0.255386 -0.000193
v 0.584440 0.221267 -0.038665
v 0.584440 0.245394 -0.027256
v -0.072920 0.093134 0.007418
v -0.096321 0.133628 0.087681
v -0.078588 0.093134 0.087681
v -0.092359 0.137389 0.007418
v -0.096321 0.133628 -0.088530
v -0.078588 0.093134 -0.088530
v 0.584440 0.197140 0.026407
v 0.623184 0.197140 0.026407
v 0.584440 0.187144 -0.000193
v 0.623184 0.187144 -0.000193
v 0.584440 0.197140 -0.027256
v 0.623184 0.197140 -0.027256
v -0.139205 0.155719 0.007418
v -0.182089 0.133628 0.087681
v -0.139205 0.150403 0.087681
v -0.186048 0.137389 0.007418
v -0.182089 0.133628 -0.088530
v -0.139205 0.150403 -0.088530
v 0.242395 0.255734 0.038294
v 0.623184 0.255734 0.038294
v 0.623184 0.270010 -0.000193
v 0.242395 0.270010 -0.000193
v 0.623184 0.255734 -0.038665
v 0.242395 0.255734 -0.038665
v 0.584440 0.197140 -0.027256
v 0.623184 0.197140 -0.027256
v 0.623184 0.245394 -0.027256
v 0.584440 0.221267 -0.038665
v 0.623184 0.221267 -0.038665
v 0.584440 0.245394 -0.027256
v -0.164405 0.062929 0.087681
v -0.159454 0.088591 0.087681
v -0.179659 0.088591 0.087681
v -0.150095 0.076427 0.087681
v -0.182090 0.052640 0.087681
v -0.199863 0.093134 0.087681
v -0.139205 0.093134 0.087681
v -0.144018 0.074060 0.087681
v -0.128315 0.076448 0.087681
v -0.144018 0.054969 0.087681
v -0.114050 0.062950 0.087681
v -0.139205 0.035865 0.087681
v -0.096321 0.052640 0.087681
v -0.119001 0.088591 0.087681
v -0.121520 0.103423 0.087681
v -0.098796 0.088591 0.087681
v -0.107211 0.116921 0.087681
v -0.078588 0.093134 0.087681
v -0.096321 0.133628 0.087681
v -0.156890 0.103444 0.087681
v -0.144018 0.112238 0.087681
v -0.171199 0.116942 0.087681
v -0.144018 0.131329 0.087681
v -0.182089 0.133628 0.087681
v -0.139205 0.150403 0.087681
v 0.623184 0.221267 0.053964
v 0.242395 0.255734 0.038294
v 0.242395 0.221267 0.053964
v 0.242395 0.186799 0.038294
v 0.623184 0.255734 0.038294
v 0.623184 0.186799 0.038294
v -0.205490 0.093134 0.007418
v -0.182090 0.052640 0.087681
v -0.199863 0.093134 0.087681
v -0.186048 0.048879 0.007418
v -0.182089 0.052640 -0.088530
v -0.199863 0.093134 -0.088530
v 0.623184 0.245394 0.026407
v 0.584440 0.245394 0.026407
v 0.623184 0.255386 -0.000193
v 0.584440 0.255386 -0.000193
v 0.623184 0.245394 -0.027256
v 0.584440 0.245394 -0.027256
v -0.139205 0.030548 0.007418
v -0.096321 0.052640 0.087681
v -0.139205 0.035865 0.087681
v -0.092359 0.048879 0.007418
v -0.096321 0.052640 -0.088530
v -0.139205 0.035865 -0.088530
v 0.242395 0.186799 0.038294
v 0.623184 0.186799 0.038294
v 0.242395 0.172524 -0.000193
v 0.623184 0.172524 -0.000193
v 0.242395 0.186799 -0.038665
v 0.623184 0.186799 -0.038665
v 0.584440 0.221267 0.037815
v 0.623184 0.221267 0.037815
v 0.584440 0.197140 0.026407
v 0.623184 0.197140 0.026407
v 0.623184 0.245394 0.026407
v 0.584440 0.245394 0.026407
v -0.114005 0.123339 -0.088530
v -0.078588 0.093134 -0.088530
v -0.098748 0.088586 -0.088530
v -0.096321 0.133628 -0.088530
v -0.119001 0.088586 -0.088530
v -0.128315 0.109841 -0.088530
v -0.139205 0.093134 -0.088530
v -0.144018 0.074030 -0.088530
v -0.128270 0.076414 -0.088530
v -0.144018 0.054939 -0.088530
v -0.114005 0.062921 -0.088530
v -0.139205 0.035865 -0.088530
v -0.096321 0.052640 -0.088530
v -0.159410 0.088586 -0.088530
v -0.156890 0.082845 -0.088530
v -0.179614 0.088586 -0.088530
v -0.171199 0.069347 -0.088530
v -0.199863 0.093134 -0.088530
v -0.182089 0.052640 -0.088530
v -0.156890 0.103415 -0.088530
v -0.144018 0.112208 -0.088530
v -0.171155 0.116913 -0.088530
v -0.144018 0.131295 -0.088530
v -0.182089 0.133628 -0.088530
v -0.139205 0.150403 -0.088530
v 0.623184 0.255734 -0.038665
v 0.242395 0.186799 -0.038665
v 0.242395 0.255734 -0.038665
v 0.623184 0.186799 -0.038665
v 0.623184 0.221267 -0.054813
v 0.242395 0.221267 -0.054813
v -0.096321 0.052640 0.087681
v -0.092359 0.048879 0.007418
v -0.072964 0.093134 0.007418
v -0.078588 0.093134 0.087681
v -0.096321 0.052640 -0.088530
v -0.078588 0.093134 -0.088530
v -0.096321 0.133628 0.087681
v -0.092359 0.137389 0.007418
v -0.139205 0.155719 0.007418
v -0.139205 0.150403 0.087681
v -0.096321 0.133628 -0.088530
v -0.139205 0.150403 -0.088530
v -0.182090 0.052640 0.087681
v -0.139205 0.035865 0.087681
v -0.164405 0.062929 0.087681
v -0.144018 0.054973 0.087681
v -0.150095 0.076427 0.087681
v -0.144018 0.074060 0.087681
v -0.139205 0.093134 0.087681
v -0.128315 0.076448 0.087681
v -0.119001 0.088591 0.087681
v -0.114050 0.062950 0.087681
v -0.098796 0.088591 0.087681
v -0.096321 0.052640 0.087681
v -0.078588 0.093134 0.087681
v -0.121520 0.103423 0.087681
v -0.144018 0.112238 0.087681
v -0.107255 0.116921 0.087681
v -0.144018 0.131329 0.087681
v -0.139205 0.150403 0.087681
v -0.096321 0.133628 0.087681
v -0.159454 0.088591 0.087681
v -0.156934 0.103444 0.087681
v -0.179659 0.088591 0.087681
v -0.171199 0.116942 0.087681
v -0.199863 0.093134 0.087681
v -0.182089 0.133628 0.087681
v -0.182089 0.133628 0.087681
v -0.186048 0.137389 0.007418
v -0.205490 0.093134 0.007418
v -0.199863 0.093134 0.087681
v -0.182089 0.133628 -0.088530
v -0.199863 0.093134 -0.088530
v -0.182090 0.052640 0.087681
v -0.186048 0.048879 0.007418
v -0.139205 0.030548 0.007418
v -0.139205 0.035865 0.087681
v -0.182089 0.052640 -0.088530
v -0.139205 0.035865 -0.088530
v -0.114005 0.062921 -0.088530
v -0.119001 0.088591 -0.088530
v -0.098796 0.088591 -0.088530
v -0.128315 0.076419 -0.088530
v -0.096321 0.052640 -0.088530
v -0.078588 0.093134 -0.088530
v -0.139205 0.093134 -0.088530
v -0.156890 0.082845 -0.088530
v -0.144018 0.074030 -0.088530
v -0.171199 0.069347 -0.088530
v -0.144018 0.054939 -0.088530
v -0.182089 0.052640 -0.088530
v -0.139205 0.035865 -0.088530
v -0.159410 0.088591 -0.088530
v -0.156890 0.103415 -0.088530
v -0.179614 0.088591 -0.088530
v -0.171155 0.116913 -0.088530
v -0.199863 0.093134 -0.088530
v -0.182089 0.133628 -0.088530
v -0.144018 0.112208 -0.088530
v -0.128315 0.109841 -0.088530
v -0.144018 0.131295 -0.088530
v -0.114050 0.123339 -0.088530
v -0.139205 0.150403 -0.088530
v -0.096321 0.133628 -0.088530
v 0.584306 0.155252 -0.087588
v 0.584306 0.155252 0.087217
v 0.584306 0.124631 -0.087588
v 0.584306 0.124631 0.087217
v 0.584306 0.094005 -0.087588
v 0.584306 0.094005 0.087217
v -0.132366 -0.262799 -0.087588
v -0.121383 -0.162448 -0.087588
v -0.132366 -0.262799 0.087217
v -0.121383 -0.162448 0.087217
v -0.098120 -0.106102 -0.087588
v -0.098120 -0.106102 0.087217
v -0.070578 -0.052395 -0.087588
v -0.070578 -0.052395 0.087217
v -0.047225 0.002452 -0.087588
v -0.047225 0.002452 0.087217
v -0.042230 0.032193 -0.087588
v -0.042230 0.032193 0.087217
v -0.043624 0.061935 -0.087588
v -0.043624 0.061935 0.087217
v -0.060859 0.155252 -0.087588
v -0.395211 0.155252 -0.087588
v -0.395211 0.155252 0.087217
v -0.060859 0.155252 0.087217
v 0.584306 0.155252 -0.087588
v 0.584306 0.155252 0.087217
v -0.060859 0.155252 0.087217
v -0.390754 0.124631 0.087217
v -0.056990 0.124631 0.087217
v -0.395211 0.155252 0.087217
v 0.584306 0.155252 0.087217
v -0.384094 0.094005 0.087217
v 0.584306 0.124631 0.087217
v -0.050600 0.094005 0.087217
v 0.584306 0.094005 0.087217
v 0.538765 0.061714 0.087217
v -0.354393 0.061930 0.087217
v -0.043624 0.061935 0.087217
v -0.354304 0.034454 0.087217
v -0.042230 0.032193 0.087217
v -0.047225 0.002452 0.087217
v -0.360604 0.006982 0.087217
v -0.070578 -0.052395 0.087217
v -0.382923 -0.043827 0.087217
v -0.098120 -0.106102 0.087217
v -0.407944 -0.093297 0.087217
v -0.121383 -0.162448 0.087217
v -0.430175 -0.144343 0.087217
v -0.132366 -0.262799 0.087217
v -0.442685 -0.237159 0.087217
v -0.390754 0.124631 -0.087588
v -0.390754 0.124631 0.087217
v -0.395211 0.155252 -0.087588
v -0.395211 0.155252 0.087217
v -0.384094 0.094005 0.087217
v -0.384094 0.094005 -0.087588
v -0.354393 0.061930 0.087217
v -0.354393 0.061930 -0.087588
v -0.354304 0.034454 -0.087588
v -0.354304 0.034454 0.087217
v -0.360604 0.006982 -0.087588
v -0.360604 0.006982 0.087217
v -0.382923 -0.043827 -0.087588
v -0.382923 -0.043827 0.087217
v -0.407944 -0.093297 -0.087588
v -0.407944 -0.093297 0.087217
v -0.430175 -0.144343 -0.087588
v -0.430175 -0.144343 0.087217
v -0.442685 -0.237159 -0.087588
v -0.442685 -0.237159 0.087217
v 0.584306 0.094005 -0.087588
v 0.584306 0.094005 0.087217
v 0.538765 0.061714 -0.087588
v 0.538765 0.061714 0.087217
v -0.132366 -0.262799 -0.087588
v -0.442685 -0.237159 0.087217
v -0.442685 -0.237159 -0.087588
v -0.132366 -0.262799 0.087217
v 0.538765 0.061714 0.087217
v -0.043624 0.061935 -0.087588
v 0.538765 0.061714 -0.087588
v -0.043624 0.061935 0.087217
v 0.584306 0.155252 -0.087588
v -0.056990 0.124631 -0.087588
v -0.060859 0.155252 -0.087588
v 0.584306 0.124631 -0.087588
v -0.390754 0.124631 -0.087588
v -0.395211 0.155252 -0.087588
v -0.384094 0.094005 -0.087588
v -0.050600 0.094005 -0.087588
v 0.584306 0.094005 -0.087588
v 0.538765 0.061714 -0.087588
v -0.354393 0.061930 -0.087588
v -0.043624 0.061935 -0.087588
v -0.354304 0.034454 -0.087588
v -0.042230 0.032193 -0.087588
v -0.047225 0.002452 -0.087588
v -0.360604 0.006982 -0.087588
v -0.070578 -0.052395 -0.087588
v -0.382923 -0.043827 -0.087588
v -0.098120 -0.106102 -0.087588
v -0.407944 -0.093297 -0.087588
v -0.121383 -0.162448 -0.087588
v -0.430175 -0.144343 -0.087588
v -0.132366 -0.262799 -0.087588
v -0.442685 -0.237159 -0.087588
v 0.541916 0.198678 -0.109433
v 0.565135 0.080418 -0.104693
v 0.571614 0.080822 -0.127017
v 0.548395 0.199082 -0.131757
v 0.542589 0.197306 -0.155037
v 0.565812 0.079045 -0.150283
v 0.547224 0.200047 0.097669
v 0.570536 0.081799 0.092914
v 0.578185 0.082424 0.114759
v 0.554877 0.200676 0.119514
v 0.550331 0.199103 0.142794
v 0.573639 0.080851 0.138040
v 0.515817 -0.052114 -0.129394
v 0.499032 -0.070636 -0.117508
v 0.502046 -0.079148 -0.127959
v 0.494710 -0.107402 -0.116087
v 0.497724 -0.115915 -0.126060
v 0.512799 -0.043606 -0.119407
v 0.493494 -0.071422 0.111918
v 0.507220 -0.044345 0.112382
v 0.510777 -0.052760 0.122370
v 0.497006 -0.079833 0.121891
v 0.489175 -0.108210 0.110961
v 0.492732 -0.116621 0.120456
v 0.373572 0.084923 0.087681
v 0.364752 0.129641 0.089595
v 0.366056 0.128566 0.129487
v 0.374965 0.083771 0.130444
v 0.381942 0.086402 -0.088530
v 0.373166 0.131125 -0.090444
v 0.372356 0.129675 -0.130336
v 0.381087 0.084851 -0.131293
v 0.407049 0.132451 0.081984
v 0.408536 0.133505 0.143737
v 0.409974 0.112123 0.082941
v 0.411550 0.113245 0.148491
v 0.416545 0.093236 0.145157
v 0.415062 0.092186 0.083419
v 0.403674 0.069325 0.084362
v 0.405071 0.070311 0.142316
v 0.191140 0.137244 -0.106592
v 0.214407 0.018988 -0.101838
v 0.186371 0.135936 -0.121306
v 0.209635 0.017675 -0.116565
v 0.213054 0.017743 -0.132714
v 0.189836 0.136004 -0.137468
v 0.197080 0.137874 0.116194
v 0.220347 0.019622 0.111440
v 0.193121 0.136688 0.130908
v 0.216385 0.018440 0.126168
v 0.220707 0.018665 0.142316
v 0.197395 0.136917 0.147056
v 0.414791 0.133726 -0.085211
v 0.413036 0.134202 -0.146963
v 0.417627 0.113385 -0.085689
v 0.415735 0.113891 -0.151718
v 0.420864 0.093903 -0.148384
v 0.422667 0.093427 -0.086631
v 0.409524 0.071038 -0.144586
v 0.411189 0.070592 -0.086631
v 0.356066 -0.131581 -0.111811
v 0.356560 -0.064256 -0.142687
v 0.356876 -0.062433 -0.131293
v 0.355976 -0.140633 -0.121784
v 0.358359 0.006447 -0.121784
v 0.357731 0.013242 -0.133192
v 0.392739 0.074536 -0.098982
v 0.392066 0.082420 -0.109912
v 0.350576 -0.132711 0.114759
v 0.352241 -0.063381 0.133763
v 0.352512 -0.065098 0.145157
v 0.351025 -0.141670 0.125211
v 0.353007 0.005410 0.123312
v 0.352962 0.012307 0.134706
v 0.385900 0.073350 0.097669
v 0.385811 0.081332 0.108584
v 0.388599 0.087303 0.095770
v 0.379827 0.132017 0.097669
v 0.381626 0.130844 0.121413
v 0.390130 0.085938 0.121891
v 0.498805 0.070541 0.119992
v 0.497185 0.075930 0.131386
v 0.532015 0.032010 0.130444
v 0.533907 0.028054 0.141838
v 0.566079 -0.010575 0.111440
v 0.569636 -0.018986 0.120935
v 0.396519 0.088659 -0.097561
v 0.387699 0.133377 -0.099460
v 0.388376 0.132013 -0.123219
v 0.396746 0.087086 -0.123683
v 0.504250 0.071225 -0.127959
v 0.502046 0.076512 -0.139367
v 0.536787 0.032516 -0.139831
v 0.538047 0.028453 -0.151239
v 0.571707 -0.009975 -0.122262
v 0.574721 -0.018488 -0.132235
v -0.063156 -0.043482 -0.089487
v -0.099695 -0.116094 0.096234
v -0.099695 -0.116094 -0.089487
v -0.063156 -0.043482 0.096234
v -0.040881 0.031445 -0.088530
v -0.046010 0.002528 0.095291
v -0.046010 0.002528 -0.088530
v -0.040881 0.031445 0.095291
v -0.069679 -0.051902 0.095291
v -0.069679 -0.051902 -0.088530
v -0.120889 -0.163779 -0.090444
v -0.129393 -0.251375 0.097190
v -0.129393 -0.251375 -0.090444
v -0.120889 -0.163779 0.097190
v 0.184569 0.136360 -0.098518
v 0.205089 0.140339 -0.087110
v 0.206936 0.140288 -0.098518
v 0.235106 0.140585 -0.087588
v 0.191140 0.137244 -0.106592
v 0.234879 0.140160 -0.099460
v 0.177191 0.134346 -0.120363
v 0.294010 0.135502 -0.100417
v 0.186371 0.135936 -0.121306
v 0.294237 0.135927 -0.089009
v 0.189836 0.136004 -0.137468
v 0.366684 0.129714 -0.098518
v 0.182049 0.134431 -0.143644
v 0.373166 0.131125 -0.090444
v 0.203695 0.137967 -0.151718
v 0.372356 0.129675 -0.130336
v 0.199826 0.136939 -0.162633
v 0.365424 0.128001 -0.122741
v 0.233214 0.137848 -0.157415
v 0.292977 0.133721 -0.149340
v 0.233441 0.137627 -0.168808
v 0.291129 0.133122 -0.137932
v 0.190062 0.136900 0.108584
v 0.212381 0.140870 0.107164
v 0.209951 0.140810 0.095770
v 0.239964 0.141125 0.094813
v 0.197080 0.137874 0.116194
v 0.240325 0.140806 0.106207
v 0.183851 0.135073 0.130908
v 0.299410 0.136280 0.103844
v 0.193121 0.136688 0.130908
v 0.299050 0.136594 0.092436
v 0.197395 0.136917 0.147056
v 0.358812 0.128302 0.098611
v 0.189969 0.135387 0.154188
v 0.364752 0.129641 0.089595
v 0.211976 0.139046 0.160363
v 0.366056 0.128566 0.129487
v 0.208691 0.138107 0.171293
v 0.358675 0.126798 0.122370
v 0.241766 0.139038 0.164161
v 0.301031 0.134958 0.152767
v 0.242621 0.138923 0.176033
v 0.298377 0.134223 0.141838
v 0.547224 0.200047 0.097669
v 0.524860 0.196120 0.097669
v 0.540790 0.198640 0.105743
v 0.526570 0.196795 0.086261
v 0.554877 0.200676 0.119514
v 0.498490 0.186829 0.086739
v 0.545696 0.199031 0.120456
v 0.498850 0.186515 0.098611
v 0.542455 0.197930 0.136619
v 0.445436 0.162099 0.099568
v 0.550331 0.199103 0.142794
v 0.445075 0.162413 0.087681
v 0.528774 0.195053 0.150869
v 0.379827 0.132017 0.097669
v 0.532781 0.195410 0.161306
v 0.373256 0.131137 0.089595
v 0.501281 0.184925 0.156565
v 0.374560 0.130062 0.129009
v 0.501147 0.184632 0.167959
v 0.381626 0.130844 0.121413
v 0.447056 0.160777 0.148491
v 0.449034 0.160849 0.137083
v 0.519549 0.194807 -0.108013
v 0.541916 0.198678 -0.109433
v 0.534985 0.197212 -0.117044
v 0.521890 0.195584 -0.096619
v 0.548395 0.199082 -0.131757
v 0.493765 0.185690 -0.095662
v 0.539170 0.197454 -0.132235
v 0.493494 0.185265 -0.107056
v 0.535074 0.196209 -0.147905
v 0.440080 0.160976 -0.105157
v 0.542589 0.197306 -0.155037
v 0.440307 0.161402 -0.093285
v 0.520630 0.193238 -0.161691
v 0.387699 0.133377 -0.099460
v 0.524050 0.193489 -0.172142
v 0.381626 0.132599 -0.090444
v 0.492866 0.183132 -0.165489
v 0.380816 0.131154 -0.130336
v 0.492100 0.182732 -0.176883
v 0.388376 0.132013 -0.123219
v 0.439091 0.159200 -0.153617
v 0.441834 0.159413 -0.142687
v 0.346164 0.143267 0.140881
v 0.344770 0.142281 0.083419
v 0.367721 0.147134 0.144693
v 0.387655 0.149867 0.081984
v 0.389052 0.150849 0.139939
v 0.407049 0.132451 0.081984
v 0.408536 0.133505 0.143737
v 0.393821 0.151635 -0.142209
v 0.414791 0.133726 -0.085211
v 0.413036 0.134202 -0.146963
v 0.395486 0.151189 -0.084269
v 0.372219 0.147925 -0.146006
v 0.352601 0.143705 -0.082834
v 0.350892 0.144151 -0.140788
v 0.392739 0.074536 -0.098982
v 0.392066 0.082420 -0.109912
v 0.361689 0.093546 -0.098982
v 0.361016 0.101426 -0.109912
v 0.279024 0.031951 -0.120842
v 0.278485 0.037527 -0.132235
v 0.385900 0.073350 0.097669
v 0.385811 0.081332 0.108584
v 0.354850 0.092292 0.099568
v 0.354761 0.100274 0.110483
v 0.273761 0.036422 0.138518
v 0.273716 0.030740 0.127110
v 0.398277 0.099968 0.098133
v 0.395891 0.107546 0.109063
v 0.498805 0.070541 0.119992
v 0.497185 0.075930 0.131386
v 0.405116 0.101115 -0.100417
v 0.402146 0.108599 -0.111332
v 0.504250 0.071225 -0.127959
v 0.502046 0.076512 -0.139367
v 0.545109 0.077328 -0.091864
v 0.493765 0.185690 -0.095662
v 0.515185 0.076759 -0.090908
v 0.521890 0.195584 -0.096619
v 0.440307 0.161402 -0.093285
v 0.541916 0.198678 -0.109433
v 0.456237 0.080452 -0.089965
v 0.565135 0.080418 -0.104693
v 0.390446 0.087881 -0.089009
v 0.381626 0.132599 -0.090444
v 0.374560 0.130062 0.129009
v 0.550331 0.199103 0.142794
v 0.383470 0.085267 0.130444
v 0.573639 0.080851 0.138040
v 0.447056 0.160777 0.148491
v 0.532781 0.195410 0.161306
v 0.463076 0.079793 0.146592
v 0.556089 0.077162 0.156565
v 0.501147 0.184632 0.167959
v 0.522611 0.075709 0.163683
v 0.342882 0.080210 0.147534
v 0.375954 0.107023 0.155609
v 0.340091 0.100605 0.150869
v 0.334869 0.120478 0.146114
v 0.362187 0.062729 0.143258
v 0.346164 0.143267 0.140881
v 0.383741 0.066597 0.147056
v 0.367721 0.147134 0.144693
v 0.405071 0.070311 0.142316
v 0.389052 0.150849 0.139939
v 0.416545 0.093236 0.145157
v 0.408536 0.133505 0.143737
v 0.411550 0.113245 0.148491
v 0.354761 0.100274 0.110483
v 0.273761 0.036422 0.138518
v 0.352962 0.012307 0.134706
v 0.385811 0.081332 0.108584
v 0.258414 -0.020651 0.150390
v 0.352512 -0.065098 0.145157
v 0.242127 -0.076892 0.131386
v 0.275065 -0.077907 0.129966
v 0.309851 -0.088277 0.128545
v 0.333025 -0.108826 0.126631
v 0.351025 -0.141670 0.125211
v 0.432475 0.026366 0.132343
v 0.497185 0.075930 0.131386
v 0.395891 0.107546 0.109063
v 0.374155 0.079275 0.109063
v 0.533907 0.028054 0.141838
v 0.463120 -0.045544 0.141838
v 0.539259 -0.031196 0.121891
v 0.569636 -0.018986 0.120935
v 0.510777 -0.052760 0.122370
v 0.497006 -0.079833 0.121891
v 0.492732 -0.116621 0.120456
v 0.515817 -0.052114 -0.129394
v 0.512799 -0.043606 -0.119407
v 0.544347 -0.030626 -0.130815
v 0.541329 -0.022114 -0.120842
v 0.574721 -0.018488 -0.132235
v 0.571707 -0.009975 -0.122262
v -0.129393 -0.251375 0.097190
v -0.432334 -0.146400 0.097190
v -0.443990 -0.231383 0.097190
v -0.120889 -0.163779 0.097190
v -0.099695 -0.116094 0.096234
v -0.399663 -0.073776 0.096234
v -0.430085 -0.139732 0.096234
v -0.063156 -0.043482 0.096234
v -0.046010 0.002528 0.095291
v -0.355519 0.033625 0.095291
v -0.361596 0.006935 0.095291
v -0.040881 0.031445 0.095291
v -0.069679 -0.051902 0.095291
v -0.383421 -0.042883 0.095291
v 0.213281 0.017140 0.148970
v 0.189969 0.135387 0.154188
v 0.366056 0.128566 0.129487
v 0.208691 0.138107 0.171293
v 0.374965 0.083771 0.130444
v 0.231999 0.019860 0.166539
v 0.301031 0.134958 0.152767
v 0.242621 0.138923 0.176033
v 0.317050 0.053974 0.150869
v 0.264086 0.030000 0.171293
v 0.228356 0.022082 -0.081891
v 0.235106 0.140585 -0.087588
v 0.205089 0.140339 -0.087110
v 0.184569 0.136360 -0.098518
v 0.256526 0.031653 -0.083312
v 0.207836 0.018104 -0.093763
v 0.294237 0.135927 -0.089009
v 0.310167 0.054973 -0.085689
v 0.381942 0.086402 -0.088530
v 0.373166 0.131125 -0.090444
v 0.338065 -0.098711 -0.112767
v 0.314935 -0.078116 -0.113231
v 0.314802 -0.087168 -0.123219
v 0.280016 -0.076722 -0.122741
v 0.337931 -0.107764 -0.122741
v 0.280105 -0.067673 -0.112767
v 0.247030 -0.075634 -0.122262
v 0.247119 -0.066581 -0.112289
v 0.213054 0.017743 -0.132714
v 0.189836 0.136004 -0.137468
v 0.365424 0.128001 -0.122741
v 0.203695 0.137967 -0.151718
v 0.374605 0.083210 -0.123219
v 0.226914 0.019707 -0.146963
v 0.291129 0.133122 -0.137932
v 0.233214 0.137848 -0.157415
v 0.307015 0.052121 -0.136033
v 0.254590 0.028916 -0.152660
v 0.235690 0.022618 0.102409
v 0.240325 0.140806 0.106207
v 0.212381 0.140870 0.107164
v 0.197080 0.137874 0.116194
v 0.261789 0.031883 0.101931
v 0.220347 0.019622 0.111440
v 0.299410 0.136280 0.103844
v 0.315385 0.055334 0.100510
v 0.367632 0.083588 0.096712
v 0.358812 0.128302 0.098611
v 0.352601 0.143705 -0.082834
v 0.346119 0.100911 -0.083790
v 0.417627 0.113385 -0.085689
v 0.341124 0.120869 -0.082834
v 0.395486 0.151189 -0.084269
v 0.414791 0.133726 -0.085211
v 0.411189 0.070592 -0.086631
v 0.422667 0.093427 -0.086631
v 0.368260 0.063108 -0.085211
v 0.348955 0.080571 -0.084269
v 0.439902 0.020667 -0.124640
v 0.504250 0.071225 -0.127959
v 0.405116 0.101115 -0.100417
v 0.383336 0.072904 -0.098518
v 0.536787 0.032516 -0.139831
v 0.466811 -0.043266 -0.134613
v 0.494710 -0.107402 -0.116087
v 0.499032 -0.070636 -0.117508
v 0.512799 -0.043606 -0.119407
v 0.541329 -0.022114 -0.120842
v 0.571707 -0.009975 -0.122262
v 0.361689 0.093546 -0.098982
v 0.279024 0.031951 -0.120842
v 0.358359 0.006447 -0.121784
v 0.392739 0.074536 -0.098982
v 0.262737 -0.015275 -0.131293
v 0.356876 -0.062433 -0.131293
v 0.247119 -0.066581 -0.112289
v 0.280105 -0.067673 -0.112767
v 0.314935 -0.078116 -0.113231
v 0.338065 -0.098711 -0.112767
v 0.356066 -0.131581 -0.111811
v 0.548172 0.077868 0.092436
v 0.498850 0.186515 0.098611
v 0.520315 0.077592 0.093856
v 0.524860 0.196120 0.097669
v 0.445436 0.162099 0.099568
v 0.540790 0.198640 0.105743
v 0.461411 0.081153 0.096234
v 0.564102 0.080392 0.100988
v 0.388599 0.087303 0.095770
v 0.379827 0.132017 0.097669
v 0.388376 0.132013 -0.123219
v 0.535074 0.196209 -0.147905
v 0.396746 0.087086 -0.123683
v 0.558296 0.077953 -0.143165
v 0.441834 0.159413 -0.142687
v 0.520630 0.193238 -0.161691
v 0.457720 0.078412 -0.140788
v 0.543894 0.074982 -0.156458
v 0.514286 0.074200 -0.160734
v 0.492866 0.183132 -0.165489
v -0.432334 -0.146400 0.097190
v -0.432334 -0.146400 -0.090444
v -0.443990 -0.231383 -0.090444
v -0.443990 -0.231383 0.097190
v -0.355519 0.033625 0.095291
v -0.355519 0.033625 -0.088530
v -0.361596 0.006935 -0.088530
v -0.361596 0.006935 0.095291
v -0.383421 -0.042883 -0.088530
v -0.383421 -0.042883 0.095291
v -0.399663 -0.073776 0.096234
v -0.399663 -0.073776 -0.089487
v -0.430085 -0.139732 -0.089487
v -0.430085 -0.139732 0.096234
v 0.390446 0.087881 -0.089009
v 0.381626 0.132599 -0.090444
v 0.380816 0.131154 -0.130336
v 0.389546 0.086330 -0.131293
v 0.382076 0.086423 0.087681
v 0.373256 0.131137 0.089595
v 0.374560 0.130062 0.129009
v 0.383470 0.085267 0.130444
v 0.190062 0.136900 0.108584
v 0.213370 0.018648 0.103844
v 0.183851 0.135073 0.130908
v 0.207160 0.016825 0.126168
v 0.213281 0.017140 0.148970
v 0.189969 0.135387 0.154188
v 0.184569 0.136360 -0.098518
v 0.207836 0.018104 -0.093763
v 0.177191 0.134346 -0.120363
v 0.200410 0.016090 -0.115609
v 0.205271 0.016171 -0.138889
v 0.182049 0.134431 -0.143644
v 0.332575 -0.099872 0.116658
v 0.309851 -0.088277 0.128545
v 0.309401 -0.079318 0.118093
v 0.333025 -0.108826 0.126631
v 0.350576 -0.132711 0.114759
v 0.351025 -0.141670 0.125211
v 0.338065 -0.098711 -0.112767
v 0.337931 -0.107764 -0.122741
v 0.356066 -0.131581 -0.111811
v 0.355976 -0.140633 -0.121784
v 0.333386 0.119424 0.084362
v 0.346164 0.143267 0.140881
v 0.344770 0.142281 0.083419
v 0.334869 0.120478 0.146114
v 0.338470 0.099483 0.084840
v 0.340091 0.100605 0.150869
v 0.342882 0.080210 0.147534
v 0.341395 0.079156 0.085318
v 0.375504 0.084995 -0.097083
v 0.366684 0.129714 -0.098518
v 0.365424 0.128001 -0.122741
v 0.374605 0.083210 -0.123219
v 0.367632 0.083588 0.096712
v 0.358812 0.128302 0.098611
v 0.358675 0.126798 0.122370
v 0.367989 0.082033 0.122834
v 0.352601 0.143705 -0.082834
v 0.350892 0.144151 -0.140788
v 0.341124 0.120869 -0.082834
v 0.339325 0.121350 -0.145064
v 0.346119 0.100911 -0.083790
v 0.344231 0.101421 -0.149340
v 0.347156 0.081047 -0.146006
v 0.348955 0.080571 -0.084269
v 0.361689 0.093546 -0.098982
v 0.361016 0.101426 -0.109912
v 0.279024 0.031951 -0.120842
v 0.278485 0.037527 -0.132235
v 0.262737 -0.015275 -0.131293
v 0.262465 -0.019614 -0.142687
v 0.247119 -0.066581 -0.112289
v 0.247030 -0.075634 -0.122262
v 0.354850 0.092292 0.099568
v 0.354761 0.100274 0.110483
v 0.273761 0.036422 0.138518
v 0.273716 0.030740 0.127110
v 0.258102 -0.016418 0.138982
v 0.258414 -0.020651 0.150390
v 0.241674 -0.067933 0.120935
v 0.242127 -0.076892 0.131386
v 0.540790 0.198640 0.105743
v 0.564102 0.080392 0.100988
v 0.569005 0.080779 0.115716
v 0.545696 0.199031 0.120456
v 0.542455 0.197930 0.136619
v 0.565767 0.079678 0.131865
v 0.489175 -0.108210 0.110961
v 0.463120 -0.045544 0.141838
v 0.462087 -0.043958 0.130444
v 0.492732 -0.116621 0.120456
v 0.434501 0.019821 0.120935
v 0.432475 0.026366 0.132343
v 0.376541 0.071693 0.098133
v 0.374155 0.079275 0.109063
v 0.398277 0.099968 0.098133
v 0.395891 0.107546 0.109063
v 0.534985 0.197212 -0.117044
v 0.558252 0.078956 -0.112289
v 0.562389 0.079198 -0.127017
v 0.539170 0.197454 -0.132235
v 0.535074 0.196209 -0.147905
v 0.558296 0.077953 -0.143165
v 0.494710 -0.107402 -0.116087
v 0.467172 -0.044957 -0.146006
v 0.497724 -0.115915 -0.126060
v 0.466811 -0.043266 -0.134613
v 0.439902 0.020667 -0.124640
v 0.437289 0.027114 -0.135569
v 0.383336 0.072904 -0.098518
v 0.380411 0.080384 -0.109433
v 0.405116 0.101115 -0.100417
v 0.402146 0.108599 -0.111332
v 0.309851 -0.088277 0.128545
v 0.309401 -0.079318 0.118093
v 0.275065 -0.077907 0.129966
v 0.274616 -0.068953 0.119992
v 0.242127 -0.076892 0.131386
v 0.241674 -0.067933 0.120935
v 0.230155 0.022027 -0.093763
v 0.256299 0.031228 -0.094706
v 0.256526 0.031653 -0.083312
v 0.228356 0.022082 -0.081891
v 0.310167 0.054973 -0.085689
v 0.207836 0.018104 -0.093763
v 0.309895 0.054548 -0.097083
v 0.214407 0.018988 -0.101838
v 0.375504 0.084995 -0.097083
v 0.200410 0.016090 -0.115609
v 0.381942 0.086402 -0.088530
v 0.209635 0.017675 -0.116565
v 0.381087 0.084851 -0.131293
v 0.213054 0.017743 -0.132714
v 0.374605 0.083210 -0.123219
v 0.205271 0.016171 -0.138889
v 0.308862 0.052721 -0.147442
v 0.226914 0.019707 -0.146963
v 0.307015 0.052121 -0.136033
v 0.223045 0.018682 -0.157415
v 0.254590 0.028916 -0.152660
v 0.254861 0.028695 -0.164532
v 0.261432 0.032197 0.090058
v 0.235690 0.022618 0.102409
v 0.233259 0.022558 0.091015
v 0.213370 0.018648 0.103844
v 0.261789 0.031883 0.101931
v 0.220347 0.019622 0.111440
v 0.314980 0.055649 0.089116
v 0.207160 0.016825 0.126168
v 0.315385 0.055334 0.100510
v 0.216385 0.018440 0.126168
v 0.367632 0.083588 0.096712
v 0.220707 0.018665 0.142316
v 0.373572 0.084923 0.087681
v 0.213281 0.017140 0.148970
v 0.374965 0.083771 0.130444
v 0.235285 0.020795 0.155609
v 0.367989 0.082033 0.122834
v 0.231999 0.019860 0.166539
v 0.317050 0.053974 0.150869
v 0.263186 0.030115 0.159885
v 0.314396 0.053243 0.139939
v 0.264086 0.030000 0.171293
v 0.519954 0.077906 0.082463
v 0.549882 0.078544 0.081042
v 0.548172 0.077868 0.092436
v 0.570536 0.081799 0.092914
v 0.520315 0.077592 0.093856
v 0.564102 0.080392 0.100988
v 0.461006 0.081467 0.084362
v 0.578185 0.082424 0.114759
v 0.461411 0.081153 0.096234
v 0.569005 0.080779 0.115716
v 0.388599 0.087303 0.095770
v 0.565767 0.079678 0.131865
v 0.382076 0.086423 0.087681
v 0.573639 0.080851 0.138040
v 0.383470 0.085267 0.130444
v 0.552086 0.076805 0.146114
v 0.390130 0.085938 0.121891
v 0.556089 0.077162 0.156565
v 0.463076 0.079793 0.146592
v 0.522745 0.076002 0.151811
v 0.465012 0.079870 0.135184
v 0.522611 0.075709 0.163683
v 0.542816 0.076550 -0.103258
v 0.515185 0.076759 -0.090908
v 0.514914 0.076334 -0.102794
v 0.545109 0.077328 -0.091864
v 0.456237 0.080452 -0.089965
v 0.565135 0.080418 -0.104693
v 0.456010 0.080027 -0.101838
v 0.558252 0.078956 -0.112289
v 0.396519 0.088659 -0.097561
v 0.571614 0.080822 -0.127017
v 0.390446 0.087881 -0.089009
v 0.562389 0.079198 -0.127017
v 0.389546 0.086330 -0.131293
v 0.558296 0.077953 -0.143165
v 0.396746 0.087086 -0.123683
v 0.565812 0.079045 -0.150283
v 0.454977 0.078195 -0.151718
v 0.543894 0.074982 -0.156458
v 0.457720 0.078412 -0.140788
v 0.547317 0.075229 -0.167388
v 0.514286 0.074200 -0.160734
v 0.513520 0.073801 -0.172606
v 0.342882 0.080210 0.147534
v 0.341395 0.079156 0.085318
v 0.362187 0.062729 0.143258
v 0.360790 0.061743 0.085782
v 0.383741 0.066597 0.147056
v 0.403674 0.069325 0.084362
v 0.405071 0.070311 0.142316
v 0.409524 0.071038 -0.144586
v 0.411189 0.070592 -0.086631
v 0.387926 0.067328 -0.148384
v 0.368260 0.063108 -0.085211
v 0.347156 0.081047 -0.146006
v 0.366595 0.063554 -0.143165
v 0.348955 0.080571 -0.084269
v 0.380816 0.131154 -0.130336
v 0.542589 0.197306 -0.155037
v 0.389546 0.086330 -0.131293
v 0.565812 0.079045 -0.150283
v 0.439091 0.159200 -0.153617
v 0.524050 0.193489 -0.172142
v 0.454977 0.078195 -0.151718
v 0.547317 0.075229 -0.167388
v 0.492100 0.182732 -0.176883
v 0.513520 0.073801 -0.172606
v 0.498490 0.186829 0.086739
v 0.549882 0.078544 0.081042
v 0.519954 0.077906 0.082463
v 0.526570 0.196795 0.086261
v 0.445075 0.162413 0.087681
v 0.547224 0.200047 0.097669
v 0.461006 0.081467 0.084362
v 0.570536 0.081799 0.092914
v 0.382076 0.086423 0.087681
v 0.373256 0.131137 0.089595
v 0.379827 0.107698 -0.156458
v 0.409524 0.071038 -0.144586
v 0.387926 0.067328 -0.148384
v 0.420864 0.093903 -0.148384
v 0.366595 0.063554 -0.143165
v 0.415735 0.113891 -0.151718
v 0.347156 0.081047 -0.146006
v 0.413036 0.134202 -0.146963
v 0.344231 0.101421 -0.149340
v 0.393821 0.151635 -0.142209
v 0.339325 0.121350 -0.145064
v 0.372219 0.147925 -0.146006
v 0.350892 0.144151 -0.140788
v 0.278485 0.037527 -0.132235
v 0.361016 0.101426 -0.109912
v 0.357731 0.013242 -0.133192
v 0.392066 0.082420 -0.109912
v 0.262465 -0.019614 -0.142687
v 0.356560 -0.064256 -0.142687
v 0.280016 -0.076722 -0.122741
v 0.247030 -0.075634 -0.122262
v 0.314802 -0.087168 -0.123219
v 0.337931 -0.107764 -0.122741
v 0.355976 -0.140633 -0.121784
v 0.502046 0.076512 -0.139367
v 0.437289 0.027114 -0.135569
v 0.402146 0.108599 -0.111332
v 0.380411 0.080384 -0.109433
v 0.538047 0.028453 -0.151239
v 0.467172 -0.044957 -0.146006
v 0.574721 -0.018488 -0.132235
v 0.544347 -0.030626 -0.130815
v 0.515817 -0.052114 -0.129394
v 0.502046 -0.079148 -0.127959
v 0.497724 -0.115915 -0.126060
v -0.432334 -0.146400 -0.090444
v -0.120889 -0.163779 -0.090444
v -0.129393 -0.251375 -0.090444
v -0.443990 -0.231383 -0.090444
v 0.507220 -0.044345 0.112382
v 0.510777 -0.052760 0.122370
v 0.539259 -0.031196 0.121891
v 0.535750 -0.022785 0.111918
v 0.569636 -0.018986 0.120935
v 0.566079 -0.010575 0.111440
v 0.239964 0.141125 0.094813
v 0.233259 0.022558 0.091015
v 0.209951 0.140810 0.095770
v 0.190062 0.136900 0.108584
v 0.261432 0.032197 0.090058
v 0.213370 0.018648 0.103844
v 0.299050 0.136594 0.092436
v 0.314980 0.055649 0.089116
v 0.373572 0.084923 0.087681
v 0.364752 0.129641 0.089595
v -0.399663 -0.073776 -0.089487
v -0.063156 -0.043482 -0.089487
v -0.099695 -0.116094 -0.089487
v -0.430085 -0.139732 -0.089487
v -0.355519 0.033625 -0.088530
v -0.040881 0.031445 -0.088530
v -0.046010 0.002528 -0.088530
v -0.361596 0.006935 -0.088530
v -0.069679 -0.051902 -0.088530
v -0.383421 -0.042883 -0.088530
v 0.205271 0.016171 -0.138889
v 0.182049 0.134431 -0.143644
v 0.372356 0.129675 -0.130336
v 0.199826 0.136939 -0.162633
v 0.381087 0.084851 -0.131293
v 0.223045 0.018682 -0.157415
v 0.292977 0.133721 -0.149340
v 0.233441 0.137627 -0.168808
v 0.308862 0.052721 -0.147442
v 0.254861 0.028695 -0.164532
v 0.234879 0.140160 -0.099460
v 0.230155 0.022027 -0.093763
v 0.206936 0.140288 -0.098518
v 0.191140 0.137244 -0.106592
v 0.256299 0.031228 -0.094706
v 0.214407 0.018988 -0.101838
v 0.294010 0.135502 -0.100417
v 0.309895 0.054548 -0.097083
v 0.375504 0.084995 -0.097083
v 0.366684 0.129714 -0.098518
v 0.220707 0.018665 0.142316
v 0.197395 0.136917 0.147056
v 0.358675 0.126798 0.122370
v 0.211976 0.139046 0.160363
v 0.367989 0.082033 0.122834
v 0.235285 0.020795 0.155609
v 0.298377 0.134223 0.141838
v 0.241766 0.139038 0.164161
v 0.314396 0.053243 0.139939
v 0.263186 0.030115 0.159885
v 0.344770 0.142281 0.083419
v 0.338470 0.099483 0.084840
v 0.333386 0.119424 0.084362
v 0.387655 0.149867 0.081984
v 0.409974 0.112123 0.082941
v 0.407049 0.132451 0.081984
v 0.360790 0.061743 0.085782
v 0.341395 0.079156 0.085318
v 0.403674 0.069325 0.084362
v 0.415062 0.092186 0.083419
v 0.498805 0.070541 0.119992
v 0.434501 0.019821 0.120935
v 0.398277 0.099968 0.098133
v 0.376541 0.071693 0.098133
v 0.532015 0.032010 0.130444
v 0.462087 -0.043958 0.130444
v 0.566079 -0.010575 0.111440
v 0.535750 -0.022785 0.111918
v 0.507220 -0.044345 0.112382
v 0.493494 -0.071422 0.111918
v 0.489175 -0.108210 0.110961
v 0.273716 0.030740 0.127110
v 0.354850 0.092292 0.099568
v 0.353007 0.005410 0.123312
v 0.385900 0.073350 0.097669
v 0.258102 -0.016418 0.138982
v 0.352241 -0.063381 0.133763
v 0.350576 -0.132711 0.114759
v 0.332575 -0.099872 0.116658
v 0.309401 -0.079318 0.118093
v 0.274616 -0.068953 0.119992
v 0.241674 -0.067933 0.120935
v 0.381626 0.130844 0.121413
v 0.542455 0.197930 0.136619
v 0.390130 0.085938 0.121891
v 0.565767 0.079678 0.131865
v 0.449034 0.160849 0.137083
v 0.528774 0.195053 0.150869
v 0.465012 0.079870 0.135184
v 0.552086 0.076805 0.146114
v 0.522745 0.076002 0.151811
v 0.501281 0.184925 0.156565
v 0.493494 0.185265 -0.107056
v 0.542816 0.076550 -0.103258
v 0.514914 0.076334 -0.102794
v 0.519549 0.194807 -0.108013
v 0.440080 0.160976 -0.105157
v 0.534985 0.197212 -0.117044
v 0.456010 0.080027 -0.101838
v 0.558252 0.078956 -0.112289
v 0.396519 0.088659 -0.097561
v 0.387699 0.133377 -0.099460
v 0.144431 0.120699 -0.142209
v 0.144476 0.126547 -0.126539
v 0.145464 0.124031 -0.126539
v 0.145464 0.118940 -0.140310
v 0.144342 0.121613 -0.127017
v 0.144431 0.106649 -0.148862
v 0.144342 0.117244 -0.138411
v 0.145464 0.106649 -0.146006
v 0.144342 0.106649 -0.143644
v 0.144342 0.096054 -0.138411
v 0.145464 0.094358 -0.140310
v 0.144342 0.091689 -0.127017
v 0.145464 0.089266 -0.126539
v 0.144431 0.092598 -0.142209
v 0.144476 0.086750 -0.126539
v 0.139165 0.120699 -0.142209
v 0.141822 0.127635 -0.126539
v 0.141822 0.121439 -0.143165
v 0.139165 0.126547 -0.126539
v 0.144431 0.120699 -0.142209
v 0.144476 0.126547 -0.126539
v 0.141822 0.096734 -0.137932
v 0.144342 0.096054 -0.138411
v 0.144342 0.091689 -0.127017
v 0.141822 0.092696 -0.127017
v 0.139254 0.091689 -0.127017
v 0.139254 0.096054 -0.138411
v 0.139254 0.117244 -0.138411
v 0.144342 0.117244 -0.138411
v 0.141822 0.116564 -0.137932
v 0.144342 0.106649 -0.143644
v 0.141822 0.106649 -0.142209
v 0.139254 0.106649 -0.143644
v 0.141822 0.096734 -0.137932
v 0.144342 0.096054 -0.138411
v 0.139254 0.096054 -0.138411
v 0.139165 0.120699 -0.142209
v 0.139165 0.126547 -0.126539
v 0.138131 0.124031 -0.126539
v 0.138131 0.118940 -0.140310
v 0.139254 0.121613 -0.127017
v 0.139164 0.106649 -0.148862
v 0.139254 0.117244 -0.138411
v 0.139254 0.106649 -0.143644
v 0.139254 0.091689 -0.127017
v 0.139164 0.092598 -0.142209
v 0.139164 0.086750 -0.126539
v 0.138131 0.089266 -0.126539
v 0.138131 0.094358 -0.140310
v 0.138131 0.106649 -0.146006
v 0.139254 0.096054 -0.138411
v 0.139254 0.121613 -0.127017
v 0.139254 0.117244 -0.138411
v 0.144342 0.121613 -0.127017
v 0.144342 0.117244 -0.138411
v 0.141822 0.116564 -0.137932
v 0.141822 0.120602 -0.127017
v 0.144431 0.092598 -0.142209
v 0.144476 0.086750 -0.126539
v 0.141822 0.085662 -0.126539
v 0.141822 0.091859 -0.143165
v 0.139164 0.092598 -0.142209
v 0.139164 0.086750 -0.126539
v 0.139165 0.120699 -0.142209
v 0.141822 0.121439 -0.143165
v 0.144431 0.120699 -0.142209
v 0.141822 0.106649 -0.150283
v 0.139164 0.106649 -0.148862
v 0.144431 0.106649 -0.148862
v 0.144431 0.092598 -0.142209
v 0.141822 0.091859 -0.143165
v 0.139164 0.092598 -0.142209
v 0.163242 0.126879 -0.114188
v 0.163242 0.086419 -0.114188
v 0.164502 0.128077 -0.104693
v 0.164502 0.085220 -0.104693
v 0.173905 0.106649 -0.104693
v 0.172106 0.106649 -0.114188
v 0.120402 0.126879 -0.114188
v 0.119094 0.128077 -0.104693
v 0.141822 0.136955 -0.104693
v 0.141822 0.135260 -0.114188
v 0.163242 0.126879 -0.114188
v 0.164502 0.128077 -0.104693
v 0.120402 0.126879 -0.114188
v 0.111489 0.106649 -0.114188
v 0.109735 0.106649 -0.104693
v 0.120402 0.086419 -0.114188
v 0.119094 0.128077 -0.104693
v 0.119094 0.085220 -0.104693
v 0.120402 0.086419 -0.114188
v 0.119094 0.085220 -0.104693
v 0.141822 0.076342 -0.104693
v 0.141822 0.078038 -0.114188
v 0.163242 0.086419 -0.114188
v 0.164502 0.085220 -0.104693
v 0.158514 0.090881 -0.127959
v 0.165401 0.106649 -0.127959
v 0.172106 0.106649 -0.113710
v 0.158514 0.122416 -0.127959
v 0.163242 0.086419 -0.113710
v 0.163242 0.126879 -0.113710
v 0.164502 0.128077 -0.104215
v 0.167022 0.130462 -0.078093
v 0.177462 0.106649 -0.078093
v 0.173905 0.106649 -0.104215
v 0.164502 0.085220 -0.104215
v 0.167022 0.082840 -0.078093
v 0.158514 0.122416 -0.127959
v 0.163242 0.126879 -0.113710
v 0.141822 0.135260 -0.113710
v 0.141822 0.128949 -0.127959
v 0.125126 0.122416 -0.127959
v 0.120402 0.126879 -0.113710
v 0.119094 0.128077 -0.104215
v 0.141822 0.140322 -0.078093
v 0.141822 0.136955 -0.104215
v 0.164502 0.128077 -0.104215
v 0.116574 0.130462 -0.078093
v 0.167022 0.130462 -0.078093
v 0.125126 0.090881 -0.127959
v 0.125126 0.122416 -0.127959
v 0.120402 0.086419 -0.113710
v 0.120402 0.126879 -0.113710
v 0.111489 0.106649 -0.113710
v 0.118194 0.106649 -0.127959
v 0.119094 0.128077 -0.104215
v 0.116574 0.130462 -0.078093
v 0.106137 0.106649 -0.078093
v 0.109735 0.106649 -0.104215
v 0.119094 0.085220 -0.104215
v 0.116574 0.082840 -0.078093
v 0.158514 0.090881 -0.127959
v 0.163242 0.086419 -0.113710
v 0.141822 0.078038 -0.113710
v 0.141822 0.084349 -0.127959
v 0.125126 0.090881 -0.127959
v 0.120402 0.086419 -0.113710
v 0.119094 0.085220 -0.104215
v 0.164502 0.085220 -0.104215
v 0.116574 0.082840 -0.078093
v 0.167022 0.082840 -0.078093
v 0.141822 0.072976 -0.078093
v 0.141822 0.076342 -0.104215
v 0.158514 0.090881 -0.127959
v 0.125126 0.122416 -0.127959
v 0.158514 0.122416 -0.127959
v 0.141822 0.128949 -0.127959
v 0.165401 0.106649 -0.127959
v 0.125126 0.090881 -0.127959
v 0.118194 0.106649 -0.127959
v 0.141822 0.084349 -0.127959
v 0.579579 0.289526 -0.074759
v 0.579579 0.289526 0.074867
v 0.579579 0.144053 -0.074759
v 0.579579 0.144053 0.074867
v -0.058116 0.273636 0.074867
v -0.058116 0.273636 -0.074759
v -0.069861 0.289526 -0.074759
v -0.069861 0.289526 0.074867
v -0.058116 0.235891 -0.074759
v -0.058116 0.235891 0.074867
v -0.046326 0.220001 0.074867
v -0.046326 0.220001 -0.074759
v -0.349851 0.289526 0.074867
v -0.069861 0.289526 0.074867
v -0.349851 0.289526 -0.074759
v -0.069861 0.289526 -0.074759
v 0.216745 0.289526 0.074867
v 0.579579 0.289526 -0.074759
v 0.216745 0.289526 -0.074759
v 0.579579 0.289526 0.074867
v -0.046326 0.220001 0.074867
v -0.046326 0.220001 -0.074759
v 0.193210 0.220001 0.074867
v 0.193210 0.220001 -0.074759
v 0.193210 0.220001 0.074867
v -0.385759 0.144053 0.074867
v 0.579579 0.144053 0.074867
v -0.046326 0.220001 0.074867
v 0.204955 0.235891 0.074867
v -0.058116 0.235891 0.074867
v 0.579579 0.289526 0.074867
v 0.216745 0.289526 0.074867
v 0.204955 0.273636 0.074867
v -0.349851 0.289526 0.074867
v -0.069861 0.289526 0.074867
v -0.058116 0.273636 0.074867
v -0.349851 0.289526 -0.074759
v -0.385759 0.144053 -0.074759
v -0.385759 0.144053 0.074867
v -0.349851 0.289526 0.074867
v 0.193210 0.220001 0.074867
v 0.193210 0.220001 -0.074759
v 0.204955 0.235891 0.074867
v 0.204955 0.235891 -0.074759
v 0.204955 0.273636 0.074867
v 0.204955 0.273636 -0.074759
v 0.216745 0.289526 0.074867
v 0.216745 0.289526 -0.074759
v 0.579579 0.144053 0.074867
v -0.385759 0.144053 0.074867
v 0.579579 0.144053 -0.074759
v -0.385759 0.144053 -0.074759
v 0.579579 0.289526 -0.074759
v 0.204955 0.235891 -0.074759
v 0.216745 0.289526 -0.074759
v 0.204955 0.273636 -0.074759
v 0.579579 0.144053 -0.074759
v 0.193210 0.220001 -0.074759
v -0.385759 0.144053 -0.074759
v -0.046326 0.220001 -0.074759
v -0.058116 0.235891 -0.074759
v -0.349851 0.289526 -0.074759
v -0.069861 0.289526 -0.074759
v -0.058116 0.273636 -0.074759
v 0.135206 0.157445 0.116658
v 0.138354 0.147207 0.105265
v 0.135834 0.153301 0.089116
v 0.187899 0.217582 0.090058
v 0.173861 0.219992 0.071533
v 0.501731 0.240877 -0.111332
v 0.497635 0.196222 -0.118943
v 0.490885 0.177152 -0.116087
v 0.496014 0.172052 -0.104693
v 0.508841 0.192830 -0.104215
v 0.491606 0.176408 -0.091864
v 0.501731 0.220260 -0.084269
v 0.499121 0.259024 0.099568
v 0.485845 0.202996 0.073432
v 0.503619 0.264715 0.068692
v 0.486882 0.208479 0.100988
v 0.488004 0.197195 0.086739
v 0.501325 0.223379 0.086261
v 0.516174 0.272973 0.082463
v -0.193608 0.223834 -0.119407
v -0.174351 0.213137 -0.104693
v -0.044163 0.280376 -0.070483
v -0.064639 0.279173 -0.047217
v -0.229746 0.141112 -0.115609
v -0.225561 0.133190 -0.104215
v -0.205490 0.171508 -0.104215
v -0.229835 0.138745 -0.092343
v -0.218180 0.170288 -0.089487
v -0.189289 0.214990 -0.086631
v 0.513702 0.224144 -0.098982
v 0.512126 0.259989 -0.068106
v 0.314709 0.223545 -0.104215
v 0.527919 0.275442 -0.076658
v 0.529495 0.282475 -0.054813
v 0.520047 0.284609 0.065358
v 0.572112 0.297589 0.006461
v 0.544842 0.298834 0.063937
v 0.534580 0.312149 0.057762
v 0.527964 0.291239 0.076287
v 0.512576 0.297151 0.088638
v -0.063468 0.270006 -0.060032
v 0.171969 0.170484 -0.121784
v 0.275337 0.185333 -0.104215
v 0.266740 0.188487 -0.090908
v 0.298734 0.223719 -0.085689
v 0.172779 0.169719 -0.085689
v 0.137410 0.115089 -0.103737
v 0.134485 0.118132 -0.115609
v 0.131337 0.119301 -0.089487
v 0.176381 0.281987 0.100988
v -0.267591 0.293602 -0.091864
v -0.063200 0.289611 -0.081413
v -0.042769 0.271324 -0.098040
v -0.122420 0.294516 -0.085211
v -0.119900 0.306964 -0.066207
v -0.266959 0.308158 -0.067164
v -0.261246 0.312017 -0.042463
v -0.120755 0.312102 -0.038665
v -0.065765 0.304457 -0.058611
v -0.044163 0.280376 -0.070483
v -0.064505 0.309076 0.025943
v -0.046099 0.291787 -0.053392
v -0.045921 0.296280 0.049209
v -0.044434 0.284762 0.066314
v -0.342246 0.291630 0.072011
v -0.346744 0.297771 0.053964
v -0.327665 0.309727 0.057283
v -0.344811 0.292093 -0.054813
v -0.323075 0.305060 -0.062409
v -0.334326 0.285846 -0.075238
v -0.316415 0.294193 -0.085689
v 0.525042 0.302455 -0.072860
v 0.549027 0.299841 -0.055755
v 0.567745 0.299803 -0.030112
v 0.553030 0.311303 -0.022516
v 0.572112 0.297589 0.006461
v 0.544842 0.298834 0.063937
v 0.534580 0.312149 0.057762
v 0.536561 0.311078 -0.054813
v 0.503262 0.311890 -0.056234
v 0.493137 0.314929 0.017391
v 0.483775 0.314997 0.064415
v 0.521441 0.308078 0.078665
v 0.478735 0.310500 0.081984
v 0.241001 0.304712 0.082463
v 0.475315 0.300988 0.091494
v 0.240280 0.296751 0.092436
v 0.243027 0.310891 0.058240
v 0.360385 0.311830 0.019290
v 0.197262 0.305430 0.055384
v 0.238347 0.306743 -0.028213
v 0.360251 0.306076 -0.034388
v 0.350710 0.298957 -0.065743
v 0.481392 0.300912 -0.078557
v 0.474866 0.284248 -0.094242
v 0.365651 0.288965 -0.086631
v 0.243071 0.294788 -0.079992
v 0.234790 0.276980 -0.100881
v 0.196314 0.299221 -0.053392
v 0.194470 0.288549 -0.081891
v 0.176291 0.277329 -0.096141
v 0.178451 0.279263 -0.071918
v 0.181692 0.292306 0.051586
v 0.180744 0.286033 -0.053392
v 0.156671 0.273852 -0.079992
v 0.074455 0.268527 -0.097083
v -0.027199 0.270231 -0.078557
v 0.174310 0.271387 0.060617
v 0.179350 0.289237 0.068692
v 0.194786 0.300275 0.078186
v 0.171835 0.289560 0.090058
v 0.157436 0.281400 0.072489
v 0.059064 0.264872 0.089116
v 0.056637 0.250188 0.101467
v 0.059829 0.265403 0.072011
v 0.008980 0.264859 0.071533
v 0.017711 0.251459 0.060139
v 0.007359 0.263329 0.089116
v -0.029404 0.272280 0.070591
v -0.046865 0.275319 0.088159
v -0.063245 0.294465 0.077244
v -0.064999 0.305617 0.060139
v -0.123186 0.311346 0.058718
v -0.135830 0.303398 0.081042
v -0.251616 0.286364 0.105743
v -0.280414 0.312778 0.059661
v -0.266870 0.306939 0.081984
v -0.322715 0.303857 0.078665
v 0.135206 0.157445 0.116658
v 0.114236 0.147708 0.120935
v 0.138354 0.147207 0.105265
v 0.115046 0.242304 0.109541
v 0.187899 0.217582 0.090058
v 0.173771 0.223044 0.107164
v 0.233801 0.241846 0.101931
v 0.213597 0.253452 0.109063
v 0.269981 0.248998 0.101467
v 0.209680 0.269394 0.108584
v 0.176381 0.281987 0.100988
v 0.240101 0.285786 0.100988
v 0.298827 0.268319 0.102409
v 0.359979 0.269989 0.100510
v 0.309762 0.257834 0.085782
v 0.407276 0.250511 0.087217
v 0.445659 0.180119 -0.091864
v 0.468294 0.174215 -0.089009
v 0.491606 0.176408 -0.091864
v 0.467621 0.219057 -0.079514
v 0.501731 0.220260 -0.084269
v 0.463704 0.282446 0.101931
v 0.422890 0.258629 0.102887
v 0.432160 0.223541 0.086739
v 0.467127 0.260439 0.105743
v 0.499121 0.259024 0.099568
v 0.467484 0.226486 0.107164
v 0.450565 0.203532 0.098133
v 0.467711 0.198670 0.100988
v 0.486882 0.208479 0.100988
v 0.516174 0.272973 0.082463
v -0.044163 0.280376 -0.070483
v -0.117380 0.273024 -0.045318
v -0.259131 0.271842 -0.049116
v -0.342246 0.291630 0.072011
v -0.320421 0.277040 -0.062409
v -0.334326 0.285846 -0.075238
v -0.315154 0.247434 -0.095662
v -0.305164 0.257078 -0.075716
v -0.297288 0.172923 -0.103737
v -0.294184 0.216014 -0.085689
v -0.277128 0.143156 -0.090908
v -0.252560 0.119216 -0.103737
v -0.229835 0.138745 -0.092343
v -0.218180 0.170288 -0.089487
v -0.189289 0.214990 -0.086631
v -0.252605 0.132863 -0.089009
v -0.252289 0.213056 -0.079992
v -0.255440 0.242037 -0.072860
v -0.262324 0.267023 -0.060032
v -0.142041 0.262734 -0.057190
v 0.512126 0.259989 -0.068106
v 0.418166 0.221968 -0.085211
v 0.448945 0.261918 -0.057190
v 0.359667 0.229478 -0.086631
v 0.336894 0.255084 -0.060510
v 0.482965 0.271102 -0.052436
v 0.529495 0.282475 -0.054813
v 0.544842 0.298834 0.063937
v 0.521441 0.308078 0.078665
v 0.527964 0.291239 0.076287
v 0.512576 0.297151 0.088638
v 0.478735 0.310500 0.081984
v 0.241001 0.304712 0.082463
v 0.475315 0.300988 0.091494
v 0.240280 0.296751 0.092436
v 0.178451 0.279263 -0.071918
v 0.193931 0.267456 -0.062409
v 0.176247 0.260133 -0.067164
v 0.242800 0.257928 -0.061931
v 0.156671 0.273852 -0.079992
v 0.037421 0.255798 -0.068584
v -0.027199 0.270231 -0.078557
v -0.047493 0.257609 -0.065743
v 0.078685 0.232066 -0.070483
v 0.176559 0.240949 -0.071440
v 0.006865 0.225313 -0.073339
v 0.119276 0.205601 -0.079036
v 0.053711 0.196575 -0.082834
v -0.049790 0.237987 -0.071918
v -0.063468 0.270006 -0.060032
v -0.116886 0.228615 -0.086168
v -0.046776 0.219992 -0.085211
v -0.015049 0.184165 -0.090444
v -0.001145 0.177696 -0.088067
v 0.012221 0.177020 -0.089966
v 0.187631 0.163582 -0.103737
v 0.266740 0.188487 -0.090908
v 0.298734 0.223719 -0.085689
v 0.172779 0.169719 -0.085689
v 0.137410 0.115089 -0.103737
v 0.251980 0.222474 -0.079992
v 0.295315 0.235262 -0.076194
v 0.171835 0.289560 0.090058
v 0.059064 0.264872 0.089116
v 0.056637 0.250188 0.101467
v 0.007359 0.263329 0.089116
v -0.046865 0.275319 0.088159
v -0.012258 0.244952 0.101931
v -0.139023 0.282892 0.098133
v 0.006144 0.220982 0.105265
v -0.063245 0.294465 0.077244
v -0.135830 0.303398 0.081042
v -0.251616 0.286364 0.105743
v -0.116391 0.240996 0.112860
v -0.266870 0.306939 0.081984
v -0.322715 0.303857 0.078665
v -0.307416 0.289501 0.094813
v -0.190326 0.264757 0.109541
v -0.256563 0.259075 0.119514
v -0.226639 0.256198 0.114759
v -0.217596 0.248697 0.101467
v -0.240949 0.242109 0.118093
v -0.276723 0.244357 0.119514
v -0.259444 0.240137 0.121413
v -0.238879 0.234791 0.108584
v -0.280235 0.234196 0.109062
v -0.306918 0.263631 0.094813
v -0.260480 0.228773 0.111440
v -0.194061 0.249109 0.094813
v -0.139878 0.184743 0.119992
v -0.148248 0.175061 0.108584
v -0.113689 0.173561 0.123790
v -0.116659 0.158826 0.111440
v -0.089255 0.173854 0.120935
v -0.049656 0.218377 0.109541
v -0.034715 0.200438 0.095770
v -0.084754 0.162039 0.110019
v 0.038231 0.209384 0.091494
v 0.057265 0.223758 0.106207
v 0.058030 0.201403 0.089595
v 0.072611 0.210413 0.104786
v 0.075087 0.162137 0.098133
v 0.094526 0.149264 0.116194
v 0.092682 0.140993 0.105265
v 0.116172 0.134452 0.108106
v 0.072879 0.183306 -0.087588
v 0.115362 0.137797 -0.082834
v 0.086605 0.136709 -0.088067
v 0.095652 0.118132 -0.091864
v 0.131337 0.119301 -0.089487
v 0.115046 0.114065 -0.089487
v 0.419920 0.251009 0.068692
v 0.407276 0.250511 0.087217
v 0.436255 0.201670 -0.118943
v 0.404484 0.222006 -0.104215
v 0.444626 0.181797 -0.116087
v 0.439720 0.177509 -0.105636
v 0.445659 0.180119 -0.091864
v 0.422890 0.258629 0.102887
v 0.432160 0.223541 0.086739
v 0.450565 0.203532 0.098133
v 0.447461 0.198190 0.086739
v 0.453040 0.202609 0.072968
v -0.299269 0.263495 0.077244
v -0.320421 0.277040 -0.062409
v -0.334326 0.285846 -0.075238
v -0.315154 0.247434 -0.095662
v -0.285141 0.175626 -0.118464
v -0.305164 0.257078 -0.075716
v -0.297288 0.172923 -0.103737
v -0.275418 0.141265 -0.115609
v -0.294184 0.216014 -0.085689
v -0.279696 0.133505 -0.103737
v -0.277128 0.143156 -0.090908
v 0.418166 0.221968 -0.085211
v 0.178451 0.279263 -0.071918
v 0.181692 0.292306 0.051586
v 0.180744 0.286033 -0.053392
v 0.195775 0.272012 -0.048159
v 0.193931 0.267456 -0.062409
v -0.046776 0.219992 -0.085211
v -0.015049 0.184165 -0.090444
v -0.031385 0.200553 -0.104215
v -0.018201 0.181440 -0.104215
v -0.015365 0.184700 -0.115609
v -0.022475 0.201284 -0.118943
v -0.045965 0.230120 -0.118943
v 0.059064 0.180612 -0.103737
v 0.086155 0.137695 -0.119407
v -0.190326 0.264757 0.109541
v -0.276723 0.244357 0.119514
v -0.280235 0.234196 0.109062
v -0.306918 0.263631 0.094813
v -0.276411 0.232368 0.095291
v -0.194061 0.249109 0.094813
v -0.191991 0.248199 0.075809
v -0.139878 0.184743 0.119992
v -0.148248 0.175061 0.108584
v -0.142491 0.177216 0.094335
v 0.075087 0.162137 0.098133
v 0.094526 0.149264 0.116194
v 0.092682 0.140993 0.105265
v 0.093400 0.146488 0.090058
v 0.072879 0.183306 -0.087588
v 0.086605 0.136709 -0.088067
v 0.075221 0.137483 -0.103737
v 0.095652 0.118132 -0.091864
v 0.092545 0.114065 -0.103737
v 0.095652 0.118132 -0.115609
v 0.114236 0.147708 0.120935
v 0.138354 0.147207 0.105265
v 0.135834 0.153301 0.089116
v 0.187899 0.217582 0.090058
v 0.173861 0.219992 0.071533
v 0.173771 0.223044 0.107164
v 0.233757 0.239287 0.071533
v 0.257697 0.258905 0.064894
v 0.233801 0.241846 0.101931
v 0.235422 0.236380 0.086739
v 0.269981 0.248998 0.101467
v 0.298827 0.268319 0.102409
v 0.274839 0.243690 0.086739
v 0.359979 0.269989 0.100510
v 0.269260 0.245178 0.072968
v 0.309762 0.257834 0.085782
v 0.298782 0.257396 0.069170
v 0.412405 0.265255 0.060617
v 0.360024 0.258977 0.070591
v 0.419920 0.251009 0.068692
v 0.360295 0.260711 0.087217
v 0.407276 0.250511 0.087217
v 0.359801 0.241195 -0.116087
v 0.404484 0.222006 -0.104215
v 0.444626 0.181797 -0.116087
v 0.467755 0.175890 -0.118464
v 0.439720 0.177509 -0.105636
v 0.467845 0.167258 -0.104215
v 0.490885 0.177152 -0.116087
v 0.359890 0.230511 -0.104215
v 0.445659 0.180119 -0.091864
v 0.496014 0.172052 -0.104693
v 0.468294 0.174215 -0.089009
v 0.491606 0.176408 -0.091864
v 0.422890 0.258629 0.102887
v 0.450565 0.203532 0.098133
v 0.447461 0.198190 0.086739
v 0.453040 0.202609 0.072968
v 0.467711 0.188317 0.086261
v 0.467711 0.198670 0.100988
v 0.467350 0.197875 0.070591
v 0.485845 0.202996 0.073432
v 0.486882 0.208479 0.100988
v 0.488004 0.197195 0.086739
v -0.116209 0.239716 -0.116565
v -0.174351 0.213137 -0.104693
v -0.044163 0.280376 -0.070483
v -0.046099 0.291787 -0.053392
v -0.064639 0.279173 -0.047217
v -0.045921 0.296280 0.049209
v -0.065044 0.282352 0.044933
v -0.063921 0.275144 0.055863
v -0.044434 0.284762 0.066314
v -0.119495 0.271889 0.053007
v -0.123319 0.274622 0.043991
v -0.117380 0.273024 -0.045318
v -0.191270 0.273436 0.045890
v -0.250534 0.271081 -0.004469
v -0.264260 0.275004 0.056819
v -0.259131 0.271842 -0.049116
v -0.326134 0.279407 -0.012543
v -0.326450 0.283066 0.058718
v -0.299269 0.263495 0.077244
v -0.342246 0.291630 0.072011
v -0.346744 0.297771 0.053964
v -0.344811 0.292093 -0.054813
v -0.320421 0.277040 -0.062409
v -0.334326 0.285846 -0.075238
v -0.275418 0.141265 -0.115609
v -0.279696 0.133505 -0.103737
v -0.252560 0.134469 -0.118464
v -0.277128 0.143156 -0.090908
v -0.252560 0.119216 -0.103737
v -0.229746 0.141112 -0.115609
v -0.225561 0.133190 -0.104215
v -0.229835 0.138745 -0.092343
v -0.189289 0.214990 -0.086631
v -0.262324 0.267023 -0.060032
v -0.142041 0.262734 -0.057190
v 0.418166 0.221968 -0.085211
v 0.448945 0.261918 -0.057190
v 0.359667 0.229478 -0.086631
v 0.336894 0.255084 -0.060510
v 0.482965 0.271102 -0.052436
v 0.314709 0.223545 -0.104215
v 0.527919 0.275442 -0.076658
v 0.529495 0.282475 -0.054813
v 0.549027 0.299841 -0.055755
v 0.549926 0.284329 -0.028692
v 0.403135 0.265059 -0.041984
v 0.502136 0.274575 0.007418
v 0.567745 0.299803 -0.030112
v 0.555011 0.283092 0.006939
v 0.520047 0.284609 0.065358
v 0.572112 0.297589 0.006461
v 0.544842 0.298834 0.063937
v 0.527964 0.291239 0.076287
v 0.181692 0.292306 0.051586
v 0.195775 0.272012 -0.048159
v 0.193931 0.267456 -0.062409
v 0.242800 0.257928 -0.061931
v 0.196407 0.279033 0.059182
v 0.053711 0.196575 -0.082834
v -0.063468 0.270006 -0.060032
v -0.116886 0.228615 -0.086168
v -0.046776 0.219992 -0.085211
v -0.015049 0.184165 -0.090444
v -0.001145 0.177696 -0.088067
v -0.031385 0.200553 -0.104215
v 0.012221 0.177020 -0.089966
v -0.002854 0.173272 -0.103737
v -0.018201 0.181440 -0.104215
v -0.015365 0.184700 -0.115609
v -0.059465 0.221926 -0.104215
v -0.116299 0.229125 -0.104215
v -0.045965 0.230120 -0.118943
v 0.002814 0.176986 -0.117044
v 0.025226 0.185907 -0.118943
v 0.014875 0.174462 -0.103737
v 0.048805 0.187038 -0.103258
v 0.053801 0.202695 -0.120842
v 0.059064 0.180612 -0.103737
v 0.263952 0.190790 -0.118464
v 0.171969 0.170484 -0.121784
v 0.275337 0.185333 -0.104215
v 0.187631 0.163582 -0.103737
v 0.266740 0.188487 -0.090908
v 0.298734 0.223719 -0.085689
v 0.172779 0.169719 -0.085689
v 0.137410 0.115089 -0.103737
v 0.134485 0.118132 -0.115609
v 0.115046 0.114065 -0.118464
v 0.315162 0.262552 -0.041042
v 0.241001 0.264464 -0.043883
v 0.239065 0.273971 0.056819
v 0.316017 0.273487 0.055863
v 0.468476 0.277099 0.057283
v 0.179350 0.289237 0.068692
v -0.190326 0.264757 0.109541
v -0.226639 0.256198 0.114759
v -0.217596 0.248697 0.101467
v -0.240949 0.242109 0.118093
v -0.259444 0.240137 0.121413
v -0.238879 0.234791 0.108584
v -0.280235 0.234196 0.109062
v -0.306918 0.263631 0.094813
v -0.260480 0.228773 0.111440
v -0.276411 0.232368 0.095291
v -0.241265 0.232912 0.096712
v -0.260343 0.229236 0.093856
v -0.254719 0.256164 0.073910
v -0.227315 0.243363 0.087681
v -0.194061 0.249109 0.094813
v -0.191991 0.248199 0.075809
v -0.148248 0.175061 0.108584
v -0.142491 0.177216 0.094335
v -0.116659 0.158826 0.111440
v -0.118685 0.166935 0.093392
v -0.034715 0.200438 0.095770
v -0.084754 0.162039 0.110019
v -0.090965 0.166876 0.094335
v -0.046865 0.209788 0.075331
v 0.038231 0.209384 0.091494
v 0.058030 0.201403 0.089595
v 0.057715 0.216261 0.071533
v 0.073511 0.205614 0.072968
v 0.094526 0.149264 0.116194
v 0.092682 0.140993 0.105265
v 0.093400 0.146488 0.090058
v 0.116485 0.141775 0.091494
v 0.116172 0.134452 0.108106
v 0.072879 0.183306 -0.087588
v 0.095652 0.118132 -0.091864
v 0.131337 0.119301 -0.089487
v 0.115046 0.114065 -0.089487
v 0.092545 0.114065 -0.103737
v 0.095652 0.118132 -0.115609
v 0.115046 0.105527 -0.103737
v 0.135834 0.153301 0.089116
v 0.173861 0.219992 0.071533
v 0.233757 0.239287 0.071533
v 0.257697 0.258905 0.064894
v 0.269260 0.245178 0.072968
v 0.298782 0.257396 0.069170
v 0.412405 0.265255 0.060617
v 0.360024 0.258977 0.070591
v 0.419920 0.251009 0.068692
v 0.462087 0.258072 -0.111811
v 0.501731 0.240877 -0.111332
v 0.467484 0.231327 -0.120842
v 0.418210 0.232942 -0.118464
v 0.436255 0.201670 -0.118943
v 0.497635 0.196222 -0.118943
v 0.359801 0.241195 -0.116087
v 0.467532 0.199388 -0.124161
v 0.404484 0.222006 -0.104215
v 0.444626 0.181797 -0.116087
v 0.467755 0.175890 -0.118464
v 0.439720 0.177509 -0.105636
v 0.490885 0.177152 -0.116087
v 0.359890 0.230511 -0.104215
v 0.453040 0.202609 0.072968
v 0.467621 0.249007 0.064415
v 0.467350 0.197875 0.070591
v 0.485845 0.202996 0.073432
v 0.503619 0.264715 0.068692
v -0.077105 0.258697 -0.111332
v -0.248553 0.257775 -0.114188
v -0.267591 0.293602 -0.091864
v -0.116209 0.239716 -0.116565
v -0.193608 0.223834 -0.119407
v -0.174351 0.213137 -0.104693
v -0.063200 0.289611 -0.081413
v -0.042769 0.271324 -0.098040
v -0.122420 0.294516 -0.085211
v -0.063921 0.275144 0.055863
v -0.044434 0.284762 0.066314
v -0.048080 0.260057 0.057762
v -0.119495 0.271889 0.053007
v -0.264260 0.275004 0.056819
v -0.299269 0.263495 0.077244
v -0.334326 0.285846 -0.075238
v -0.316415 0.294193 -0.085689
v -0.315154 0.247434 -0.095662
v -0.299719 0.250256 -0.110390
v -0.251571 0.225207 -0.121784
v -0.285141 0.175626 -0.118464
v -0.252244 0.175648 -0.124161
v -0.275418 0.141265 -0.115609
v -0.279696 0.133505 -0.103737
v -0.252560 0.134469 -0.118464
v -0.252560 0.119216 -0.103737
v -0.229746 0.141112 -0.115609
v -0.225561 0.133190 -0.104215
v -0.205490 0.171508 -0.104215
v 0.314709 0.223545 -0.104215
v 0.527919 0.275442 -0.076658
v 0.525042 0.302455 -0.072860
v 0.549027 0.299841 -0.055755
v 0.520047 0.284609 0.065358
v 0.536561 0.311078 -0.054813
v 0.481392 0.300912 -0.078557
v 0.474866 0.284248 -0.094242
v 0.365651 0.288965 -0.086631
v 0.234790 0.276980 -0.100881
v 0.227591 0.259283 -0.113710
v 0.176291 0.277329 -0.096141
v 0.298871 0.234667 -0.118943
v 0.055239 0.245080 -0.112289
v 0.196407 0.279033 0.059182
v 0.074455 0.268527 -0.097083
v -0.031385 0.200553 -0.104215
v -0.015365 0.184700 -0.115609
v -0.059465 0.221926 -0.104215
v -0.022475 0.201284 -0.118943
v -0.045965 0.230120 -0.118943
v 0.001647 0.194339 -0.124161
v 0.002814 0.176986 -0.117044
v 0.004977 0.218645 -0.122262
v 0.025226 0.185907 -0.118943
v 0.048805 0.187038 -0.103258
v 0.053801 0.202695 -0.120842
v 0.059064 0.180612 -0.103737
v 0.115585 0.219707 -0.122741
v 0.072835 0.185920 -0.119885
v 0.222012 0.232559 -0.123683
v 0.122246 0.193536 -0.126539
v 0.235106 0.206656 -0.125118
v 0.263952 0.190790 -0.118464
v 0.171969 0.170484 -0.121784
v 0.275337 0.185333 -0.104215
v 0.086155 0.137695 -0.119407
v 0.111221 0.135396 -0.123683
v 0.187631 0.163582 -0.103737
v 0.137410 0.115089 -0.103737
v 0.134485 0.118132 -0.115609
v 0.115046 0.114065 -0.118464
v 0.239065 0.273971 0.056819
v 0.316017 0.273487 0.055863
v 0.468476 0.277099 0.057283
v 0.174310 0.271387 0.060617
v 0.179350 0.289237 0.068692
v 0.157436 0.281400 0.072489
v 0.059829 0.265403 0.072011
v 0.008980 0.264859 0.071533
v 0.017711 0.251459 0.060139
v -0.029404 0.272280 0.070591
v 0.020725 0.232419 0.061081
v -0.276411 0.232368 0.095291
v -0.260343 0.229236 0.093856
v -0.254719 0.256164 0.073910
v -0.227315 0.243363 0.087681
v -0.191991 0.248199 0.075809
v -0.142491 0.177216 0.094335
v -0.118685 0.166935 0.093392
v -0.090965 0.166876 0.094335
v -0.046865 0.209788 0.075331
v -0.116165 0.242300 0.063937
v -0.138350 0.265114 0.055863
v 0.058030 0.201403 0.089595
v 0.057715 0.216261 0.071533
v 0.073511 0.205614 0.072968
v 0.119410 0.240928 0.063937
v 0.193931 0.265395 0.060617
v 0.075087 0.162137 0.098133
v 0.119454 0.221305 0.066314
v 0.093400 0.146488 0.090058
v 0.115091 0.177530 0.073910
v 0.116485 0.141775 0.091494
v 0.095652 0.118132 -0.115609
v 0.546057 0.330025 0.003141
v 0.561355 0.281209 -0.026314
v 0.546057 0.330025 -0.003034
v 0.561355 0.281209 0.026407
v 0.215396 0.181194 -0.064786
v 0.215396 0.278136 -0.045318
v 0.215396 0.181194 0.064894
v 0.215396 0.263555 -0.064786
v 0.215396 0.278136 0.045411
v 0.215396 0.263555 0.064894
v -0.182989 0.312974 0.021667
v -0.182989 0.312974 0.053964
v -0.182989 0.280040 0.021667
v -0.182989 0.280040 0.053964
v -0.182989 0.280040 -0.021560
v -0.196581 0.333624 0.021667
v -0.196581 0.333624 0.053964
v -0.182989 0.312974 -0.021560
v -0.182989 0.280040 -0.053856
v -0.182989 0.312974 -0.053856
v -0.196581 0.333624 -0.053856
v -0.196581 0.333624 -0.021560
v 0.215396 0.263555 -0.064786
v -0.071210 0.263555 -0.064786
v -0.071210 0.278136 -0.045318
v 0.215396 0.278136 -0.045318
v -0.071210 0.263555 0.064894
v 0.215396 0.278136 0.045411
v -0.071210 0.278136 0.045411
v 0.215396 0.263555 0.064894
v 0.546057 0.330025 -0.003034
v 0.493721 0.330025 -0.003034
v 0.493721 0.330025 0.003141
v 0.546057 0.330025 0.003141
v -0.316370 0.347390 0.053964
v -0.196581 0.333624 0.021667
v -0.316370 0.347390 0.021667
v -0.196581 0.333624 0.053964
v -0.316370 0.347390 -0.021560
v -0.196581 0.333624 -0.053856
v -0.316370 0.347390 -0.053856
v -0.196581 0.333624 -0.021560
v -0.182989 0.312974 -0.021560
v -0.329959 0.312974 -0.021560
v -0.329959 0.312974 0.021667
v -0.182989 0.312974 0.021667
v -0.071210 0.278136 0.045411
v 0.215396 0.278136 -0.045318
v -0.071210 0.278136 -0.045318
v 0.215396 0.278136 0.045411
v 0.493721 0.330025 -0.003034
v 0.402280 0.281209 -0.026314
v 0.402280 0.281209 0.026407
v 0.493721 0.330025 0.003141
v -0.182989 0.312974 0.053964
v -0.329959 0.312974 0.053964
v -0.182989 0.280040 0.053964
v -0.329959 0.280040 0.053964
v -0.196581 0.333624 0.053964
v -0.316370 0.347390 0.053964
v -0.071210 0.263555 0.064894
v 0.215396 0.263555 0.064894
v 0.215396 0.181194 0.064894
v -0.071210 0.181194 0.064894
v 0.402280 0.281209 0.026407
v 0.561355 0.281209 0.026407
v 0.493721 0.330025 0.003141
v 0.546057 0.330025 0.003141
v -0.329959 0.312974 -0.021560
v -0.182989 0.312974 -0.021560
v -0.196581 0.333624 -0.021560
v -0.316370 0.347390 -0.021560
v -0.329959 0.312974 -0.053856
v -0.329959 0.280040 -0.053856
v -0.329959 0.280040 -0.021560
v -0.329959 0.312974 -0.021560
v -0.329959 0.280040 0.021667
v -0.316370 0.347390 -0.021560
v -0.316370 0.347390 -0.053856
v -0.329959 0.312974 0.021667
v -0.329959 0.280040 0.053964
v -0.329959 0.312974 0.053964
v -0.316370 0.347390 0.053964
v -0.316370 0.347390 0.021667
v -0.071210 0.181194 -0.064786
v -0.071210 0.181194 0.064894
v -0.071210 0.278136 -0.045318
v -0.071210 0.263555 -0.064786
v -0.071210 0.278136 0.045411
v -0.071210 0.263555 0.064894
v 0.402280 0.281209 -0.026314
v 0.561355 0.281209 -0.026314
v 0.561355 0.281209 0.026407
v 0.402280 0.281209 0.026407
v -0.182989 0.312974 -0.053856
v -0.329959 0.280040 -0.053856
v -0.329959 0.312974 -0.053856
v -0.182989 0.280040 -0.053856
v -0.196581 0.333624 -0.053856
v -0.316370 0.347390 -0.053856
v 0.215396 0.263555 -0.064786
v -0.071210 0.181194 -0.064786
v -0.071210 0.263555 -0.064786
v 0.215396 0.181194 -0.064786
v 0.561355 0.281209 -0.026314
v 0.493721 0.330025 -0.003034
v 0.546057 0.330025 -0.003034
v 0.402280 0.281209 -0.026314
v -0.329959 0.312974 0.021667
v -0.196581 0.333624 0.021667
v -0.182989 0.312974 0.021667
v -0.316370 0.347390 0.021667
vn 1.0000 -0.0000 -0.0000
vn 1.0000 -0.0000 0.0001
vn 1.0000 -0.0000 -0.0001
vn 0.6153 0.7883 -0.0000
vn 0.5809 -0.0001 -0.8140
vn 0.5998 0.5850 -0.5459
vn 0.6153 -0.7883 0.0001
vn 0.5998 -0.5850 -0.5458
vn 0.5810 0.0001 0.8139
vn 0.5998 0.5851 0.5458
vn 0.5999 -0.5850 0.5459
vn 0.9141 0.4054 0.0074
vn 0.9152 0.3975 0.0667
vn 0.9141 0.4053 0.0074
vn 0.9129 0.4048 -0.0517
vn 0.9129 0.4048 -0.0518
vn -0.0000 0.7303 -0.6831
vn 0.6154 0.7882 -0.0000
vn 0.5999 0.5850 -0.5459
vn -0.0000 1.0000 -0.0000
vn 0.5999 0.5850 0.5459
vn -0.0000 0.7303 0.6831
vn -0.3678 0.9299 0.0071
vn -0.3606 0.9305 0.0640
vn -0.3609 0.9313 -0.0499
vn -0.3608 0.9313 -0.0499
vn -0.0000 1.0000 -0.0001
vn 0.5999 0.5850 0.5458
vn -0.0000 0.7303 0.6832
vn 0.5810 -0.0000 0.8139
vn -0.0000 -0.0000 1.0000
vn -0.0000 -0.7303 0.6832
vn 0.5999 -0.5850 0.5458
vn -0.0000 0.0002 1.0000
vn -0.0000 0.0001 1.0000
vn -0.0000 -0.0002 1.0000
vn -0.0000 -0.0001 1.0000
vn -0.0000 -0.7303 0.6831
vn -0.0001 -0.7303 0.6832
vn -0.9141 -0.4054 0.0074
vn -0.9152 -0.3975 0.0667
vn -0.9141 -0.4053 0.0074
vn -0.9129 -0.4048 -0.0517
vn -0.0000 -1.0000 -0.0000
vn -0.0000 -0.7303 -0.6831
vn 0.5999 -0.5850 -0.5459
vn 0.6154 -0.7883 -0.0000
vn 0.3678 -0.9299 0.0071
vn 0.3606 -0.9305 0.0640
vn 0.3605 -0.9305 0.0641
vn 0.3674 -0.9287 -0.0497
vn 0.3673 -0.9288 -0.0497
vn -0.0000 -1.0000 -0.0001
vn -0.0001 -0.7303 -0.6831
vn 0.5810 -0.0000 -0.8139
vn -0.0000 -0.0000 -1.0000
vn 0.5999 0.5850 -0.5458
vn -0.0000 0.7303 -0.6832
vn -0.0000 -0.7303 -0.6832
vn 0.5999 -0.5850 -0.5458
vn -0.0000 -0.0002 -1.0000
vn -0.0000 0.0002 -1.0000
vn -0.0000 0.0001 -1.0000
vn -0.0000 -0.0001 -1.0000
vn 0.9152 -0.3975 0.0667
vn 0.9141 -0.4053 0.0074
vn 0.9141 -0.4054 0.0074
vn 0.9160 -0.3978 -0.0519
vn 0.9160 -0.3979 -0.0519
vn 0.3606 0.9305 0.0640
vn 0.3678 0.9299 0.0071
vn 0.3605 0.9305 0.0641
vn 0.3673 0.9288 -0.0497
vn -0.9152 0.3975 0.0667
vn -0.9141 0.4054 0.0074
vn -0.9141 0.4053 0.0074
vn -0.9129 0.4048 -0.0518
vn -0.9129 0.4048 -0.0517
vn -0.3606 -0.9305 0.0640
vn -0.3678 -0.9299 0.0071
vn -0.3608 -0.9313 -0.0498
vn -0.3608 -0.9313 -0.0499
vn -0.0000 -0.0004 -1.0000
vn 0.9941 -0.1088 -0.0000
vn 0.9682 -0.2500 -0.0000
vn 0.9683 -0.2500 -0.0000
vn 0.9066 -0.4220 -0.0000
vn 0.9591 -0.2830 -0.0000
vn 0.9983 -0.0583 -0.0000
vn 0.9988 0.0500 -0.0000
vn -0.0000 0.0003 1.0000
vn -0.0000 0.0004 1.0000
vn -0.9845 -0.1752 -0.0000
vn -0.9899 -0.1414 -0.0000
vn -0.8698 -0.4934 -0.0000
vn -0.9066 -0.4220 -0.0000
vn -0.9941 0.1086 -0.0000
vn -0.9489 0.3155 -0.0000
vn -0.9034 0.4287 -0.0000
vn -0.9034 0.4288 -0.0000
vn -0.9619 0.2733 -0.0000
vn -0.9910 0.1336 -0.0000
vn 0.5755 -0.8178 -0.0000
vn -0.0815 -0.9967 -0.0000
vn -0.0001 -1.0000 -0.0000
vn -0.0004 -1.0000 -0.0000
vn -0.0000 0.0003 -1.0000
vn -0.0000 -0.0003 -1.0000
vn 0.9815 0.1912 0.0074
vn 0.8167 0.1865 0.5461
vn 0.8601 0.1855 0.4752
vn 0.9814 0.1912 0.0149
vn 0.8670 0.1516 -0.4747
vn 0.8921 0.1602 -0.4225
vn 0.8319 0.1863 -0.5228
vn 0.7790 0.1786 -0.6010
vn 0.9806 0.1910 -0.0446
vn 0.9798 0.1909 -0.0594
vn 0.8921 0.1602 0.4225
vn 0.9115 0.1679 0.3754
vn 0.6515 -0.4711 0.5946
vn 0.8484 -0.2518 0.4657
vn 0.8882 -0.1847 0.4207
vn 0.9306 -0.0926 0.3541
vn 0.9306 -0.0926 0.3542
vn 0.6443 -0.4800 0.5953
vn 0.8234 -0.2540 -0.5074
vn 0.6184 -0.4785 -0.6234
vn 0.6135 -0.4808 -0.6265
vn 0.8617 -0.1943 -0.4687
vn 0.9098 -0.0921 -0.4047
vn 0.9128 0.1765 0.3684
vn 0.9008 0.1924 -0.3892
vn 0.8517 0.1854 -0.4901
vn 0.9292 0.1834 0.3208
vn 0.9221 0.1919 0.3360
vn 0.8908 0.1685 -0.4219
vn 0.8822 0.1935 0.4292
vn 0.9128 0.1765 -0.3684
vn 0.9107 0.4120 -0.0295
vn 0.9240 0.3813 -0.0297
vn 0.9811 0.1911 -0.0297
vn 0.9811 0.1912 -0.0297
vn 0.9981 -0.0582 -0.0223
vn 0.9963 -0.0831 -0.0223
vn 0.6826 -0.7308 -0.0073
vn 0.6662 -0.7458 -0.0000
vn 0.7949 0.1275 -0.5932
vn 0.9806 0.1909 -0.0446
vn 0.8401 0.1440 -0.5230
vn 0.8822 0.1936 0.4292
vn 0.9061 0.1934 0.3764
vn 0.8251 0.1442 0.5463
vn 0.8671 0.1513 0.4747
vn 0.9815 0.1912 -0.0000
vn 0.8546 0.1875 -0.4843
vn 0.8822 0.1936 -0.4292
vn 0.9182 0.3954 -0.0221
vn 0.9139 0.4052 -0.0222
vn 0.9973 -0.0665 -0.0298
vn 0.9961 -0.0831 -0.0297
vn 0.6620 -0.7492 -0.0216
vn 0.6823 -0.7305 -0.0290
vn 0.9997 -0.0167 -0.0149
vn 0.9994 -0.0167 -0.0298
vn 0.9849 -0.1252 -0.1194
vn 0.9571 -0.2160 -0.1932
vn 0.9985 -0.0167 -0.0522
vn 0.9391 0.2984 0.1705
vn 0.9993 -0.0083 -0.0373
vn 0.9997 -0.0084 -0.0224
vn 0.9909 -0.1166 0.0671
vn 0.9650 -0.2160 0.1487
vn 0.9997 -0.0250 0.0075
vn 0.9346 0.2828 -0.2158
vn 0.9139 0.1851 -0.3613
vn 0.9007 0.1589 0.4042
vn 0.9263 0.1529 0.3443
vn 0.8595 0.1685 -0.4825
vn 0.5658 0.7772 -0.2752
vn 0.7958 0.6054 0.0146
vn 0.6722 0.7198 -0.1737
vn 0.8043 0.5896 0.0733
vn 0.8106 0.5722 0.1244
vn 0.8106 0.5722 0.1243
vn 0.8750 0.1516 -0.4597
vn 0.9281 0.1848 0.3231
vn 0.9062 0.1599 -0.3916
vn 0.8867 0.1761 0.4275
vn 0.7942 0.6041 -0.0657
vn 0.5717 0.7829 0.2455
vn 0.6895 0.7137 0.1234
vn 0.7982 0.5908 -0.1175
vn 0.8017 0.5714 -0.1753
vn 0.8921 -0.4517 -0.0000
vn 0.9846 -0.1750 -0.0000
vn 0.9591 -0.2831 -0.0000
vn 0.9171 -0.3988 -0.0000
vn 0.9172 -0.3984 -0.0000
vn 0.9950 -0.1003 -0.0000
vn -0.1711 0.9846 -0.0352
vn -0.1043 0.9941 -0.0282
vn -0.0741 0.9969 -0.0281
vn 0.0371 0.9989 -0.0281
vn -0.1711 0.9846 -0.0353
vn 0.0745 0.9942 -0.0777
vn -0.0671 0.9941 -0.0847
vn -0.1271 0.9898 -0.0638
vn -0.0747 0.9960 -0.0495
vn -0.1494 0.9888 0.0071
vn -0.1263 0.9911 -0.0422
vn -0.0746 0.9952 0.0636
vn 0.0223 0.9997 -0.0141
vn 0.0448 0.9954 0.0848
vn 0.0523 0.9966 0.0637
vn -0.1711 0.9846 0.0352
vn -0.0668 0.9975 0.0211
vn -0.1117 0.9933 0.0282
vn 0.0372 0.9991 0.0212
vn 0.0372 0.9991 0.0211
vn 0.1041 0.9921 0.0704
vn 0.0968 0.9933 0.0635
vn -0.0299 0.9959 0.0849
vn -0.1711 0.9846 0.0353
vn -0.1115 0.9917 0.0634
vn -0.0747 0.9963 0.0425
vn -0.1337 0.9908 -0.0211
vn -0.1190 0.9923 0.0352
vn -0.0671 0.9947 -0.0777
vn 0.0149 0.9999 0.0070
vn 0.0595 0.9918 -0.1127
vn 0.0223 0.9998 -0.0000
vn 0.0597 0.9946 -0.0848
vn -0.2684 0.9629 0.0283
vn -0.2455 0.9690 0.0282
vn -0.3833 0.9232 0.0285
vn -0.3741 0.9269 0.0284
vn -0.4136 0.9077 0.0712
vn -0.4134 0.9072 0.0783
vn -0.2702 0.9615 0.0498
vn -0.2833 0.9553 0.0848
vn -0.2243 0.9736 0.0425
vn -0.2240 0.9725 0.0637
vn -0.3678 0.9298 0.0142
vn -0.2014 0.9794 -0.0142
vn -0.2769 0.9588 -0.0638
vn -0.3821 0.9202 -0.0852
vn -0.3891 0.9190 -0.0638
vn -0.2753 0.9611 -0.0211
vn -0.2386 0.9709 -0.0212
vn -0.3742 0.9271 -0.0213
vn -0.4351 0.8976 -0.0711
vn -0.2682 0.9624 -0.0424
vn -0.3151 0.9452 -0.0853
vn -0.2243 0.9739 -0.0354
vn -0.2399 0.9682 -0.0710
vn -0.3586 0.9335 -0.0071
vn -0.2085 0.9776 0.0282
vn -0.3678 0.9299 -0.0000
vn -0.3902 0.9137 0.1137
vn -0.3976 0.9136 0.0853
vn -0.1712 0.9851 -0.0141
vn -0.6826 0.7308 0.0073
vn -0.6661 0.7458 -0.0000
vn 0.3002 0.9536 -0.0213
vn 0.3296 0.9439 -0.0213
vn 0.9107 0.4121 -0.0295
vn 0.9239 0.3814 -0.0297
vn 0.3003 0.9539 -0.0000
vn 0.9139 0.4053 -0.0222
vn 0.9182 0.3955 -0.0221
vn 0.3363 0.9417 -0.0000
vn -0.1712 0.9851 0.0141
vn -0.6577 0.7530 0.0217
vn -0.6823 0.7305 0.0290
vn 0.9391 0.2983 0.1705
vn -0.0850 0.8265 0.5565
vn 0.9985 -0.0166 -0.0521
vn -0.1776 0.8172 0.5484
vn -0.1775 0.8172 0.5484
vn -0.8411 0.4866 0.2361
vn -0.8822 0.4299 0.1923
vn -0.1619 0.8160 -0.5549
vn 0.9346 0.2827 -0.2158
vn 0.9997 -0.0250 0.0074
vn -0.1937 0.8121 -0.5504
vn -0.1618 0.8160 -0.5549
vn -0.8962 0.4208 -0.1403
vn -0.8489 0.4866 -0.2066
vn 0.6721 0.7198 -0.1737
vn -0.2956 0.7740 -0.5599
vn 0.5658 0.7772 -0.2753
vn 0.6894 0.7138 0.1234
vn -0.2789 0.7710 0.5725
vn -0.0924 0.8318 0.5473
vn 0.3472 0.1050 0.9319
vn 0.0249 0.0440 0.9987
vn 0.2658 0.0879 0.9600
vn 0.0249 0.0439 0.9987
vn 0.8166 0.1865 0.5462
vn 0.8600 0.1855 0.4753
vn -0.8618 -0.1520 0.4839
vn -0.9061 -0.1599 0.3916
vn -0.2565 -0.0701 0.9640
vn -0.9236 -0.1838 0.3365
vn -0.8744 -0.1767 0.4518
vn 0.4851 0.0609 0.8723
vn 0.9115 0.1678 0.3755
vn 0.8920 0.1602 0.4226
vn -0.2642 -0.0699 0.9619
vn 0.5554 0.0778 0.8279
vn -0.0662 -0.0526 0.9964
vn 0.0083 -0.0352 0.9993
vn -0.0828 -0.2191 0.9722
vn 0.0249 0.0353 0.9991
vn -0.1328 0.0351 0.9905
vn -0.1567 0.2271 0.9612
vn 0.0826 -0.1923 0.9778
vn -0.0411 0.2527 0.9667
vn 0.2068 -0.1665 0.9641
vn 0.1233 0.2872 0.9499
vn 0.2068 -0.1664 0.9641
vn 0.1826 0.0264 0.9828
vn 0.1485 0.2621 0.9536
vn 0.1156 0.1748 0.9778
vn 0.1320 0.2096 0.9688
vn -0.0331 -0.1404 0.9895
vn -0.0332 -0.1405 0.9895
vn -0.1317 -0.3486 0.9280
vn -0.1412 0.1671 0.9758
vn -0.1082 0.1322 0.9853
vn -0.1738 0.2014 0.9640
vn -0.1737 0.2014 0.9640
vn 0.1651 -0.1311 0.9775
vn 0.0915 -0.0705 0.9933
vn 0.2959 -0.2611 0.9188
vn 0.3874 -0.6446 0.6591
vn 0.6443 -0.4801 0.5953
vn 0.6515 -0.4711 0.5947
vn 0.4094 -0.6336 0.6564
vn 0.2996 -0.6844 0.6647
vn -0.8569 -0.1848 0.4811
vn -0.4913 -0.1301 0.8612
vn -0.8868 -0.1928 0.4201
vn -0.4111 -0.1219 0.9034
vn 0.3462 0.0436 0.9371
vn 0.9292 0.1835 0.3208
vn 0.9128 0.1764 0.3684
vn 0.0663 -0.0263 0.9975
vn 0.3388 0.0525 0.9394
vn 0.1410 -0.0088 0.9900
vn -0.2161 -0.0000 0.9764
vn -0.2973 -0.0175 0.9546
vn -0.8401 -0.1440 0.5230
vn -0.7948 -0.1275 0.5933
vn 0.9221 0.1919 0.3361
vn -0.6666 -0.5481 0.5052
vn -0.3706 -0.6847 0.6276
vn -0.4252 -0.6670 0.6118
vn -0.1179 -0.7326 0.6704
vn -0.7413 -0.4927 0.4558
vn -0.1101 -0.7333 0.6710
vn -0.0079 -0.7378 0.6750
vn -0.0078 -0.7378 0.6750
vn 0.8828 0.1905 0.4293
vn 0.5403 0.1387 0.8299
vn 0.9060 0.1936 0.3765
vn 0.4596 0.1303 0.8785
vn -0.2647 -0.0263 0.9640
vn -0.9036 -0.1762 0.3905
vn -0.8757 -0.1686 0.4525
vn -0.0083 0.0352 0.9993
vn -0.2492 -0.0264 0.9681
vn -0.0910 0.0175 0.9957
vn 0.2571 0.0088 0.9664
vn 0.0332 -0.0351 0.9988
vn 0.3391 0.0263 0.9404
vn 0.8670 0.1516 0.4747
vn 0.0332 -0.0352 0.9988
vn 0.8257 0.1408 0.5463
vn 0.0580 -0.0264 0.9980
vn -0.9084 -0.2007 0.3667
vn -0.8503 -0.1935 0.4894
vn 0.0333 -0.0264 0.9991
vn 0.0332 -0.0264 0.9991
vn 0.0332 -0.0263 0.9991
vn 0.2071 -0.1579 0.9655
vn 0.1825 -0.1318 0.9743
vn 0.2315 -0.1838 0.9553
vn 0.2314 -0.1838 0.9553
vn -0.1079 0.1494 0.9829
vn -0.0332 0.0789 0.9963
vn -0.2547 0.2783 0.9261
vn -0.2546 0.2783 0.9261
vn -0.2546 0.2784 0.9261
vn -0.0911 -0.2455 0.9651
vn -0.0663 -0.1757 0.9822
vn -0.0829 -0.2107 0.9740
vn 0.0995 0.1581 0.9824
vn 0.0913 0.1582 0.9832
vn 0.1970 0.3651 0.9099
vn 0.1970 0.3650 0.9099
vn 0.1971 0.3650 0.9099
vn -0.2638 -0.0873 0.9606
vn 0.0415 -0.0352 0.9985
vn 0.0415 -0.0351 0.9985
vn -0.1821 -0.0789 0.9801
vn 0.0166 -0.0352 0.9992
vn -0.7787 -0.1799 0.6010
vn -0.8318 -0.1863 0.5228
vn 0.9252 0.1591 0.3446
vn 0.3211 0.0785 0.9438
vn 0.8867 0.1760 0.4275
vn -0.4206 -0.0437 0.9062
vn -0.8892 -0.1597 0.4287
vn -0.8623 -0.1497 0.4838
vn 0.3306 0.0875 0.9397
vn -0.5008 -0.0608 0.8634
vn 0.0580 0.0526 0.9969
vn 0.1326 0.0614 0.9893
vn -0.9911 0.1333 -0.0000
vn -0.9744 0.2246 -0.0000
vn -0.9514 0.3080 -0.0000
vn -0.9172 0.3984 -0.0000
vn -0.9066 0.4220 -0.0000
vn -0.9367 -0.1834 -0.2983
vn -0.8618 -0.1521 0.4838
vn -0.9062 -0.1599 0.3915
vn -0.9036 -0.1763 -0.3904
vn -0.8921 -0.1602 -0.4225
vn -0.9236 -0.1839 0.3365
vn -0.9239 -0.1672 -0.3441
vn -0.8744 -0.1768 0.4518
vn -0.8276 -0.1432 -0.5428
vn -0.9814 -0.1912 -0.0149
vn -0.8670 -0.1516 -0.4747
vn -0.9815 -0.1912 -0.0074
vn -0.8570 -0.1848 0.4811
vn -0.8868 -0.1929 0.4200
vn -0.9802 -0.1910 0.0520
vn -0.8822 -0.1936 -0.4292
vn -0.9099 -0.1927 -0.3673
vn -0.6884 -0.5550 -0.4669
vn -0.4622 -0.6718 -0.5788
vn -0.3983 -0.6945 -0.5992
vn -0.7663 -0.4968 -0.4074
vn -0.8315 -0.4319 -0.3493
vn -0.7414 -0.4926 0.4557
vn -0.8078 -0.4318 0.4012
vn -0.8078 -0.4318 0.4011
vn -0.9963 0.0831 0.0223
vn -0.9981 0.0582 0.0223
vn -0.9811 -0.1912 0.0297
vn -0.9181 -0.3954 0.0295
vn -0.9138 -0.4051 0.0296
vn -0.9274 -0.2014 -0.3153
vn -0.8994 -0.1770 -0.3996
vn -0.9176 -0.1843 -0.3522
vn -0.9953 0.0920 0.0299
vn -0.6577 0.7530 0.0218
vn -0.9979 0.0582 0.0298
vn -0.9811 -0.1911 0.0297
vn -0.9241 -0.3814 0.0223
vn -0.9109 -0.4121 0.0221
vn -0.1775 0.8172 0.5483
vn -0.8412 0.4865 0.2361
vn -0.9639 0.2655 -0.0223
vn -0.8822 0.4298 0.1923
vn -0.9661 0.2495 -0.0670
vn -0.9644 0.2324 -0.1263
vn -0.1937 0.8121 -0.5505
vn -0.9619 0.2650 0.0667
vn -0.8489 0.4865 -0.2066
vn -0.9616 0.2504 0.1120
vn -0.9562 0.2324 0.1782
vn -0.9562 0.2323 0.1782
vn -0.7790 -0.1786 0.6010
vn -0.8321 -0.1851 0.5229
vn -0.9809 -0.1911 0.0372
vn -0.8895 -0.1583 -0.4286
vn -0.9115 -0.1678 -0.3754
vn -0.9213 -0.3885 0.0148
vn -0.9210 -0.3884 0.0296
vn -0.9213 -0.3886 0.0148
vn -0.8767 -0.4682 0.1103
vn -0.7994 -0.5670 0.1985
vn -0.9585 -0.2828 -0.0372
vn -0.9633 0.0585 -0.2618
vn -0.2955 0.7740 -0.5600
vn -0.8173 -0.1834 -0.5462
vn -0.9815 -0.1912 -0.0000
vn -0.8631 -0.1862 -0.4694
vn -0.8619 -0.1521 0.4838
vn -0.8896 -0.1577 0.4286
vn -0.9208 -0.3883 0.0370
vn -0.9212 -0.3885 0.0222
vn -0.8856 -0.4606 -0.0589
vn -0.8047 -0.5734 -0.1539
vn -0.9542 -0.2898 0.0741
vn -0.9502 0.0503 0.3076
vn -0.2789 0.7711 0.5724
vn -0.1570 -0.7397 -0.6544
vn -0.3982 -0.6945 -0.5992
vn -0.4621 -0.6718 -0.5789
vn -0.1407 -0.7451 -0.6519
vn -0.0471 -0.7481 -0.6619
vn 0.2683 -0.9627 0.0353
vn 0.3611 -0.9319 0.0356
vn 0.3676 -0.9293 0.0356
vn 0.2385 -0.9705 0.0352
vn 0.4054 -0.9140 -0.0142
vn 0.1711 -0.9846 0.0352
vn 0.3297 -0.9440 -0.0142
vn 0.2912 -0.9566 0.0070
vn 0.2840 -0.9575 0.0496
vn 0.3292 -0.9426 0.0567
vn 0.3986 -0.9158 0.0499
vn 0.2615 -0.9651 0.0142
vn 0.3987 -0.9161 0.0427
vn 0.2156 -0.9762 0.0211
vn 0.3521 -0.9359 0.0142
vn 0.3610 -0.9316 -0.0427
vn 0.2682 -0.9624 -0.0424
vn 0.2314 -0.9719 -0.0424
vn 0.1711 -0.9846 -0.0352
vn 0.3675 -0.9291 -0.0426
vn 0.4301 -0.9028 0.0071
vn 0.1711 -0.9846 -0.0353
vn 0.4362 -0.8998 0.0071
vn 0.3678 -0.9298 0.0142
vn 0.3071 -0.9516 -0.0141
vn 0.2997 -0.9519 -0.0639
vn 0.2615 -0.9650 -0.0212
vn 0.3510 -0.9331 -0.0778
vn 0.2244 -0.9741 -0.0283
vn 0.4226 -0.9029 -0.0786
vn 0.3520 -0.9358 -0.0213
vn 0.4138 -0.9081 -0.0641
vn 0.3585 -0.9331 -0.0283
vn -0.0223 -0.9991 -0.0352
vn 0.1117 -0.9931 -0.0353
vn 0.0821 -0.9960 -0.0354
vn -0.0668 -0.9977 0.0141
vn 0.0149 -0.9998 0.0141
vn 0.0594 -0.9981 -0.0140
vn 0.0593 -0.9970 -0.0492
vn 0.0822 -0.9965 -0.0142
vn 0.0148 -0.9983 -0.0563
vn 0.1264 -0.9918 -0.0211
vn -0.0593 -0.9970 -0.0492
vn -0.0149 -0.9998 -0.0141
vn -0.0593 -0.9973 -0.0422
vn 0.0747 -0.9963 0.0424
vn -0.0223 -0.9989 0.0422
vn 0.1116 -0.9929 0.0423
vn -0.0970 -0.9953 -0.0071
vn -0.0223 -0.9997 -0.0071
vn 0.1711 -0.9846 0.0353
vn 0.0371 -0.9992 0.0140
vn 0.0519 -0.9967 0.0632
vn -0.0075 -0.9969 0.0779
vn -0.0893 -0.9930 0.0776
vn 0.0821 -0.9964 0.0212
vn -0.0746 -0.9952 0.0636
vn 0.1263 -0.9916 0.0282
vn -0.0074 -0.9997 0.0211
vn -0.0149 -0.9995 0.0282
vn -0.9137 -0.4052 0.0296
vn -0.3002 -0.9536 0.0213
vn -0.9180 -0.3954 0.0295
vn -0.3296 -0.9439 0.0213
vn 0.1712 -0.9851 0.0141
vn 0.6661 -0.7458 -0.0000
vn 0.6619 -0.7492 -0.0216
vn 0.1712 -0.9851 -0.0141
vn -0.3003 -0.9539 -0.0000
vn -0.3297 -0.9441 -0.0000
vn -0.9108 -0.4122 0.0221
vn -0.9241 -0.3815 0.0222
vn -0.3380 -0.0873 -0.9371
vn -0.9036 -0.1762 -0.3904
vn 0.8920 0.1603 -0.4226
vn 0.4273 0.0435 -0.9031
vn 0.8670 0.1516 -0.4748
vn 0.5069 0.0606 -0.8599
vn -0.1326 -0.0614 -0.9893
vn -0.0498 -0.0439 -0.9978
vn -0.0333 0.0351 -0.9988
vn 0.2809 0.0962 -0.9549
vn -0.0332 0.0351 -0.9988
vn 0.2075 0.0791 -0.9750
vn -0.0332 0.0352 -0.9988
vn 0.7790 0.1786 -0.6011
vn 0.8318 0.1863 -0.5228
vn -0.8920 -0.1602 -0.4226
vn -0.9239 -0.1673 -0.3441
vn -0.0332 0.0264 -0.9991
vn 0.1491 -0.1754 -0.9731
vn 0.0248 -0.2014 -0.9792
vn -0.1406 -0.2277 -0.9635
vn 0.1165 0.0177 -0.9930
vn -0.1405 -0.2276 -0.9635
vn 0.0741 0.2704 -0.9599
vn -0.1906 0.0263 -0.9813
vn -0.2142 0.2181 -0.9521
vn -0.0911 0.2455 -0.9651
vn 0.0582 0.1672 -0.9842
vn 0.0911 0.2455 -0.9651
vn 0.0742 0.2009 -0.9768
vn -0.0914 -0.1496 -0.9845
vn -0.0913 -0.1582 -0.9832
vn -0.1883 -0.3555 -0.9155
vn -0.1884 -0.3555 -0.9155
vn -0.1733 0.1224 -0.9772
vn -0.1992 0.1582 -0.9671
vn -0.2315 0.1838 -0.9553
vn 0.1080 -0.1408 -0.9841
vn 0.0332 -0.0789 -0.9963
vn 0.2457 -0.2689 -0.9313
vn 0.2458 -0.2689 -0.9313
vn 0.2458 -0.2688 -0.9313
vn 0.3406 -0.6542 -0.6753
vn 0.6134 -0.4809 -0.6265
vn 0.3721 -0.6371 -0.6750
vn 0.2589 -0.6895 -0.6764
vn -0.2822 -0.0176 -0.9592
vn -0.3562 -0.0351 -0.9338
vn 0.9008 0.1924 -0.3893
vn 0.8517 0.1854 -0.4902
vn -0.5461 -0.1381 -0.8263
vn -0.4660 -0.1298 -0.8752
vn 0.9127 0.1765 -0.3684
vn 0.2723 0.0350 -0.9616
vn -0.0000 -0.0352 -0.9994
vn 0.2569 0.0351 -0.9658
vn 0.0828 -0.0175 -0.9964
vn -0.0332 -0.0439 -0.9985
vn 0.1986 -0.0000 -0.9801
vn 0.2724 0.0175 -0.9620
vn 0.8400 0.1445 -0.5230
vn -0.0249 -0.0440 -0.9987
vn 0.7948 0.1275 -0.5933
vn -0.0083 -0.0439 -0.9990
vn -0.0000 -0.0440 -0.9990
vn -0.9273 -0.2014 -0.3154
vn 0.4913 0.1301 -0.8612
vn 0.8548 0.1861 -0.4844
vn 0.8827 0.1910 -0.4293
vn 0.4046 0.1137 -0.9074
vn -0.3389 -0.0438 -0.9398
vn -0.0663 0.0263 -0.9974
vn -0.3291 -0.0436 -0.9433
vn -0.1491 0.0088 -0.9888
vn -0.0249 -0.0352 -0.9991
vn -0.0249 -0.0351 -0.9991
vn 0.1244 -0.1405 -0.9822
vn 0.1493 -0.1669 -0.9746
vn 0.1740 -0.1930 -0.9656
vn -0.1742 0.1405 -0.9746
vn -0.0916 0.0705 -0.9933
vn -0.3122 0.2697 -0.9109
vn -0.3123 0.2697 -0.9109
vn -0.1243 -0.1930 -0.9733
vn -0.1485 -0.2621 -0.9536
vn -0.1409 -0.2193 -0.9654
vn 0.0414 0.1490 -0.9880
vn 0.0332 0.1405 -0.9895
vn 0.1474 0.3554 -0.9230
vn 0.1473 0.3554 -0.9230
vn 0.9139 0.1851 -0.3614
vn 0.2409 0.0704 -0.9680
vn -0.9121 -0.1647 -0.3754
vn -0.4755 -0.0608 -0.8776
vn -0.8892 -0.1597 -0.4287
vn 0.2563 0.0788 -0.9634
vn -0.5497 -0.0782 -0.8317
vn -0.0000 0.0352 -0.9994
vn 0.0745 0.0526 -0.9958
vn -0.0167 -0.0439 -0.9989
vn -0.3227 -0.1051 -0.9407
vn -0.0166 -0.0438 -0.9989
vn -0.2484 -0.0876 -0.9647
vn -0.0497 -0.0527 -0.9974
vn -0.8167 -0.1865 -0.5461
vn -0.0415 -0.0527 -0.9978
vn -0.8627 -0.1886 -0.4693
vn 0.9061 0.1600 -0.3916
vn 0.9934 0.1085 -0.0373
vn 0.6685 0.5579 -0.4918
vn 0.6139 0.7394 -0.2762
vn 0.9970 0.0581 -0.0520
vn 0.7125 -0.6559 0.2494
vn 0.6905 -0.0000 -0.7233
vn 0.7408 -0.5006 0.4479
vn 0.9978 -0.0000 -0.0670
vn 0.7629 -0.0000 0.6466
vn 0.7408 0.5006 0.4479
vn 0.9969 -0.0582 -0.0521
vn 0.7162 0.6523 0.2480
vn 0.9934 -0.1085 -0.0373
vn 0.6685 -0.5580 -0.4917
vn 0.6139 -0.7394 -0.2763
vn -0.6685 0.5579 -0.4917
vn -0.0000 0.9397 -0.3420
vn -0.0000 0.7453 -0.6668
vn -0.6139 0.7395 -0.2763
vn 0.6139 0.7395 -0.2763
vn 0.7162 0.6523 0.2481
vn -0.0000 0.7453 0.6668
vn -0.0000 0.9364 0.3509
vn -0.7162 0.6523 0.2481
vn -0.7408 0.5006 0.4480
vn -0.0000 -0.7415 0.6709
vn 0.7628 -0.0000 0.6466
vn -0.7628 -0.0000 0.6466
vn -0.7407 -0.5007 0.4479
vn -0.0000 0.7452 0.6668
vn 0.7408 0.5007 0.4479
vn -0.7408 0.5006 0.4479
vn -0.9934 0.1085 -0.0373
vn -0.6140 0.7394 -0.2763
vn -0.9969 0.0582 -0.0520
vn -0.7162 -0.6523 0.2480
vn -0.6905 -0.0000 -0.7234
vn -0.7408 -0.5006 0.4479
vn -0.6685 -0.5579 -0.4918
vn -0.6139 -0.7394 -0.2762
vn -0.9934 -0.1085 -0.0373
vn -0.9970 -0.0582 -0.0520
vn -0.7162 0.6523 0.2480
vn -0.9978 -0.0000 -0.0670
vn -0.7629 -0.0000 0.6466
vn -0.7162 -0.6523 0.2481
vn -0.7408 -0.5006 0.4480
vn 0.7124 -0.6560 0.2494
vn -0.0000 -0.9364 0.3509
vn 0.6685 -0.5579 -0.4918
vn -0.0000 -0.9397 -0.3420
vn -0.0000 -0.7453 -0.6668
vn -0.6139 -0.7395 -0.2763
vn -0.6685 0.5580 -0.4918
vn -0.0000 0.7452 -0.6668
vn -0.6904 -0.0000 -0.7234
vn 0.6904 -0.0000 -0.7234
vn 0.6685 -0.5580 -0.4918
vn -0.0000 -0.7452 -0.6668
vn 0.9823 -0.0000 -0.1876
vn 0.6752 0.7149 -0.1817
vn 0.6752 -0.7149 -0.1817
vn 0.9822 -0.0000 -0.1876
vn -0.0000 0.9841 -0.1775
vn -0.6752 0.7149 -0.1817
vn 0.6751 0.7149 -0.1817
vn -0.9822 -0.0000 -0.1876
vn -0.6752 -0.7149 -0.1817
vn -0.0000 -0.9841 -0.1775
vn 0.6249 -0.6616 -0.4144
vn 0.9066 -0.0000 -0.4219
vn 0.6249 0.6616 -0.4144
vn 0.9910 -0.0000 -0.1340
vn 0.6808 0.7208 -0.1304
vn 0.9910 -0.0000 -0.1341
vn 0.6808 -0.7208 -0.1304
vn 0.6808 -0.7208 -0.1305
vn -0.0000 0.9155 -0.4024
vn 0.6249 0.6617 -0.4144
vn -0.6249 0.6617 -0.4144
vn -0.6807 0.7208 -0.1304
vn -0.0000 0.9919 -0.1268
vn 0.6807 0.7208 -0.1304
vn -0.6807 0.7208 -0.1305
vn 0.6807 0.7208 -0.1305
vn -0.9066 -0.0000 -0.4219
vn -0.6249 -0.6616 -0.4144
vn -0.6249 0.6616 -0.4144
vn -0.6808 0.7208 -0.1304
vn -0.9910 -0.0000 -0.1341
vn -0.6808 -0.7208 -0.1304
vn -0.0000 -0.9155 -0.4024
vn 0.6249 -0.6617 -0.4144
vn -0.6249 -0.6617 -0.4144
vn -0.6807 -0.7208 -0.1304
vn -0.0000 -0.9919 -0.1268
vn 0.6807 -0.7208 -0.1304
vn 0.9490 0.3154 -0.0000
vn 0.9489 0.3156 -0.0000
vn 0.8026 0.5965 -0.0000
vn 0.9489 0.3155 -0.0000
vn 0.4423 0.8969 -0.0000
vn -0.4422 0.8969 -0.0000
vn 0.4422 0.8969 -0.0000
vn -0.0000 -0.0003 1.0000
vn -0.9707 0.2403 -0.0000
vn -0.9707 0.2402 -0.0000
vn -0.4423 0.8969 -0.0000
vn -0.9489 0.3156 -0.0000
vn -0.8026 0.5965 -0.0000
vn -0.8027 0.5964 -0.0000
vn 0.4505 -0.5942 -0.6664
vn 0.5455 -0.8344 0.0790
vn 0.6563 -0.7432 0.1301
vn 0.3206 -0.5345 -0.7820
vn 0.4250 -0.2596 0.8672
vn 0.9538 -0.2980 -0.0370
vn 0.5692 -0.8196 -0.0647
vn 0.3594 -0.5666 -0.7415
vn 0.5136 -0.1208 -0.8495
vn 0.4050 -0.5886 0.6997
vn 0.4868 -0.3522 0.7993
vn 0.5119 -0.4912 -0.7047
vn 0.5187 -0.3432 -0.7831
vn 0.9480 -0.3152 0.0445
vn 0.6402 -0.7665 0.0506
vn 0.5091 -0.3936 0.7655
vn 0.5079 -0.0087 0.8614
vn 0.9004 -0.3647 0.2373
vn 0.4302 -0.4039 -0.8073
vn 0.1816 -0.1049 -0.9778
vn 0.8690 -0.4929 -0.0441
vn 0.6740 -0.7379 -0.0363
vn 0.4661 -0.4509 0.7612
vn 0.4173 -0.8597 -0.2947
vn 0.4505 -0.2862 0.8457
vn 0.2726 -0.5602 0.7822
vn 0.9779 -0.1920 -0.0822
vn 0.4811 0.2158 -0.8497
vn 0.4608 -0.5551 0.6924
vn 0.9062 -0.2837 -0.3135
vn 0.5138 -0.8560 0.0573
vn 0.3704 0.8964 0.2435
vn 0.8347 -0.0595 0.5475
vn 0.9884 0.0250 0.1499
vn 0.5128 -0.8542 -0.0857
vn 0.7313 -0.4039 0.5497
vn 0.3832 0.3021 0.8729
vn 0.8079 0.5264 0.2650
vn 0.3863 -0.8742 0.2943
vn 0.3059 -0.5029 0.8084
vn 0.5285 -0.8475 -0.0501
vn 0.3185 -0.8911 -0.3232
vn 0.2930 -0.6289 0.7202
vn 0.2678 -0.6837 0.6789
vn 0.2284 -0.3974 -0.8888
vn 0.5697 -0.8203 0.0503
vn 0.4269 -0.6028 -0.6741
vn 0.2531 -0.4148 0.8740
vn 0.3434 -0.5666 0.7490
vn 0.5697 -0.8203 0.0504
vn 0.0530 0.9293 -0.3656
vn 0.2878 0.7822 -0.5525
vn 0.0549 0.7478 -0.6616
vn -0.0301 0.9415 -0.3356
vn -0.0474 0.7022 -0.7105
vn -0.0299 0.9965 -0.0779
vn 0.0447 0.9948 -0.0918
vn 0.3339 0.8999 -0.2804
vn 0.3230 0.9464 0.0071
vn 0.9831 0.1832 -0.0074
vn 0.9742 0.2246 0.0223
vn -0.3375 0.9294 0.1493
vn -0.9878 0.1162 0.1040
vn -0.9109 -0.1342 0.3902
vn -0.9792 0.0167 -0.2020
vn -0.3399 0.8958 -0.2862
vn -0.9077 -0.1012 -0.4073
vn -0.3653 0.6139 -0.6997
vn 0.8072 0.0930 -0.5830
vn 0.3600 0.9291 -0.0853
vn 0.9402 0.0502 -0.3369
vn 0.9884 0.0251 0.1499
vn 0.2804 0.8986 -0.3374
vn -0.0000 0.9686 -0.2486
vn 0.3250 0.6210 -0.7133
vn 0.0074 0.9997 -0.0211
vn 0.0223 0.9917 0.1268
vn 0.3617 0.6911 0.6258
vn 0.0385 0.8635 0.5029
vn -0.0687 0.9052 0.4194
vn -0.0551 0.7253 0.6862
vn 0.0563 0.5874 0.8073
vn -0.0744 0.9923 0.0987
vn -0.0149 0.9979 -0.0633
vn -0.3762 0.9243 0.0641
vn -0.0594 0.9902 -0.1265
vn -0.0298 0.9874 -0.1555
vn -0.0226 0.9492 -0.3140
vn -0.0000 0.8040 -0.5946
vn -0.0232 0.8499 -0.5264
vn -0.0305 0.8970 -0.4410
vn 0.0882 0.5861 -0.8054
vn -0.0316 0.6865 -0.7265
vn -0.3609 0.9155 -0.1781
vn -0.2582 0.8845 -0.3885
vn -0.1688 0.8528 -0.4941
vn -0.6976 0.6237 0.3525
vn -0.9961 0.0830 -0.0297
vn -0.9898 0.1414 0.0149
vn -0.1606 0.8826 0.4419
vn -0.0230 0.8691 -0.4941
vn 0.2053 0.9100 0.3603
vn 0.1702 0.8027 -0.5716
vn -0.6133 0.6740 -0.4118
vn -0.2940 0.9099 0.2928
vn -0.2573 0.9134 0.3154
vn -0.2135 0.8719 -0.4406
vn -0.1040 0.5760 0.8108
vn -0.1142 0.9108 0.3967
vn -0.0736 0.4157 0.9065
vn -0.1060 0.9218 -0.3729
vn 0.0910 0.9232 -0.3735
vn -0.1157 0.2713 -0.9555
vn 0.0246 0.3209 -0.9468
vn -0.1060 0.9218 -0.3730
vn 0.0611 0.8727 0.4844
vn 0.3273 0.8704 -0.3678
vn 0.2829 0.7074 0.6477
vn 0.8326 0.5273 -0.1696
vn 0.3199 0.7518 0.5765
vn 0.3167 0.9022 0.2929
vn 0.0524 0.9742 0.2197
vn 0.0697 0.8119 0.5796
vn -0.0449 0.9899 0.1346
vn -0.0229 0.8820 0.4706
vn -0.0241 0.5789 0.8150
vn -0.3345 0.7579 0.5601
vn 0.0246 -0.3818 0.9239
vn 0.6562 -0.7433 0.1301
vn -0.0579 0.1843 0.9812
vn 0.3123 -0.2697 0.9109
vn 0.0909 -0.1399 0.9860
vn 0.2048 -0.6671 0.7163
vn 0.2156 -0.6173 0.7566
vn 0.0083 0.2098 0.9777
vn -0.1040 0.5759 0.8109
vn -0.0000 0.4878 0.8729
vn 0.1566 -0.2617 0.9524
vn -0.0405 -0.4808 0.8759
vn 0.1662 -0.9436 0.2862
vn -0.0477 -0.6732 0.7379
vn 0.0164 -0.3388 0.9407
vn -0.3944 -0.6097 0.6875
vn 0.4867 -0.3522 0.7994
vn 0.0575 0.3306 0.9420
vn -0.2220 -0.2176 0.9505
vn -0.2220 -0.2177 0.9504
vn -0.3779 -0.8804 0.2864
vn -0.8212 -0.5660 0.0733
vn 0.0748 0.1056 0.9916
vn 0.5078 -0.0087 0.8614
vn 0.0083 -0.0964 0.9953
vn -0.4803 -0.5001 0.7205
vn -0.0160 -0.6082 0.7936
vn -0.9562 -0.2323 -0.1782
vn -0.4234 -0.5413 0.7264
vn -0.9077 -0.1013 -0.4073
vn -0.9590 -0.2831 -0.0149
vn -0.4656 -0.2422 0.8512
vn -0.0074 -0.9996 -0.0282
vn 0.4660 -0.4509 0.7612
vn -0.0081 -0.5391 0.8422
vn 0.4504 -0.2862 0.8457
vn -0.5017 -0.3856 0.7744
vn -0.0084 -0.1761 0.9843
vn 0.2725 -0.5602 0.7823
vn -0.0733 -0.3882 0.9186
vn -0.4233 -0.5413 0.7265
vn -0.1257 -0.7319 0.6698
vn 0.0159 -0.6655 0.7462
vn -0.4453 -0.8710 0.2073
vn 0.4607 -0.5552 0.6925
vn -0.2857 -0.6554 0.6992
vn 0.0793 -0.6801 0.7288
vn 0.0155 -0.8199 0.5723
vn 0.1360 -0.9122 0.3866
vn 0.5138 -0.8560 0.0572
vn 0.7312 -0.4040 0.5497
vn 0.3832 0.3022 0.8728
vn 0.0563 0.5874 0.8074
vn -0.0687 0.9052 0.4195
vn -0.0551 0.7253 0.6863
vn -0.6976 0.6238 0.3525
vn -0.1491 -0.0000 0.9888
vn -0.3737 -0.5809 0.7231
vn -0.0704 -0.7543 0.6527
vn -0.0083 0.2198 0.9755
vn 0.2054 0.9100 0.3602
vn 0.1743 -0.0528 0.9833
vn 0.8079 0.5264 0.2649
vn -0.0000 -0.2282 0.9736
vn 0.0164 -0.2872 0.9577
vn -0.0412 -0.2789 0.9594
vn -0.0000 -0.2014 0.9795
vn -0.0323 -0.5637 0.8254
vn -0.0325 -0.4645 0.8850
vn 0.0229 -0.8897 0.4559
vn 0.0830 -0.9503 0.3001
vn -0.0747 -0.9728 0.2194
vn -0.3185 -0.7486 0.5815
vn -0.4877 -0.6162 0.6184
vn -0.1724 -0.7304 0.6609
vn 0.1247 -0.7919 0.5978
vn 0.2677 -0.6837 0.6789
vn -0.0378 -0.9275 0.3720
vn 0.5696 -0.8204 0.0503
vn 0.4141 -0.9089 -0.0500
vn 0.2531 -0.4149 0.8739
vn 0.0661 -0.2887 0.9551
vn 0.2930 -0.6288 0.7202
vn 0.2531 -0.4149 0.8740
vn 0.0400 -0.5934 0.8039
vn -0.2572 0.9134 0.3154
vn 0.0574 0.3561 0.9327
vn 0.2829 0.7073 0.6478
vn 0.0894 0.4990 0.8620
vn 0.0579 -0.2626 0.9632
vn 0.3199 0.7518 0.5766
vn 0.0697 0.8119 0.5797
vn 0.0579 0.2278 0.9720
vn -0.3489 0.4038 0.8457
vn -0.3345 0.7578 0.5602
vn -0.9109 -0.1342 0.3901
vn -0.0332 0.0089 0.9994
vn -0.0165 0.2792 0.9601
vn 0.3149 -0.1140 0.9422
vn 0.3502 -0.3794 0.8564
vn 0.3523 -0.8431 0.4062
vn -0.4032 -0.1830 0.8966
vn 0.0163 -0.3717 0.9282
vn 0.4497 -0.8232 0.3466
vn -0.5524 -0.7636 0.3343
vn -0.7898 -0.5051 0.3481
vn -0.0076 -0.9219 0.3873
vn 0.3522 -0.8432 0.4062
vn -0.3681 -0.8361 0.4067
vn -0.0332 0.0088 0.9994
vn -0.3385 -0.2186 0.9152
vn -0.3680 -0.8361 0.4067
vn -0.6833 -0.6991 0.2109
vn -0.0574 -0.3127 0.9481
vn -0.1721 -0.9586 0.2268
vn 0.2553 -0.2703 0.9283
vn 0.2081 -0.0265 0.9778
vn 0.3685 -0.9080 0.1995
vn 0.3928 -0.8959 0.2075
vn -0.0821 -0.9722 0.2192
vn -0.1073 -0.2186 0.9699
vn -0.6940 -0.7187 0.0433
vn -0.3048 -0.1744 0.9363
vn -0.8998 -0.4353 0.0294
vn -0.4556 -0.3532 0.8171
vn -0.5129 -0.8465 0.1429
vn 0.1272 -0.9746 0.1843
vn -0.3344 -0.3541 0.8733
vn -0.0248 -0.1576 0.9872
vn -0.5135 -0.3021 0.8032
vn -0.4311 -0.5833 0.6883
vn 0.3434 -0.5666 0.7491
vn -0.0000 -0.6703 0.7421
vn -0.4318 -0.5335 -0.7273
vn -0.6172 -0.7827 -0.0794
vn -0.3780 -0.2350 -0.8955
vn -0.4048 -0.8572 -0.3183
vn -0.6173 -0.7827 -0.0794
vn -0.3117 -0.5839 -0.7496
vn -0.8212 -0.5660 0.0734
vn -0.4804 -0.5001 0.7205
vn -0.6620 -0.7492 0.0216
vn -0.4314 -0.5244 -0.7341
vn -0.4234 -0.5413 0.7265
vn -0.4453 -0.8710 0.2074
vn -0.4924 -0.1130 -0.8630
vn -0.9590 -0.2830 -0.0149
vn -0.4555 -0.3876 -0.8014
vn -0.6820 -0.7301 -0.0435
vn -0.5018 -0.3856 0.7743
vn -0.4520 -0.8694 0.1998
vn -0.9961 0.0831 -0.0297
vn -0.9898 0.1414 0.0148
vn -0.7223 -0.6672 -0.1820
vn -0.4876 -0.6162 0.6184
vn -0.6653 -0.7448 -0.0507
vn -0.5073 -0.5791 -0.6382
vn -0.4408 -0.3285 -0.8353
vn -0.1979 -0.1485 -0.9689
vn -0.4033 -0.1830 0.8966
vn -0.7898 -0.5050 0.3481
vn -0.3894 -0.8408 -0.3761
vn -0.3862 -0.7768 -0.4975
vn -0.0332 0.0087 0.9994
vn -0.3680 -0.8362 0.4067
vn -0.6832 -0.6991 0.2109
vn -0.3680 -0.8361 0.4068
vn -0.4561 -0.6328 -0.6258
vn -0.2554 -0.7951 -0.5501
vn -0.4557 -0.3532 0.8171
vn -0.3845 -0.6730 -0.6319
vn -0.7545 -0.6522 -0.0730
vn -0.5136 -0.3021 0.8031
vn -0.3345 -0.3542 0.8733
vn -0.8954 -0.4452 -0.0000
vn -0.5117 -0.2924 -0.8079
vn -0.4312 -0.5834 0.6883
vn -0.5931 -0.8051 -0.0000
vn -0.4355 -0.5869 -0.6826
vn 0.1958 -0.7381 -0.6456
vn 0.2606 -0.9617 0.0846
vn 0.2990 -0.9498 0.0921
vn 0.1934 -0.8027 -0.5642
vn 0.1662 -0.9437 0.2862
vn -0.0406 -0.4809 0.8759
vn 0.1439 -0.9223 -0.3588
vn -0.0245 -0.4237 -0.9054
vn 0.0407 -0.4575 -0.8883
vn -0.0299 -0.9664 -0.2551
vn -0.0678 -0.9493 0.3069
vn -0.0559 -0.6251 -0.7785
vn -0.0821 -0.9954 -0.0495
vn 0.0164 -0.3643 -0.9312
vn -0.4048 -0.8572 -0.3184
vn -0.0151 -0.9339 -0.3571
vn -0.2220 -0.2176 0.9504
vn -0.0074 -0.9991 0.0422
vn -0.4803 -0.5002 0.7205
vn -0.6619 -0.7493 0.0216
vn -0.0080 -0.6173 -0.7867
vn 0.5119 -0.4913 -0.7047
vn 0.5090 -0.3936 0.7655
vn 0.6401 -0.7666 0.0506
vn 0.3863 -0.8742 0.2942
vn 0.9742 0.2246 0.0224
vn 0.3867 -0.8912 -0.2371
vn 0.2991 -0.4622 -0.8348
vn 0.0474 -0.6860 -0.7260
vn 0.0521 -0.9923 -0.1128
vn -0.0000 -0.9996 -0.0281
vn -0.0446 -0.9986 0.0281
vn -0.1060 -0.9302 -0.3515
vn -0.3681 -0.9294 0.0286
vn -0.4279 -0.8983 -0.0996
vn -0.3861 -0.7768 -0.4975
vn -0.4453 -0.8711 0.2073
vn -0.9077 -0.1011 -0.4073
vn -0.0000 -0.4976 -0.8674
vn -0.6819 -0.7301 -0.0435
vn -0.5017 -0.3856 0.7743
vn -0.6820 -0.7301 -0.0436
vn 0.4660 -0.4510 0.7612
vn -0.0075 -0.9996 -0.0282
vn 0.6739 -0.7379 -0.0363
vn -0.1257 -0.7319 0.6697
vn 0.0155 -0.8199 0.5722
vn 0.3184 -0.8911 -0.3232
vn 0.9062 -0.2836 -0.3136
vn 0.8072 0.0931 -0.5829
vn 0.4526 -0.8706 -0.1930
vn 0.0451 -0.9710 0.2350
vn 0.0793 -0.6802 0.7287
vn 0.1262 -0.9900 0.0632
vn 0.9402 0.0502 -0.3368
vn 0.0155 -0.8200 0.5722
vn 0.4377 -0.8950 0.0858
vn 0.5127 -0.8543 -0.0857
vn 0.9884 0.0252 0.1498
vn 0.8348 -0.0594 0.5474
vn 0.7312 -0.4039 0.5497
vn -0.0705 -0.7544 0.6527
vn -0.4519 -0.8694 0.1998
vn -0.4202 -0.5792 -0.6986
vn 0.0159 -0.6656 0.7462
vn -0.4876 -0.6163 0.6184
vn -0.2385 -0.9707 -0.0283
vn -0.1725 -0.7304 0.6609
vn -0.6652 -0.7449 -0.0507
vn -0.3184 -0.8911 -0.3232
vn -0.3186 -0.7486 0.5815
vn 0.0452 -0.9410 -0.3354
vn 0.0247 -0.2791 -0.9599
vn -0.1980 -0.1484 -0.9689
vn 0.4173 -0.8596 -0.2948
vn -0.0625 -0.7690 -0.6362
vn 0.2310 -0.9704 -0.0706
vn 0.2413 -0.5707 -0.7849
vn -0.0074 -0.9919 -0.1267
vn -0.0322 -0.5637 0.8253
vn -0.0332 -0.1844 -0.9823
vn -0.7546 -0.6522 -0.0730
vn 0.4141 -0.9089 -0.0499
vn 0.2659 -0.5119 -0.8168
vn 0.2284 -0.3973 -0.8888
vn -0.0075 -0.9755 0.2200
vn -0.0972 -0.9738 0.2054
vn -0.0535 -0.8810 -0.4701
vn -0.0000 -0.9087 -0.4174
vn 0.1071 -0.8591 -0.5004
vn 0.3150 -0.1140 0.9422
vn 0.0164 -0.3717 0.9282
vn 0.4497 -0.8232 0.3467
vn 0.3467 -0.9097 -0.2285
vn -0.0151 -0.9127 -0.4083
vn -0.7897 -0.5050 0.3482
vn 0.2039 -0.9113 -0.3576
vn -0.0793 -0.6635 -0.7439
vn -0.2555 -0.7951 -0.5501
vn -0.4561 -0.6328 -0.6257
vn -0.1721 -0.9586 0.2269
vn -0.6833 -0.6990 0.2110
vn -0.1649 -0.7314 -0.6618
vn 0.1574 -0.7248 -0.6708
vn 0.3929 -0.8959 0.2076
vn 0.1039 -0.6176 -0.7796
vn 0.3686 -0.9079 0.1996
vn -0.0821 -0.9722 0.2193
vn -0.1037 -0.5997 -0.7935
vn -0.6940 -0.7186 0.0434
vn -0.2946 -0.3639 -0.8836
vn 0.1171 -0.7688 -0.6287
vn 0.6562 -0.7432 0.1301
vn -0.3345 -0.3541 0.8733
vn 0.0149 -0.9999 0.0070
vn -0.4311 -0.5834 0.6883
vn 0.0080 -0.6571 -0.7537
vn 0.5696 -0.8203 0.0504
vn 0.4269 -0.6027 -0.6741
vn 0.3205 -0.5346 -0.7820
vn 0.0408 -0.4575 -0.8883
vn 0.1934 -0.8026 -0.5643
vn 0.1439 -0.9223 -0.3587
vn -0.0245 -0.4238 -0.9054
vn 0.0737 0.4329 -0.8984
vn 0.4810 0.2159 -0.8497
vn -0.1901 -0.0788 -0.9786
vn -0.3781 -0.2350 -0.8955
vn 0.5135 -0.1208 -0.8495
vn 0.0164 -0.3642 -0.9312
vn 0.0249 -0.0702 -0.9972
vn -0.4318 -0.5334 -0.7273
vn -0.0558 -0.6251 -0.7786
vn 0.0495 -0.2095 -0.9765
vn -0.0079 -0.6172 -0.7868
vn 0.5186 -0.3432 -0.7831
vn 0.0407 0.4742 -0.8795
vn -0.0328 0.3817 -0.9237
vn -0.0474 0.7021 -0.7105
vn 0.2877 0.7822 -0.5526
vn 0.1702 0.8027 -0.5717
vn 0.0549 0.7478 -0.6617
vn 0.8326 0.5273 -0.1695
vn 0.1328 0.0176 -0.9910
vn 0.0474 -0.6860 -0.7261
vn -0.3653 0.6139 -0.6998
vn -0.9562 -0.2324 -0.1782
vn -0.4095 0.1908 -0.8922
vn -0.0580 0.1317 -0.9896
vn -0.0166 -0.0615 -0.9980
vn -0.4555 -0.3876 -0.8015
vn -0.0000 -0.4975 -0.8674
vn -0.0074 -0.9996 -0.0281
vn -0.6819 -0.7302 -0.0435
vn 0.4302 -0.4039 -0.8074
vn 0.6740 -0.7378 -0.0363
vn 0.8071 0.0931 -0.5830
vn 0.0882 0.5860 -0.8055
vn -0.0231 0.8499 -0.5265
vn -0.0316 0.6864 -0.7265
vn -0.0163 0.4479 -0.8939
vn -0.1688 0.8528 -0.4942
vn 0.1739 -0.0877 -0.9808
vn -0.0000 0.3994 -0.9168
vn -0.0230 0.8691 -0.4942
vn -0.0744 -0.1925 -0.9785
vn -0.5073 -0.5791 -0.6383
vn -0.4409 -0.3284 -0.8353
vn -0.0625 -0.7689 -0.6363
vn 0.0083 0.1233 -0.9923
vn -0.1979 -0.1484 -0.9689
vn -0.7546 -0.6522 -0.0729
vn -0.0074 -0.9919 -0.1268
vn -0.0496 0.1928 -0.9800
vn -0.3452 -0.1915 -0.9188
vn 0.0083 0.1760 -0.9843
vn -0.0332 -0.0000 -0.9994
vn 0.0662 -0.0701 -0.9953
vn 0.2659 -0.5119 -0.8169
vn 0.5285 -0.8475 -0.0500
vn -0.5116 -0.2924 -0.8079
vn -0.0330 -0.1661 -0.9856
vn 0.4270 -0.6027 -0.6741
vn 0.0080 -0.6571 -0.7538
vn 0.1072 -0.8592 -0.5004
vn 0.5126 -0.8543 -0.0858
vn -0.0534 -0.8810 -0.4701
vn -0.4202 -0.5793 -0.6985
vn -0.0000 -0.9088 -0.4173
vn -0.2135 0.8719 -0.4407
vn 0.0910 0.9231 -0.3735
vn 0.0082 -0.3132 -0.9496
vn -0.0793 -0.6635 -0.7440
vn 0.2038 -0.9113 -0.3576
vn -0.1060 -0.9301 -0.3515
vn -0.0821 -0.3480 -0.9339
vn 0.1574 -0.7247 -0.6708
vn -0.1648 -0.7313 -0.6618
vn -0.4560 -0.6328 -0.6258
vn 0.1038 -0.6175 -0.7797
vn -0.0736 -0.3983 -0.9143
vn 0.0248 -0.2364 -0.9713
vn -0.2945 -0.3638 -0.8837
vn -0.0000 -0.2098 -0.9777
vn -0.8998 -0.4353 0.0295
vn -0.0083 -0.1662 -0.9861
vn -0.3845 -0.6729 -0.6319
vn 0.0164 -0.3210 -0.9469
vn 0.4505 -0.5941 -0.6664
vn -0.4355 -0.5868 -0.6826
vn 0.9545 0.2983 -0.0000
vn 0.9545 0.2982 -0.0000
vn 1.0000 -0.0000 0.0003
vn 0.9762 0.2167 -0.0000
vn 0.8357 0.5491 -0.0000
vn 0.8358 0.5491 -0.0000
vn 0.8358 0.5490 -0.0000
vn -0.0000 0.4911 -0.8711
vn -0.0000 0.8011 -0.5985
vn -0.0000 0.8010 -0.5986
vn -0.0000 0.4911 0.8711
vn -0.0000 0.8010 0.5986
vn 0.1117 0.9937 -0.0000
vn -0.4666 0.8845 -0.0000
vn -0.0000 0.4309 0.9024
vn -0.9815 0.1912 -0.0000
vn -1.0000 -0.0000 -0.0000
vn -0.9911 0.1332 -0.0000
vn -0.9312 0.3645 -0.0000
vn -0.9312 0.3646 -0.0000
vn -1.0000 -0.0000 0.0001
vn -1.0000 -0.0000 -0.0002
vn -0.0000 0.4311 -0.9023
vn -0.0000 0.4310 -0.9023
vn -0.0000 0.4309 -0.9024
vn -0.0000 0.4310 -0.9024
vt 46.007099 -10.972000
vt 46.014301 -10.979100
vt 46.010101 -10.969000
vt 46.009998 -10.979100
vt 46.000000 -10.969100
vt 46.007099 -10.986200
vt 46.000000 -10.964800
vt 46.010101 -10.989300
vt 45.992901 -10.972000
vt 46.000000 -10.989200
vt 45.989799 -10.969000
vt 46.000000 -10.993500
vt 45.985600 -10.979100
vt 45.992901 -10.986200
vt 45.989899 -10.979100
vt 45.989799 -10.989300
vt 45.997898 -11.016800
vt 45.976799 -11.004900
vt 45.976799 -11.016800
vt 45.997898 -11.003800
vt 46.023201 -11.004900
vt 46.023201 -11.016800
vt 45.884899 -10.992900
vt 45.895699 -11.000000
vt 45.895699 -10.992900
vt 45.884899 -11.000000
vt 45.895699 -11.007100
vt 45.884899 -11.007100
vt 46.096699 -10.997900
vt 46.108601 -10.976800
vt 46.096699 -10.976800
vt 46.109699 -10.997900
vt 46.108601 -11.023200
vt 46.096699 -11.023200
vt 45.990700 -10.989800
vt 45.884899 -10.989800
vt 45.990700 -11.000000
vt 45.884899 -11.010100
vt 45.990700 -11.010100
vt 46.104301 -10.986200
vt 46.115101 -10.986200
vt 46.104301 -10.979100
vt 46.115101 -10.979100
vt 46.115101 -10.972000
vt 46.104301 -10.972000
vt 45.896301 -11.025700
vt 45.897701 -11.018100
vt 45.892101 -11.018100
vt 45.900299 -11.021700
vt 45.891399 -11.028700
vt 45.886501 -11.016800
vt 45.903301 -11.016800
vt 45.902000 -11.022400
vt 45.906300 -11.021700
vt 45.902000 -11.028000
vt 45.910301 -11.025700
vt 45.903301 -11.033700
vt 45.915199 -11.028700
vt 45.908901 -11.018100
vt 45.908199 -11.013800
vt 45.914501 -11.018100
vt 45.912201 -11.009800
vt 45.920200 -11.016800
vt 45.915199 -11.004900
vt 45.898399 -11.013800
vt 45.902000 -11.011200
vt 45.894402 -11.009800
vt 45.902000 -11.005600
vt 45.891399 -11.004900
vt 45.903301 -11.000000
vt 46.009300 -10.969000
vt 46.009300 -10.979100
vt 46.009300 -10.989300
vt 46.115101 -10.969000
vt 46.115101 -10.989300
vt 46.002102 -11.016800
vt 46.023201 -11.028700
vt 46.002102 -11.029800
vt 45.976799 -11.028700
vt 46.115101 -11.000000
vt 46.115101 -10.992900
vt 46.104301 -10.992900
vt 46.104301 -11.000000
vt 46.115101 -11.007100
vt 46.104301 -11.007100
vt 45.903301 -10.997900
vt 45.915199 -10.976800
vt 45.903301 -10.976800
vt 45.916302 -10.997900
vt 45.915199 -11.023200
vt 45.903301 -11.023200
vt 46.009300 -11.000000
vt 46.115101 -10.989800
vt 46.009300 -10.989800
vt 46.009300 -11.010100
vt 46.115101 -11.010100
vt 45.895699 -10.979100
vt 45.884899 -10.979100
vt 45.895699 -10.986200
vt 45.884899 -10.986200
vt 45.884899 -10.972000
vt 45.895699 -10.972000
vt 46.089699 -11.007900
vt 46.079800 -11.016800
vt 46.085400 -11.018100
vt 46.084801 -11.004900
vt 46.091099 -11.018100
vt 46.093700 -11.011900
vt 46.096699 -11.016800
vt 46.098000 -11.022400
vt 46.093601 -11.021700
vt 46.098000 -11.028000
vt 46.089699 -11.025700
vt 46.096699 -11.033700
vt 46.084801 -11.028700
vt 46.102299 -11.018100
vt 46.101601 -11.019800
vt 46.107899 -11.018100
vt 46.105598 -11.023800
vt 46.113499 -11.016800
vt 46.108601 -11.028700
vt 46.101601 -11.013800
vt 46.098000 -11.011200
vt 46.105598 -11.009800
vt 46.098000 -11.005600
vt 46.108601 -11.004900
vt 46.096699 -11.000000
vt 45.990700 -10.969000
vt 45.884899 -10.969000
vt 45.990700 -10.979100
vt 45.884899 -10.989300
vt 45.990700 -10.989300
vt 3.976780 -31.011900
vt 3.997950 -31.013000
vt 3.997950 -31.000000
vt 3.976780 -31.000000
vt 4.023220 -31.011900
vt 4.023220 -31.000000
vt 3.988090 -30.976801
vt 3.986980 -30.997900
vt 4.000000 -30.997900
vt 4.000000 -30.976801
vt 3.988090 -31.023199
vt 4.000000 -31.023199
vt 3.988090 -31.011900
vt 4.000000 -31.016800
vt 3.993000 -31.008900
vt 3.998660 -31.011200
vt 3.996970 -31.004900
vt 3.998660 -31.005600
vt 4.000000 -31.000000
vt 4.003020 -31.004900
vt 4.005610 -31.001301
vt 4.006990 -31.008900
vt 4.011220 -31.001301
vt 4.011910 -31.011900
vt 4.016840 -31.000000
vt 4.004910 -30.997000
vt 3.998660 -30.994400
vt 4.008880 -30.993000
vt 3.998660 -30.988800
vt 4.000000 -30.983200
vt 4.011910 -30.988100
vt 3.994380 -31.001301
vt 3.995080 -30.997000
vt 3.988770 -31.001301
vt 3.991110 -30.993000
vt 3.983160 -31.000000
vt 3.988090 -30.988100
vt 4.023220 -30.988100
vt 4.002050 -30.987000
vt 4.002050 -31.000000
vt 3.976780 -30.988100
vt 4.004910 -31.003000
vt 4.001340 -31.005600
vt 4.008880 -31.007000
vt 4.001340 -31.011200
vt 4.001340 -30.994400
vt 3.996970 -30.995100
vt 4.001340 -30.988800
vt 3.993000 -30.991100
vt 50.022999 -48.938499
vt 49.977001 -48.938499
vt 50.022999 -48.947498
vt 49.977001 -48.947498
vt 50.022999 -48.956501
vt 49.977001 -48.956501
vt 50.022999 -49.061501
vt 50.022999 -49.032001
vt 49.977001 -49.061501
vt 49.977001 -49.032001
vt 50.022999 -49.015400
vt 49.977001 -49.015400
vt 50.022999 -48.999599
vt 49.977001 -48.999599
vt 50.022999 -48.983501
vt 49.977001 -48.983501
vt 50.022999 -48.974701
vt 49.977001 -48.974701
vt 50.022999 -48.966000
vt 49.977001 -48.966000
vt 50.036598 -49.022999
vt 50.129501 -49.022999
vt 50.129501 -48.977001
vt 50.036598 -48.977001
vt 49.857399 -49.022999
vt 49.857399 -48.977001
vt 49.963402 -48.938499
vt 49.871799 -48.947498
vt 49.964500 -48.947498
vt 49.870499 -48.938499
vt 50.142601 -48.938499
vt 49.873600 -48.956501
vt 50.142601 -48.947498
vt 49.966301 -48.956501
vt 50.142601 -48.956501
vt 50.130001 -48.966000
vt 49.881901 -48.966000
vt 49.968201 -48.966000
vt 49.881901 -48.974098
vt 49.968601 -48.974701
vt 49.967201 -48.983501
vt 49.880199 -48.982101
vt 49.960701 -48.999599
vt 49.874001 -48.997101
vt 49.953098 -49.015400
vt 49.867001 -49.011600
vt 49.946602 -49.032001
vt 49.860802 -49.026600
vt 49.943600 -49.061501
vt 49.857399 -49.053902
vt 49.977001 -48.974098
vt 50.022999 -48.974098
vt 49.977001 -48.982101
vt 50.022999 -48.982101
vt 49.977001 -48.997101
vt 50.022999 -48.997101
vt 49.977001 -49.011600
vt 50.022999 -49.011600
vt 49.977001 -49.026600
vt 50.022999 -49.026600
vt 49.977001 -49.053902
vt 50.022999 -49.053902
vt 50.142601 -49.022999
vt 50.142601 -48.977001
vt 50.130001 -49.022999
vt 50.130001 -48.977001
vt 49.943600 -49.022999
vt 49.943600 -48.977001
vt 49.968201 -49.022999
vt 49.968201 -48.977001
vt 49.857399 -48.938499
vt 50.035500 -48.947498
vt 50.036598 -48.938499
vt 49.857399 -48.947498
vt 50.128201 -48.947498
vt 50.129501 -48.938499
vt 50.126400 -48.956501
vt 50.033699 -48.956501
vt 49.857399 -48.956501
vt 49.869999 -48.966000
vt 50.118099 -48.966000
vt 50.031799 -48.966000
vt 50.118099 -48.974098
vt 50.031399 -48.974701
vt 50.032799 -48.983501
vt 50.119801 -48.982101
vt 50.039299 -48.999599
vt 50.125999 -48.997101
vt 50.046902 -49.015400
vt 50.132999 -49.011600
vt 50.053398 -49.032001
vt 50.139198 -49.026600
vt 50.056400 -49.061501
vt 50.142601 -49.053902
vt 20.033300 -36.968800
vt 20.028700 -36.934101
vt 20.027399 -36.968899
vt 20.034599 -36.933998
vt 20.040600 -36.934502
vt 20.039400 -36.969299
vt 19.975500 -36.968498
vt 19.974199 -36.933701
vt 19.969700 -36.968300
vt 19.968399 -36.933498
vt 19.962299 -36.933998
vt 19.963499 -36.968800
vt 20.033899 -37.007900
vt 20.030800 -37.013302
vt 20.033501 -37.015800
vt 20.030399 -37.024101
vt 20.033001 -37.026600
vt 20.031300 -37.005402
vt 19.970501 -37.013500
vt 19.970301 -37.005600
vt 19.967699 -37.008099
vt 19.967800 -37.015999
vt 19.970699 -37.024399
vt 19.968100 -37.026798
vt 19.965799 -36.954700
vt 19.976801 -36.967602
vt 19.976299 -36.954399
vt 19.965500 -36.967899
vt 20.023199 -36.967098
vt 20.034100 -36.954399
vt 20.023701 -36.953999
vt 20.034401 -36.967602
vt 19.978300 -36.953602
vt 19.962000 -36.953300
vt 19.978100 -36.959599
vt 19.960800 -36.959202
vt 19.961700 -36.965099
vt 19.978001 -36.965401
vt 19.962500 -36.971901
vt 19.977699 -36.972198
vt 20.026699 -36.987000
vt 20.031799 -36.952599
vt 20.028000 -36.952202
vt 20.030500 -36.987301
vt 20.034800 -36.987301
vt 20.036100 -36.952499
vt 19.965401 -36.952301
vt 19.970501 -36.986801
vt 19.969299 -36.952000
vt 19.966600 -36.987099
vt 19.962400 -36.987099
vt 19.961100 -36.952301
vt 20.022499 -36.959202
vt 20.038601 -36.953098
vt 20.022301 -36.953201
vt 20.039801 -36.959000
vt 20.038900 -36.964901
vt 20.022600 -36.965099
vt 20.037901 -36.971600
vt 20.022699 -36.971802
vt 20.029301 -37.031200
vt 20.037399 -37.011398
vt 20.034401 -37.010899
vt 20.031900 -37.033901
vt 20.032000 -36.990601
vt 20.034901 -36.988701
vt 20.025900 -36.970600
vt 20.028799 -36.968300
vt 19.969601 -37.031601
vt 19.964701 -37.011200
vt 19.961700 -37.011700
vt 19.966999 -37.034199
vt 19.967400 -36.991001
vt 19.964500 -36.988899
vt 19.974199 -36.971001
vt 19.971300 -36.968601
vt 19.967899 -36.954102
vt 19.974600 -36.966900
vt 19.974100 -36.953701
vt 19.967699 -36.967300
vt 19.965300 -36.970200
vt 19.965500 -36.983101
vt 19.968300 -36.971802
vt 19.962601 -36.984299
vt 19.970600 -36.995701
vt 19.968000 -36.998100
vt 20.025600 -36.966499
vt 20.032301 -36.953701
vt 20.025999 -36.953300
vt 20.032499 -36.966900
vt 20.036699 -36.983002
vt 20.036501 -36.970001
vt 20.033501 -36.971600
vt 20.039600 -36.984200
vt 20.032000 -36.995499
vt 20.034599 -36.998001
vt 20.023399 -37.005299
vt 19.974600 -37.026699
vt 20.023399 -37.026699
vt 19.974600 -37.005299
vt 20.023199 -36.983299
vt 19.974800 -36.991798
vt 20.023199 -36.991798
vt 19.974800 -36.983299
vt 19.974800 -37.007801
vt 20.023199 -37.007801
vt 20.023701 -37.040699
vt 19.974300 -37.066502
vt 20.023701 -37.066502
vt 19.974300 -37.040699
vt 19.967400 -37.025799
vt 19.961700 -37.022800
vt 19.961201 -37.025799
vt 19.953300 -37.022900
vt 19.965500 -37.028000
vt 19.953400 -37.026001
vt 19.969400 -37.031601
vt 19.937000 -37.026299
vt 19.966900 -37.031799
vt 19.936899 -37.023201
vt 19.965900 -37.036098
vt 19.916800 -37.025902
vt 19.968100 -37.037701
vt 19.915001 -37.023701
vt 19.962099 -37.039799
vt 19.915199 -37.034100
vt 19.963100 -37.042599
vt 19.917101 -37.032101
vt 19.953899 -37.041302
vt 19.937300 -37.039200
vt 19.953800 -37.044300
vt 19.937799 -37.036201
vt 19.965799 -36.971298
vt 19.959600 -36.971699
vt 19.960300 -36.974701
vt 19.952000 -36.974998
vt 19.963900 -36.969299
vt 19.951900 -36.971901
vt 19.967600 -36.965401
vt 19.935499 -36.972500
vt 19.965000 -36.965401
vt 19.935600 -36.975601
vt 19.963800 -36.961102
vt 19.919001 -36.973999
vt 19.965900 -36.959400
vt 19.917299 -36.976299
vt 19.959801 -36.957600
vt 19.917000 -36.965801
vt 19.960699 -36.954800
vt 19.919001 -36.967701
vt 19.951500 -36.956600
vt 19.934999 -36.959599
vt 19.951200 -36.953602
vt 19.935801 -36.962601
vt 19.866600 -36.974201
vt 19.872801 -36.974201
vt 19.868401 -36.972000
vt 19.872400 -36.977200
vt 19.864500 -36.968399
vt 19.880199 -36.977100
vt 19.867100 -36.968201
vt 19.880100 -36.973999
vt 19.868000 -36.963902
vt 19.894899 -36.973701
vt 19.865801 -36.962299
vt 19.895000 -36.976799
vt 19.871799 -36.960201
vt 19.913099 -36.974098
vt 19.870600 -36.957401
vt 19.915001 -36.976299
vt 19.879400 -36.958698
vt 19.914600 -36.965900
vt 19.879400 -36.955700
vt 19.912600 -36.967899
vt 19.894501 -36.960800
vt 19.893900 -36.963799
vt 19.874300 -37.028301
vt 19.868099 -37.028702
vt 19.870001 -37.030701
vt 19.873699 -37.025299
vt 19.866301 -37.034599
vt 19.881500 -37.025002
vt 19.868900 -37.034599
vt 19.881599 -37.028099
vt 19.870001 -37.038898
vt 19.896400 -37.027500
vt 19.867901 -37.040600
vt 19.896299 -37.024399
vt 19.874001 -37.042400
vt 19.910900 -37.026001
vt 19.873100 -37.045200
vt 19.912600 -37.023701
vt 19.881701 -37.043400
vt 19.912901 -37.034199
vt 19.882000 -37.046398
vt 19.910801 -37.032299
vt 19.896700 -37.040401
vt 19.895901 -37.037399
vt 19.916500 -36.961800
vt 19.922899 -36.978001
vt 19.922501 -36.962700
vt 19.910999 -36.978298
vt 19.910601 -36.963100
vt 19.905600 -36.978298
vt 19.905199 -36.962002
vt 19.909201 -37.037300
vt 19.903400 -37.022301
vt 19.903900 -37.038601
vt 19.908800 -37.021999
vt 19.915199 -37.038200
vt 19.920700 -37.021702
vt 19.921200 -37.036900
vt 19.909700 -37.028801
vt 19.918200 -37.026001
vt 19.909599 -37.025902
vt 19.918400 -37.028801
vt 19.941299 -37.034698
vt 19.941099 -37.031700
vt 19.920099 -36.973701
vt 19.911501 -36.971298
vt 19.911400 -36.974201
vt 19.920099 -36.970798
vt 19.942600 -36.966499
vt 19.942600 -36.963501
vt 19.880100 -36.968300
vt 19.908001 -36.973999
vt 19.908701 -36.971199
vt 19.880501 -36.965302
vt 19.878599 -37.033501
vt 19.906900 -37.029202
vt 19.906099 -37.026299
vt 19.879200 -37.036499
vt 20.132799 -36.969799
vt 20.118500 -36.937901
vt 20.124500 -36.970001
vt 20.126301 -36.935001
vt 20.103701 -36.945099
vt 20.131901 -36.934101
vt 20.108101 -36.968899
vt 20.138300 -36.968899
vt 20.089800 -36.966702
vt 20.087400 -36.953499
vt 20.105499 -36.945301
vt 20.085400 -36.954300
vt 20.087900 -36.967499
vt 20.129400 -36.935101
vt 20.140699 -36.968800
vt 20.134199 -36.933998
vt 20.110001 -36.969101
vt 20.135799 -36.969799
vt 20.120600 -36.938202
vt 20.126499 -36.970299
vt 20.076599 -36.969002
vt 20.085800 -36.961102
vt 20.075800 -36.963001
vt 20.074400 -36.957100
vt 20.082001 -36.974098
vt 20.077499 -36.950401
vt 20.087999 -36.973000
vt 20.083500 -36.949299
vt 20.093901 -36.971901
vt 20.089399 -36.948200
vt 20.097099 -36.965099
vt 20.094801 -36.953300
vt 20.095699 -36.959202
vt 20.079901 -36.963100
vt 20.057400 -36.981800
vt 20.079399 -36.988899
vt 20.088499 -36.968601
vt 20.053101 -36.998600
vt 20.079300 -37.011700
vt 20.048599 -37.015202
vt 20.057800 -37.015499
vt 20.067400 -37.018501
vt 20.073900 -37.024601
vt 20.078899 -37.034199
vt 20.101500 -36.984798
vt 20.119499 -36.970200
vt 20.091299 -36.960899
vt 20.085300 -36.969200
vt 20.129700 -36.984299
vt 20.110001 -37.005901
vt 20.131201 -37.001701
vt 20.139601 -36.998100
vt 20.123199 -37.008099
vt 20.119400 -37.015999
vt 20.118200 -37.026798
vt 20.132601 -37.001598
vt 20.123800 -37.005402
vt 20.124599 -37.007900
vt 20.131701 -36.999001
vt 20.141001 -36.998001
vt 20.140200 -36.995499
vt 19.945400 -37.066502
vt 19.861300 -37.035599
vt 19.858000 -37.060600
vt 19.947800 -37.040699
vt 19.953699 -37.026699
vt 19.870300 -37.014198
vt 19.861900 -37.033600
vt 19.963800 -37.005299
vt 19.968599 -36.991798
vt 19.882601 -36.982700
vt 19.880899 -36.990501
vt 19.969999 -36.983299
vt 19.962000 -37.007801
vt 19.874800 -37.005199
vt 20.040600 -36.987499
vt 20.039301 -36.951900
vt 20.034100 -36.952702
vt 20.045799 -36.986698
vt 20.065001 -36.952900
vt 20.085501 -36.967899
vt 20.083000 -36.954700
vt 20.048800 -36.951698
vt 20.069401 -36.976700
vt 20.054701 -36.983700
vt 20.044800 -36.986000
vt 20.046700 -36.951199
vt 20.038300 -36.951302
vt 20.032600 -36.952400
vt 20.052601 -36.983200
vt 20.039101 -36.987202
vt 20.063101 -36.952599
vt 20.067499 -36.976398
vt 20.087500 -36.967098
vt 20.084999 -36.953999
vt 20.075300 -37.021599
vt 20.068800 -37.015499
vt 20.068800 -37.018200
vt 20.059099 -37.015099
vt 20.075199 -37.024200
vt 20.059200 -37.012402
vt 20.049999 -37.014801
vt 20.049999 -37.012100
vt 20.040501 -36.987301
vt 20.037901 -36.952000
vt 20.034100 -36.952499
vt 20.044399 -36.986698
vt 20.062201 -36.953400
vt 20.085400 -36.968102
vt 20.082899 -36.954899
vt 20.046101 -36.952000
vt 20.066601 -36.977200
vt 20.052099 -36.984001
vt 20.046801 -36.985901
vt 20.048100 -36.951099
vt 20.040400 -36.951099
vt 20.036100 -36.952000
vt 20.054100 -36.983200
vt 20.042601 -36.986801
vt 20.064501 -36.952499
vt 20.069000 -36.976299
vt 20.083500 -36.967999
vt 20.080999 -36.954800
vt 20.079300 -36.950298
vt 20.077499 -36.962898
vt 20.097401 -36.959202
vt 20.076099 -36.957001
vt 20.091200 -36.948101
vt 20.096600 -36.953201
vt 20.095600 -36.971802
vt 20.098801 -36.965099
vt 20.083700 -36.973999
vt 20.078300 -36.968800
vt 20.103600 -36.986500
vt 20.121401 -36.971600
vt 20.093901 -36.962799
vt 20.087799 -36.971100
vt 20.130501 -36.983002
vt 20.111000 -37.005299
vt 20.118799 -37.024101
vt 20.120001 -37.013302
vt 20.081800 -36.965000
vt 20.058901 -36.983101
vt 20.080900 -36.990601
vt 20.090401 -36.970600
vt 20.054300 -36.997002
vt 20.080500 -37.010899
vt 20.080299 -37.031200
vt 20.133600 -36.969601
vt 20.119900 -36.937698
vt 20.125900 -36.969700
vt 20.127199 -36.934898
vt 20.105101 -36.944901
vt 20.131599 -36.934101
vt 20.109501 -36.968700
vt 20.138000 -36.968899
vt 20.089300 -36.966900
vt 20.086901 -36.953701
vt 20.104099 -36.945702
vt 20.089199 -36.953701
vt 20.091600 -36.966900
vt 20.125999 -36.935699
vt 20.136400 -36.969601
vt 20.129999 -36.934799
vt 20.108500 -36.969501
vt 20.132401 -36.970501
vt 20.124201 -36.970699
vt 20.118299 -36.938702
vt 20.025700 -37.035599
vt 19.976299 -37.035599
vt 19.976299 -37.060600
vt 20.025700 -37.060600
vt 20.025200 -36.982700
vt 19.976801 -36.982700
vt 19.976801 -36.990501
vt 20.025200 -36.990501
vt 19.976801 -37.005199
vt 20.025200 -37.005199
vt 20.025400 -37.014198
vt 19.976601 -37.014198
vt 19.976601 -37.033600
vt 20.025400 -37.033600
vt 19.965799 -36.953999
vt 19.976801 -36.966702
vt 19.976299 -36.953499
vt 19.965500 -36.967201
vt 20.034100 -36.954300
vt 20.034401 -36.967499
vt 20.027399 -36.987099
vt 20.034599 -36.952801
vt 20.028700 -36.952301
vt 20.033300 -36.987598
vt 20.039400 -36.987499
vt 20.040600 -36.952702
vt 19.968399 -36.952999
vt 19.975500 -36.987202
vt 19.974199 -36.952400
vt 19.969700 -36.987801
vt 19.963499 -36.987801
vt 19.962299 -36.952999
vt 20.030800 -37.021900
vt 20.033899 -37.018501
vt 20.031300 -37.015900
vt 20.033501 -37.024601
vt 20.030399 -37.031601
vt 20.033001 -37.034199
vt 19.967800 -37.024200
vt 19.970699 -37.031200
vt 19.970501 -37.021599
vt 19.968100 -37.033901
vt 20.022301 -36.957401
vt 20.037300 -36.950401
vt 20.021999 -36.950699
vt 20.038601 -36.957100
vt 20.022499 -36.963299
vt 20.039801 -36.963001
vt 20.038900 -36.969002
vt 20.022600 -36.969299
vt 19.967899 -36.954899
vt 19.974600 -36.967499
vt 19.974100 -36.954399
vt 19.967699 -36.968102
vt 20.025600 -36.967999
vt 20.032301 -36.955200
vt 20.025999 -36.954800
vt 20.032499 -36.968399
vt 19.963100 -36.950100
vt 19.978300 -36.957001
vt 19.978300 -36.950298
vt 19.962000 -36.956902
vt 19.978100 -36.962898
vt 19.960800 -36.962700
vt 19.961700 -36.968700
vt 19.978001 -36.968800
vt 19.968300 -36.983101
vt 19.974001 -36.965000
vt 19.971201 -36.962700
vt 19.965300 -36.981499
vt 19.965500 -36.997002
vt 19.962601 -36.998299
vt 19.970600 -37.012100
vt 19.968000 -37.014801
vt 20.036501 -36.981800
vt 20.029200 -36.963100
vt 20.026300 -36.965401
vt 20.036699 -36.997398
vt 20.033501 -36.983501
vt 20.039600 -36.998600
vt 20.032000 -37.012501
vt 20.034599 -37.015202
vt 20.028000 -36.934101
vt 20.026699 -36.968899
vt 20.030500 -36.968800
vt 20.031799 -36.933998
vt 20.036100 -36.934299
vt 20.034800 -36.969101
vt 20.029301 -37.024399
vt 20.037399 -37.005901
vt 20.034401 -37.005501
vt 20.031900 -37.026798
vt 20.032000 -36.986698
vt 20.034901 -36.984798
vt 20.025900 -36.971500
vt 20.028799 -36.969200
vt 20.025999 -36.963100
vt 20.028799 -36.960899
vt 19.969299 -36.934502
vt 19.966600 -36.969200
vt 19.970501 -36.969299
vt 19.965401 -36.934502
vt 19.961100 -36.934799
vt 19.962400 -36.969601
vt 19.969601 -37.024101
vt 19.961700 -37.005798
vt 19.966999 -37.026600
vt 19.964701 -37.005299
vt 19.967400 -36.986500
vt 19.964500 -36.984600
vt 19.974199 -36.971100
vt 19.971300 -36.968899
vt 19.973700 -36.962799
vt 19.970800 -36.960602
vt 20.057800 -36.965698
vt 20.067301 -36.968800
vt 20.067400 -36.966099
vt 20.057600 -36.968300
vt 20.048599 -36.965401
vt 20.048500 -36.967999
vt 20.045300 -37.024502
vt 20.052500 -37.024799
vt 20.052601 -37.021801
vt 20.044800 -37.021500
vt 20.067499 -37.022400
vt 20.039101 -37.024502
vt 20.067400 -37.025398
vt 20.040899 -37.026699
vt 20.085699 -37.025398
vt 20.037001 -37.030300
vt 20.087500 -37.023201
vt 20.039600 -37.030499
vt 20.087200 -37.034401
vt 20.040501 -37.034801
vt 20.085400 -37.032299
vt 20.038401 -37.036499
vt 20.067200 -37.038700
vt 20.044399 -37.038502
vt 20.066601 -37.035702
vt 20.043301 -37.041302
vt 20.052099 -37.040100
vt 20.052200 -37.043201
vt 20.054001 -36.976101
vt 20.046801 -36.973000
vt 20.046101 -36.976002
vt 20.040600 -36.972599
vt 20.054100 -36.973099
vt 20.042601 -36.970501
vt 20.068899 -36.976501
vt 20.038900 -36.966702
vt 20.069000 -36.973400
vt 20.041500 -36.966599
vt 20.083500 -36.974400
vt 20.042700 -36.962399
vt 20.085100 -36.976799
vt 20.040600 -36.960602
vt 20.085501 -36.965500
vt 20.046700 -36.958900
vt 20.083599 -36.967499
vt 20.045799 -36.956001
vt 20.069401 -36.960098
vt 20.054501 -36.957802
vt 20.068701 -36.963100
vt 20.054701 -36.954700
vt 20.125799 -36.978199
vt 20.134100 -36.978500
vt 20.133600 -36.975498
vt 20.139799 -36.975498
vt 20.125900 -36.975201
vt 20.138000 -36.973301
vt 20.109400 -36.977600
vt 20.142000 -36.969700
vt 20.109501 -36.974602
vt 20.139400 -36.969501
vt 20.089300 -36.974602
vt 20.138500 -36.965199
vt 20.087500 -36.976799
vt 20.140699 -36.963501
vt 20.087900 -36.965599
vt 20.134701 -36.961498
vt 20.089701 -36.967701
vt 20.135799 -36.958698
vt 20.110001 -36.961300
vt 20.126600 -36.959900
vt 20.110500 -36.964298
vt 20.126499 -36.956799
vt 20.132099 -37.027000
vt 20.124500 -37.023899
vt 20.124399 -37.026901
vt 20.132799 -37.023998
vt 20.108101 -37.023499
vt 20.138300 -37.027401
vt 20.108000 -37.026600
vt 20.136400 -37.029499
vt 20.091499 -37.025600
vt 20.140100 -37.033298
vt 20.089800 -37.023201
vt 20.137600 -37.033401
vt 20.089600 -37.034500
vt 20.136400 -37.037601
vt 20.091600 -37.032501
vt 20.138500 -37.039398
vt 20.107700 -37.039902
vt 20.132401 -37.041100
vt 20.108500 -37.036900
vt 20.133400 -37.043999
vt 20.124201 -37.042198
vt 20.124001 -37.045300
vt 20.076200 -36.977402
vt 20.082001 -36.962101
vt 20.076599 -36.961102
vt 20.081600 -36.977299
vt 20.087999 -36.961102
vt 20.093500 -36.977699
vt 20.093901 -36.962502
vt 20.095100 -37.037899
vt 20.095600 -37.022701
vt 20.089100 -37.038898
vt 20.083700 -37.022301
vt 20.083200 -37.037498
vt 20.078300 -37.021999
vt 20.077801 -37.038300
vt 19.912901 -36.953999
vt 19.896700 -36.945702
vt 19.910400 -36.967201
vt 19.861500 -36.969299
vt 19.873100 -36.935600
vt 19.867901 -36.934502
vt 19.892300 -36.969501
vt 19.866600 -36.970402
vt 19.882000 -36.938801
vt 19.875999 -36.970798
vt 19.880199 -36.937599
vt 19.865900 -36.969398
vt 19.874201 -36.969601
vt 19.872400 -36.934700
vt 19.895000 -36.944801
vt 19.866600 -36.933701
vt 19.890600 -36.968601
vt 19.860201 -36.968498
vt 19.912500 -36.967098
vt 19.915001 -36.953999
vt 19.913099 -36.960899
vt 19.904900 -36.971600
vt 19.910900 -36.972698
vt 19.901699 -36.964901
vt 19.916800 -36.973900
vt 19.903200 -36.959000
vt 19.922199 -36.968700
vt 19.903900 -36.953098
vt 19.923000 -36.962700
vt 19.909201 -36.947899
vt 19.924400 -36.956902
vt 19.915199 -36.949001
vt 19.921200 -36.950100
vt 19.941299 -36.981499
vt 19.918400 -36.962700
vt 19.919300 -36.988701
vt 19.909700 -36.968300
vt 19.945700 -36.998299
vt 19.919600 -37.011398
vt 19.940901 -37.015099
vt 19.950001 -37.014801
vt 19.931200 -37.018200
vt 19.924801 -37.024200
vt 19.919800 -37.033901
vt 19.879200 -36.970001
vt 19.897200 -36.984600
vt 19.906900 -36.960602
vt 19.913000 -36.968899
vt 19.869200 -36.984200
vt 19.888901 -37.005798
vt 19.858999 -36.998001
vt 19.867399 -37.001598
vt 19.875401 -37.007900
vt 19.879200 -37.015800
vt 19.880400 -37.026600
vt 20.138700 -37.035599
vt 20.052200 -37.040699
vt 20.054600 -37.066502
vt 20.142000 -37.060600
vt 19.877701 -37.005600
vt 19.868799 -37.001701
vt 19.876801 -37.008099
vt 19.869801 -36.999199
vt 19.860399 -36.998100
vt 19.861401 -36.995701
vt 19.952000 -36.951000
vt 19.953899 -36.985901
vt 19.960300 -36.951099
vt 19.965799 -36.952301
vt 19.945999 -36.983101
vt 19.959400 -36.987099
vt 19.935600 -36.952400
vt 19.931101 -36.976200
vt 19.914900 -36.967602
vt 19.917299 -36.954399
vt 20.129700 -37.014198
vt 20.036200 -37.005299
vt 20.046301 -37.026699
vt 20.138100 -37.033600
vt 20.117399 -36.982700
vt 20.030001 -36.983299
vt 20.031401 -36.991798
vt 20.119101 -36.990501
vt 20.038000 -37.007801
vt 20.125200 -37.005199
vt 19.963100 -36.952301
vt 19.961599 -36.987801
vt 19.968100 -36.952999
vt 19.956699 -36.987000
vt 19.912800 -36.967602
vt 19.937300 -36.953201
vt 19.915199 -36.954399
vt 19.953800 -36.952099
vt 19.932800 -36.977001
vt 19.947800 -36.984100
vt 19.953400 -36.951302
vt 19.954700 -36.986099
vt 19.961201 -36.951302
vt 19.965500 -36.952202
vt 19.947500 -36.983398
vt 19.959101 -36.987000
vt 19.937000 -36.952702
vt 19.932600 -36.976501
vt 19.914301 -36.967499
vt 19.916800 -36.954399
vt 19.959801 -36.951599
vt 19.957300 -36.987099
vt 19.963800 -36.952301
vt 19.953300 -36.986401
vt 19.916401 -36.968399
vt 19.935801 -36.953098
vt 19.919001 -36.955200
vt 19.951500 -36.951599
vt 19.931299 -36.976898
vt 19.945499 -36.983700
vt 19.922899 -36.950699
vt 19.924601 -36.963299
vt 19.926001 -36.957401
vt 19.910999 -36.948502
vt 19.904800 -36.959599
vt 19.905600 -36.953602
vt 19.918400 -36.974400
vt 19.923800 -36.969299
vt 19.906500 -36.972198
vt 19.903299 -36.965401
vt 19.880100 -36.971802
vt 19.897900 -36.986698
vt 19.908001 -36.963100
vt 19.914101 -36.971500
vt 19.870899 -36.983101
vt 19.890301 -37.005501
vt 19.881599 -37.013500
vt 19.882799 -37.024399
vt 19.942600 -36.983501
vt 19.920099 -36.965401
vt 19.920601 -36.991001
vt 19.911400 -36.971001
vt 19.946899 -36.997398
vt 19.920799 -37.011200
vt 19.921301 -37.031601
vt 19.926300 -37.021900
vt 19.932699 -37.015900
vt 19.942400 -37.012798
vt 19.951500 -37.012501
vt 19.912600 -36.954102
vt 19.893900 -36.945202
vt 19.910299 -36.967300
vt 19.861500 -36.969101
vt 19.871799 -36.935200
vt 19.868000 -36.934299
vt 19.889500 -36.969101
vt 19.865299 -36.970001
vt 19.873400 -36.970200
vt 19.879400 -36.938202
vt 19.881599 -36.938099
vt 19.867901 -36.970001
vt 19.875601 -36.970100
vt 19.874300 -36.935200
vt 19.896400 -36.945202
vt 19.870001 -36.934502
vt 19.892000 -36.969002
vt 19.863600 -36.969299
vt 19.908501 -36.966499
vt 19.910900 -36.953300
vt 13.997000 -58.994900
vt 14.001100 -58.995899
vt 13.996900 -58.994099
vt 14.000600 -58.996399
vt 13.997000 -58.995602
vt 14.002800 -59.000000
vt 14.000100 -58.996899
vt 14.002100 -59.000000
vt 14.001400 -59.000000
vt 14.000100 -59.003101
vt 14.000600 -59.003601
vt 13.997000 -59.004398
vt 13.997000 -59.005100
vt 14.001100 -59.004101
vt 13.996900 -59.005901
vt 14.000700 -59.001099
vt 14.000000 -58.996899
vt 14.000000 -59.001301
vt 14.000700 -58.996899
vt 13.999300 -59.001099
vt 13.999300 -58.996899
vt 13.999300 -58.997002
vt 13.999300 -59.000099
vt 14.000000 -58.999901
vt 14.000000 -58.997101
vt 14.000700 -58.997002
vt 14.000700 -59.000099
vt 14.000700 -59.000000
vt 14.000000 -59.000000
vt 13.999300 -59.000000
vt 14.000000 -59.002899
vt 14.000700 -59.003101
vt 13.999300 -59.003101
vt 13.998900 -58.995899
vt 14.003000 -58.994900
vt 14.003100 -58.994099
vt 13.999400 -58.996399
vt 14.003000 -58.995602
vt 13.997200 -59.000000
vt 13.999900 -58.996899
vt 13.998900 -59.004101
vt 14.003100 -59.005901
vt 14.003000 -59.005100
vt 13.999400 -59.003601
vt 14.003000 -59.004398
vt 13.997900 -59.000000
vt 13.998600 -59.000000
vt 13.999900 -59.003101
vt 14.000700 -58.995899
vt 14.000000 -58.995701
vt 13.999300 -58.995899
vt 13.999300 -59.004101
vt 14.000000 -59.004299
vt 14.000700 -59.004101
vt 53.998798 -53.000000
vt 54.001202 -52.993999
vt 53.998798 -52.993698
vt 54.001202 -53.006001
vt 53.998798 -53.006302
vt 54.001202 -53.000000
vt 54.000000 -52.998798
vt 54.006001 -53.001202
vt 54.006302 -52.998798
vt 54.000000 -53.001202
vt 53.993999 -53.001202
vt 53.993698 -52.998798
vt 53.998798 -52.993999
vt 53.998798 -53.006001
vt 54.001202 -52.993698
vt 54.001202 -53.006302
vt 16.006599 -49.004601
vt 16.006599 -49.000000
vt 16.002800 -49.000000
vt 16.006599 -48.995399
vt 16.002800 -49.006001
vt 16.002800 -48.993999
vt 15.993400 -49.000000
vt 16.000401 -48.993698
vt 15.993400 -48.993000
vt 16.000401 -49.000000
vt 16.000401 -49.006302
vt 15.993400 -49.007000
vt 16.000000 -49.002800
vt 15.994100 -49.002800
vt 15.995400 -49.006599
vt 16.000000 -49.006599
vt 16.004601 -49.006599
vt 16.006001 -49.002800
vt 16.006300 -49.000401
vt 16.000000 -48.993401
vt 16.000000 -49.000401
vt 15.993700 -49.000401
vt 16.007000 -48.993401
vt 15.993000 -48.993401
vt 15.997200 -49.000000
vt 15.993400 -49.004601
vt 15.997200 -49.006001
vt 15.997200 -48.993999
vt 15.993400 -48.995399
vt 15.999600 -48.993698
vt 16.006599 -48.993000
vt 15.999600 -49.000000
vt 15.999600 -49.006302
vt 16.006599 -49.007000
vt 15.995400 -49.004601
vt 16.004601 -48.995399
vt 15.995400 -48.995399
vt 16.004601 -49.004601
vt 4.019660 -4.978610
vt 3.980340 -4.978610
vt 4.019660 -5.021390
vt 3.980340 -5.021390
vt 3.980340 -4.983280
vt 4.019660 -4.983280
vt 4.019660 -4.994380
vt 3.980340 -4.994380
vt 3.980340 -4.999060
vt 4.019660 -4.999060
vt 4.124100 -4.980340
vt 4.046330 -4.980340
vt 4.124100 -5.019660
vt 4.046330 -5.019660
vt 3.966710 -4.980340
vt 3.865920 -5.019660
vt 3.966710 -5.019660
vt 3.865920 -4.980340
vt 3.973260 -4.980340
vt 4.039790 -5.019660
vt 4.039790 -4.980340
vt 3.973260 -5.019660
vt 4.026740 -4.999060
vt 3.865920 -5.021390
vt 4.134080 -5.021390
vt 3.960210 -4.999060
vt 4.030010 -4.994380
vt 3.956940 -4.994380
vt 4.134080 -4.978610
vt 4.033290 -4.978610
vt 4.030010 -4.983280
vt 3.875900 -4.978610
vt 3.953670 -4.978610
vt 3.956940 -4.983280
vt 4.134080 -4.980340
vt 4.134080 -5.019660
vt 3.865920 -4.978610
vt 3.969990 -4.994380
vt 3.966710 -4.978610
vt 3.969990 -4.983280
vt 3.973260 -4.999060
vt 4.039790 -4.999060
vt 4.043060 -4.994380
vt 4.124100 -4.978610
vt 4.046330 -4.978610
vt 4.043060 -4.983280
vt 49.976200 -45.016800
vt 49.975899 -44.997799
vt 49.972000 -45.018501
vt 49.980801 -44.997101
vt 49.968899 -45.015499
vt 50.027000 -45.005100
vt 50.027100 -45.011200
vt 50.030201 -45.009701
vt 50.030899 -45.004101
vt 50.023800 -45.009998
vt 50.021801 -44.997101
vt 49.980400 -45.002102
vt 49.981602 -44.984001
vt 49.976898 -44.996101
vt 49.976898 -45.003799
vt 49.973099 -45.000500
vt 49.973400 -44.985699
vt 49.977901 -44.981602
vt 50.030102 -45.020302
vt 50.031101 -44.995998
vt 50.027100 -45.011398
vt 50.027000 -45.022701
vt 50.023998 -45.021000
vt 50.027100 -44.999199
vt 50.023102 -45.011799
vt 50.022400 -44.998600
vt 50.025700 -44.995899
vt 50.028900 -44.991001
vt 50.017502 -44.985401
vt 50.019798 -44.980801
vt 50.014000 -44.978802
vt 49.984501 -44.970001
vt 49.982800 -44.973900
vt 49.997898 -44.974300
vt 49.982498 -44.978100
vt 49.979599 -44.976200
vt 49.976299 -44.974400
vt 50.018101 -44.979401
vt 50.012100 -44.979698
vt 50.015400 -44.982399
vt 50.027000 -45.007301
vt 50.027100 -44.996101
vt 50.023499 -45.006401
vt 50.022099 -44.995998
vt 50.031700 -45.011700
vt 50.027000 -45.028000
vt 50.030102 -45.027100
vt 50.022202 -45.011902
vt 50.023201 -45.026798
vt 50.064602 -45.017101
vt 50.048801 -45.021099
vt 50.065300 -45.022099
vt 50.105400 -45.017300
vt 50.105598 -45.023800
vt 50.103901 -45.010899
vt 50.064800 -45.009800
vt 50.049599 -45.014999
vt 50.043598 -45.018101
vt 50.049198 -44.992802
vt 50.044102 -45.013699
vt 50.044102 -44.986698
vt 50.122299 -44.984600
vt 50.127602 -44.985401
vt 50.126400 -44.980701
vt 50.127102 -45.014000
vt 50.120998 -45.016102
vt 50.124199 -45.019402
vt 50.119202 -45.022202
vt 49.878799 -45.014400
vt 49.877701 -45.005600
vt 49.873600 -45.007599
vt 49.872398 -44.997898
vt 49.882801 -44.984501
vt 49.882301 -45.014099
vt 49.891499 -45.014400
vt 49.885502 -45.018799
vt 49.894299 -44.994999
vt 49.896900 -44.982700
vt 49.886398 -44.978901
vt 49.879902 -44.982800
vt 49.898300 -44.978100
vt 49.964401 -44.978001
vt 49.964600 -44.975201
vt 49.899300 -44.975498
vt 49.963799 -44.984299
vt 49.931198 -44.994598
vt 49.976501 -44.985100
vt 49.965099 -45.007099
vt 49.931198 -45.008598
vt 49.933899 -45.016899
vt 49.897598 -45.020302
vt 49.929699 -45.022499
vt 49.963799 -45.020699
vt 49.899399 -45.024399
vt 49.966099 -45.026199
vt 49.976799 -45.013599
vt 49.977299 -45.021198
vt 49.982300 -45.025002
vt 49.981701 -45.018501
vt 49.980801 -44.986000
vt 49.981098 -45.013599
vt 49.987801 -45.020599
vt 50.010601 -45.025200
vt 50.038898 -45.020302
vt 50.043201 -45.025398
vt 49.981499 -44.981499
vt 49.977200 -44.979099
vt 49.983601 -44.975899
vt 49.987598 -44.980598
vt 49.982300 -44.973000
vt 50.014900 -44.976200
vt 50.015598 -44.972900
vt 50.014702 -44.980598
vt 50.028801 -44.980801
vt 49.982899 -44.983700
vt 50.026402 -44.983898
vt 50.029301 -44.976200
vt 50.039501 -44.981098
vt 50.044300 -44.976398
vt 50.043598 -44.982201
vt 50.048901 -44.979301
vt 50.049400 -44.983799
vt 50.065498 -44.984200
vt 50.069000 -44.978298
vt 50.109200 -44.983898
vt 50.105400 -44.978100
vt 50.101200 -44.971802
vt 50.120899 -44.979000
vt 50.006302 -45.015499
vt 50.000401 -45.018398
vt 50.007099 -45.018501
vt 50.000702 -44.990601
vt 50.016998 -44.996201
vt 50.020901 -44.997799
vt 50.028000 -44.987301
vt 50.033600 -44.990700
vt 50.043701 -44.988602
vt 50.026901 -44.982601
vt 50.017700 -44.978901
vt 50.035400 -44.977798
vt 50.051701 -44.982899
vt 50.068699 -44.982399
vt 50.054798 -44.986000
vt 50.098801 -45.010601
vt 50.098598 -44.997398
vt 50.092499 -45.008900
vt 50.105301 -45.009998
vt 50.108101 -44.997101
vt 50.097500 -44.978802
vt 50.086201 -44.985802
vt 50.081799 -44.988201
vt 50.088699 -44.996101
vt 50.098499 -44.985199
vt 50.107300 -44.985699
vt 50.098598 -44.995201
vt 50.093899 -45.001999
vt 50.098598 -45.003399
vt 50.104000 -45.000500
vt 49.881199 -44.989101
vt 49.883900 -44.986198
vt 49.875801 -44.977798
vt 49.886101 -45.011002
vt 49.887001 -44.998299
vt 49.898499 -45.026798
vt 49.904900 -45.021000
vt 49.898499 -45.022800
vt 49.908100 -45.011799
vt 49.891701 -45.019699
vt 49.898602 -44.999199
vt 49.916100 -44.998600
vt 49.897701 -44.990700
vt 49.895802 -44.983299
vt 49.929298 -44.984600
vt 49.879700 -44.980400
vt 50.111000 -44.985401
vt 50.084900 -44.996601
vt 50.093399 -44.984798
vt 50.062302 -44.986801
vt 50.102901 -44.982101
vt 50.115799 -44.978802
vt 50.115398 -44.976200
vt 50.120098 -44.973900
vt 50.113602 -44.971199
vt 50.111099 -44.974400
vt 50.112099 -44.981602
vt 50.101700 -44.970501
vt 50.100700 -44.973301
vt 50.035599 -44.972198
vt 50.035400 -44.974602
vt 50.018299 -44.979698
vt 50.017700 -44.985298
vt 50.022598 -44.983200
vt 50.036098 -44.986000
vt 50.012199 -44.981300
vt 49.979099 -44.986599
vt 49.961102 -44.982399
vt 49.955502 -44.986099
vt 49.956402 -44.979401
vt 49.990601 -44.993599
vt 50.017700 -44.991001
vt 49.970600 -44.995602
vt 50.001801 -45.001400
vt 49.983601 -45.004002
vt 49.954899 -44.991798
vt 49.951099 -44.982399
vt 49.936199 -44.994598
vt 49.936100 -44.981499
vt 49.896702 -44.981899
vt 49.955700 -44.997101
vt 49.964500 -45.007702
vt 49.968399 -45.009602
vt 49.972099 -45.009800
vt 50.051701 -44.995998
vt 50.068600 -44.994301
vt 50.006901 -45.028000
vt 50.020802 -45.013699
vt 50.016701 -45.011902
vt 50.038700 -44.996399
vt 50.042801 -45.006401
vt 50.050701 -44.992599
vt 49.985100 -44.983898
vt 49.984402 -44.988300
vt 50.016399 -44.976700
vt 49.970699 -44.984402
vt 49.965302 -44.989799
vt 49.955700 -44.980900
vt 49.930099 -44.978600
vt 49.970402 -44.996799
vt 49.951099 -44.975201
vt 49.931000 -44.972599
vt 49.898800 -44.977600
vt 49.936401 -44.991001
vt 49.883301 -44.976700
vt 49.894600 -44.971600
vt 49.879101 -44.972500
vt 49.873600 -44.976101
vt 49.915798 -44.984001
vt 49.897400 -44.985600
vt 49.905800 -44.986500
vt 49.901798 -44.990601
vt 49.908298 -44.988701
vt 49.891800 -44.990002
vt 49.896599 -44.991199
vt 49.902302 -44.992802
vt 49.890900 -44.993000
vt 49.883400 -44.984299
vt 49.896301 -44.994598
vt 49.914799 -44.988602
vt 49.929798 -45.007500
vt 49.927502 -45.010399
vt 49.937099 -45.010799
vt 49.936298 -45.015099
vt 49.943901 -45.010700
vt 49.954899 -44.997601
vt 49.959099 -45.002899
vt 49.945202 -45.014198
vt 49.979301 -45.000301
vt 49.984600 -44.995998
vt 49.984798 -45.002602
vt 49.988899 -45.000000
vt 49.989601 -45.014198
vt 49.994999 -45.017899
vt 49.994499 -45.020401
vt 50.000999 -45.022301
vt 49.988899 -45.007900
vt 50.000702 -45.021301
vt 49.992802 -45.021599
vt 49.995300 -45.027100
vt 50.005199 -45.026798
vt 50.000702 -45.028301
vt 49.969898 -45.008400
vt 49.972599 -45.009602
vt 49.969002 -45.002499
vt 49.976299 -45.008900
vt 49.972900 -44.996498
vt 50.018501 -44.987999
vt 50.023201 -44.996101
vt 50.023300 -44.988201
vt 50.026199 -45.001999
vt 50.027401 -44.985802
vt 50.023201 -45.003601
vt 50.019600 -45.002300
vt 49.980598 -44.977798
vt 49.980499 -44.986198
vt 49.983898 -44.980400
vt 49.975101 -44.989101
vt 49.969200 -45.010201
vt 49.973099 -45.011002
vt 49.969898 -45.020302
vt 49.977798 -44.998299
vt 49.973000 -45.022598
vt 49.976398 -45.019699
vt 49.978001 -44.996601
vt 49.987701 -44.981800
vt 50.014000 -44.975899
vt 49.986401 -44.977699
vt 49.984001 -44.983200
vt 49.981499 -44.979698
vt 49.978001 -44.997101
vt 49.972900 -45.002899
vt 49.976501 -45.007702
vt 49.973000 -45.008499
vt 49.969898 -45.007500
vt 49.969002 -45.002602
vt 49.969101 -44.994202
vt 50.031799 -44.990002
vt 50.025299 -44.984299
vt 50.028999 -44.993000
vt 50.025398 -44.993500
vt 50.020699 -44.984299
vt 50.031898 -45.007500
vt 50.029202 -44.984001
vt 50.025299 -44.988602
vt 50.028900 -45.010399
vt 50.025299 -45.009701
vt 50.020302 -44.988800
vt 50.030899 -45.017899
vt 50.026199 -45.014198
vt 50.028099 -45.020401
vt 50.024101 -45.018799
vt 49.973099 -45.008701
vt 49.977100 -45.021599
vt 49.977299 -45.007900
vt 49.973099 -45.021400
vt 49.969002 -45.021301
vt 49.976200 -45.027100
vt 49.973099 -45.028301
vt 49.969898 -45.027100
vt 50.016998 -44.980801
vt 50.033600 -44.980801
vt 50.020901 -44.975899
vt 50.033600 -44.972801
vt 50.016998 -44.971401
vt 50.034100 -44.976799
vt 50.043701 -44.973000
vt 50.045101 -44.976799
vt 50.043499 -44.980400
vt 50.054798 -44.977100
vt 50.068699 -44.973202
vt 50.051701 -44.972599
vt 50.051701 -44.981400
vt 50.083302 -44.983601
vt 50.040298 -44.982498
vt 50.068699 -44.981098
vt 50.068802 -44.976700
vt 50.081799 -44.976700
vt 50.092201 -45.030102
vt 50.098598 -45.030800
vt 50.098701 -45.027100
vt 50.090801 -45.027401
vt 50.105099 -45.030201
vt 50.068600 -45.030201
vt 50.081100 -45.027100
vt 50.068699 -45.027100
vt 50.092499 -45.023701
vt 50.106499 -45.027100
vt 50.098801 -45.023102
vt 50.105301 -45.023800
vt 50.085300 -44.981499
vt 50.086201 -44.972599
vt 50.098598 -44.976898
vt 50.093899 -44.973801
vt 50.092999 -44.976799
vt 50.094501 -44.980400
vt 50.098598 -44.973099
vt 50.098499 -44.980999
vt 50.103699 -44.980400
vt 50.104000 -44.973099
vt 50.104301 -44.976898
vt 49.950699 -45.012100
vt 49.956402 -45.018101
vt 49.955898 -45.013699
vt 49.955898 -44.986698
vt 49.950600 -44.987801
vt 49.950901 -44.984901
vt 49.956402 -44.982201
vt 49.935501 -44.985699
vt 49.934399 -44.987999
vt 49.936100 -45.011600
vt 49.915600 -44.987598
vt 49.899101 -45.000801
vt 49.895302 -44.984699
vt 49.896702 -45.012600
vt 49.878101 -45.002899
vt 49.877998 -44.984200
vt 49.885601 -44.979301
vt 49.873600 -44.980701
vt 49.872398 -44.985401
vt 49.872898 -45.014000
vt 49.879700 -45.016102
vt 49.875801 -45.019402
vt 49.898499 -45.030800
vt 49.890999 -45.027000
vt 49.892200 -45.030102
vt 49.898499 -45.027000
vt 49.891701 -45.023602
vt 49.905998 -45.027000
vt 49.904900 -45.030102
vt 49.904900 -45.023998
vt 49.895802 -45.015400
vt 49.929298 -45.014702
vt 50.068600 -45.022499
vt 50.084900 -45.021999
vt 50.062302 -45.015499
vt 50.056099 -45.027100
vt 50.115799 -45.014000
vt 50.115299 -45.019798
vt 50.121201 -45.014400
vt 50.102901 -45.013500
vt 50.121498 -45.007198
vt 50.080700 -45.010700
vt 50.093399 -45.014599
vt 50.108200 -44.997700
vt 50.126400 -45.007599
vt 50.122898 -44.997799
vt 50.113201 -44.982498
vt 50.127602 -44.997898
vt 50.120098 -44.982800
vt 50.115398 -44.979599
vt 50.022598 -45.015999
vt 50.036098 -45.015900
vt 50.023102 -45.012299
vt 50.019199 -44.986000
vt 50.023300 -44.984001
vt 49.951099 -45.015400
vt 49.964500 -45.023499
vt 49.967899 -45.027000
vt 49.968399 -45.022900
vt 49.972099 -45.023300
vt 49.963600 -45.027000
vt 49.964401 -45.030102
vt 49.952202 -45.027100
vt 49.959999 -45.027100
vt 49.955700 -45.021999
vt 49.936199 -45.022400
vt 49.936401 -45.027100
vt 49.936401 -45.030300
vt 49.955898 -45.030899
vt 49.920300 -45.027100
vt 49.916100 -45.022400
vt 49.969501 -45.030499
vt 49.972801 -45.027000
vt 49.975700 -45.030998
vt 49.982300 -45.026798
vt 49.983601 -45.021400
vt 49.983601 -45.031399
vt 49.985100 -45.026901
vt 50.020802 -45.026901
vt 50.042000 -45.030800
vt 50.045200 -45.027000
vt 50.016499 -45.031700
vt 50.042801 -45.023499
vt 50.051701 -45.022099
vt 50.016701 -45.022202
vt 50.056198 -45.010399
vt 50.035599 -45.011101
vt 50.035099 -44.984600
vt 50.056499 -44.984901
vt 50.098801 -44.984501
vt 50.018501 -44.981499
vt 49.908298 -44.972900
vt 49.915798 -44.970798
vt 49.905800 -44.969398
vt 49.896599 -44.967602
vt 49.902302 -44.971100
vt 49.901798 -44.968601
vt 49.891899 -44.974602
vt 49.896301 -44.970402
vt 49.890900 -44.971001
vt 49.901699 -44.974201
vt 49.896400 -44.974899
vt 49.883400 -44.974701
vt 49.905602 -44.976601
vt 49.914799 -44.974701
vt 49.897900 -44.980202
vt 49.915401 -44.979698
vt 49.929100 -44.974701
vt 49.936298 -44.970299
vt 49.927502 -44.971100
vt 49.935699 -44.975101
vt 49.943401 -44.974800
vt 49.945202 -44.970699
vt 49.955700 -44.979801
vt 49.959099 -44.974400
vt 49.979301 -44.975601
vt 49.984699 -44.980801
vt 49.984798 -44.976002
vt 49.989101 -44.980400
vt 49.994499 -44.971901
vt 50.000401 -44.967800
vt 49.994999 -44.969101
vt 50.001099 -44.975601
vt 49.994598 -44.975899
vt 50.000999 -44.971199
vt 50.007099 -44.972000
vt 50.006401 -44.976200
vt 49.988899 -45.022701
vt 50.000702 -45.026901
vt 50.005199 -45.023201
vt 50.000702 -45.023102
vt 49.995300 -45.023800
vt 49.994400 -45.026901
vt 49.995300 -45.030102
vt 50.000702 -45.030800
vt 50.006901 -45.027000
vt 50.006100 -45.030102
vt 49.983002 -44.997101
vt 49.959702 -44.985699
vt 49.966400 -44.991501
vt 49.956501 -44.989700
vt 49.948299 -44.986099
vt 49.916698 -44.983799
vt 49.914700 -44.987999
vt 49.931301 -44.985699
vt 49.902901 -44.985901
vt 49.891899 -44.991001
vt 49.901402 -44.993801
vt 49.915100 -44.993301
vt 49.910099 -45.002499
vt 49.893101 -45.004101
vt 49.931400 -44.990898
vt 49.901402 -45.003201
vt 49.918900 -44.996498
vt 49.907799 -45.008400
vt 49.901402 -45.010101
vt 49.909199 -45.009602
vt 49.894901 -45.009701
vt 49.901402 -44.988602
vt 49.905499 -45.002300
vt 49.901501 -45.003601
vt 49.896301 -45.002102
vt 49.891399 -44.984001
vt 50.052700 -44.985802
vt 50.100300 -44.986000
vt 50.105598 -44.975498
vt 50.063599 -44.991299
vt 50.085098 -44.995998
vt 50.079700 -44.999199
vt 50.048801 -44.976700
vt 50.043201 -44.981998
vt 50.065300 -44.975201
vt 50.049099 -44.980900
vt 50.043598 -44.978100
vt 50.044701 -44.985401
vt 50.064499 -44.981899
vt 50.119202 -44.975300
vt 50.118801 -44.989101
vt 50.124199 -44.977798
vt 50.114498 -44.988201
vt 50.101200 -44.995602
vt 50.110500 -45.010201
vt 50.101398 -45.010201
vt 50.107800 -45.020302
vt 50.101501 -45.022301
vt 50.101501 -45.026798
vt 50.109001 -45.022598
vt 50.095100 -45.020302
vt 50.094002 -45.022701
vt 50.088402 -45.011398
vt 49.943901 -44.996101
vt 49.931301 -44.993999
vt 49.885502 -44.972900
vt 49.884701 -44.980801
vt 49.878799 -44.973701
vt 49.882301 -44.970299
vt 49.897598 -44.973301
vt 49.899399 -44.978199
vt 49.929699 -44.976898
vt 49.966099 -44.980400
vt 49.968102 -44.985600
vt 49.982300 -44.980301
vt 49.948299 -44.992802
vt 50.015999 -44.989799
vt 50.010601 -44.982899
vt 50.040001 -45.002899
vt 50.047798 -44.996601
vt 50.044102 -44.994202
vt 50.030800 -45.004700
vt 50.035599 -45.007500
vt 50.037498 -45.002602
vt 50.030499 -45.009800
vt 50.029900 -44.997501
vt 50.024300 -45.007198
vt 50.016399 -45.002201
vt 50.014900 -45.008701
vt 50.017700 -45.006802
vt 49.999199 -44.997200
vt 50.011101 -45.007198
vt 49.969601 -44.993401
vt 49.997299 -45.004902
vt 49.966000 -45.001099
vt 49.958000 -45.005699
vt 49.983501 -45.011700
vt 49.954800 -45.007301
vt 50.007401 -45.021301
vt 50.000401 -45.021999
vt 49.979198 -45.013699
vt 49.993099 -45.028000
vt 49.993900 -45.027100
vt 49.999298 -45.028301
vt 49.901199 -44.980301
vt 49.886799 -44.978100
vt 49.964901 -44.981300
vt 49.982899 -44.981998
vt 49.976700 -44.979801
vt 49.943501 -44.981400
vt 49.981499 -44.976799
vt 49.987598 -44.979099
vt 50.014702 -44.983799
vt 50.028801 -44.983898
vt 50.026402 -44.987900
vt 50.039501 -44.981800
vt 50.025501 -44.993500
vt 50.108101 -44.993500
vt 50.102100 -44.986500
vt 50.103600 -44.994400
vt 50.114399 -44.984299
vt 50.094398 -44.990299
vt 50.104698 -44.980999
vt 50.084599 -44.988800
vt 50.063599 -44.990601
vt 50.056599 -45.012798
vt 50.064301 -45.012699
vt 50.070900 -45.009701
vt 50.044300 -45.000099
vt 50.069698 -44.983898
vt 50.015301 -44.998199
vt 49.998100 -44.991001
vt 50.010899 -45.001400
vt 49.977402 -44.983799
vt 50.010399 -45.014198
vt 50.015202 -45.002602
vt 49.998100 -44.996700
vt 50.005402 -45.018799
vt 49.999298 -45.009602
vt 49.998901 -45.020100
vt 49.993599 -45.016800
vt 50.004700 -45.027100
vt 15.999100 -24.980700
vt 16.006901 -24.995001
vt 16.000900 -24.980700
vt 15.993100 -24.995001
vt 16.017000 -25.024401
vt 16.011900 -24.995899
vt 15.983000 -25.024401
vt 16.017000 -25.000200
vt 15.988100 -24.995899
vt 15.983000 -25.000200
vt 15.994300 -24.985701
vt 15.985800 -24.985701
vt 15.994300 -24.995399
vt 15.985800 -24.995399
vt 16.005699 -24.995399
vt 15.994300 -24.979601
vt 15.985800 -24.979601
vt 16.005699 -24.985701
vt 16.014200 -24.995399
vt 16.014200 -24.985701
vt 16.014200 -24.979601
vt 16.005699 -24.979601
vt 15.972300 -25.017000
vt 16.051901 -25.017000
vt 16.051901 -25.011900
vt 15.972300 -25.011900
vt 16.051901 -24.983000
vt 15.972300 -24.988100
vt 16.051901 -24.988100
vt 15.972300 -24.983000
vt 15.880400 -25.000900
vt 15.895000 -25.000900
vt 15.895000 -24.999100
vt 15.880400 -24.999100
vt 16.120001 -24.985800
vt 16.086700 -24.994301
vt 16.120001 -24.994301
vt 16.086700 -24.985800
vt 16.120001 -25.005699
vt 16.086700 -25.014200
vt 16.120001 -25.014200
vt 16.086700 -25.005699
vt 16.083000 -25.005699
vt 16.123800 -25.005699
vt 16.123800 -24.994301
vt 16.083000 -24.994301
vt 15.920400 -25.006901
vt 15.920400 -24.993099
vt 15.917000 -24.985701
vt 15.876200 -24.985701
vt 15.917000 -24.995399
vt 15.876200 -24.995399
vt 15.913300 -24.979601
vt 15.880000 -24.975599
vt 16.027700 -25.000200
vt 15.948100 -25.000200
vt 16.027700 -25.024401
vt 15.948100 -25.024401
vt 16.079599 -24.995001
vt 16.123800 -24.995001
vt 16.105000 -24.980700
vt 16.119600 -24.980700
vt 15.994300 -24.975599
vt 15.985800 -24.975599
vt 16.014200 -24.975599
vt 16.005699 -24.975599
vt 16.079599 -25.006901
vt 16.123800 -25.006901
vt 16.123800 -24.993099
vt 16.079599 -24.993099
vt 16.083000 -24.985701
vt 16.123800 -24.995399
vt 16.123800 -24.985701
vt 16.083000 -24.995399
vt 16.086700 -24.979601
vt 16.120001 -24.975599
vt 15.972300 -25.000200
vt 16.051901 -25.024401
vt 16.051901 -25.000200
vt 15.972300 -25.024401
vt 15.876200 -24.995001
vt 15.895000 -24.980700
vt 15.880400 -24.980700
vt 15.920400 -24.995001
s 1
usemtl Meshpart1Mtl.003
f 1/1/1 2/2/2 3/3/2
f 2/2/2 1/1/1 4/4/1
f 3/3/2 5/5/2 1/1/1
f 6/6/1 2/2/2 4/4/1
f 3/3/2 7/7/2 5/5/2
f 2/2/2 6/6/1 8/8/1
f 7/7/2 9/9/1 5/5/2
f 10/10/1 8/8/1 6/6/1
f 7/7/2 11/11/3 9/9/1
f 8/8/1 10/10/1 12/12/1
f 13/13/1 9/9/1 11/11/3
f 14/14/1 12/12/1 10/10/1
f 9/9/1 13/13/1 15/15/1
f 14/14/1 15/15/1 13/13/1
f 12/12/1 14/14/1 16/16/1
f 13/13/1 16/16/1 14/14/1
f 19/10/4 17/15/5 18/14/6
f 17/15/5 22/5/7 20/9/8
f 19/10/4 22/5/7 17/15/5
f 23/4/9 19/10/4 21/6/10
f 22/5/7 19/10/4 23/4/9
f 22/5/7 23/4/9 24/1/11
f 25/17/12 26/18/13 27/19/13
f 26/18/13 25/17/12 28/20/14
f 29/21/15 28/20/14 25/17/12
f 25/17/12 30/22/16 29/21/15
f 32/23/17 33/24/18 31/25/19
f 33/24/18 32/23/17 34/26/20
f 34/26/20 35/27/21 33/24/18
f 35/27/21 34/26/20 36/28/22
f 37/29/23 38/30/24 39/31/24
f 38/30/24 37/29/23 40/32/23
f 41/33/25 40/32/23 37/29/23
f 37/29/23 42/34/26 41/33/25
f 45/26/27 43/35/22 44/36/22
f 45/26/27 46/37/20 43/35/22
f 47/38/17 46/37/20 45/26/27
f 47/38/17 48/39/17 46/37/20
f 49/40/28 50/41/29 52/42/30
f 50/41/29 53/43/31 52/42/30
f 53/43/31 51/44/32 54/45/33
f 52/42/30 53/43/31 54/45/33
f 55/46/34 56/47/31 57/48/35
f 56/47/31 55/46/34 58/49/35
f 55/46/34 57/48/35 59/50/36
f 59/50/36 57/48/35 60/51/31
f 58/49/35 61/52/31 56/47/31
f 62/53/31 63/54/37 61/52/31
f 63/54/37 62/53/31 64/55/31
f 63/54/37 64/55/31 65/56/35
f 66/57/37 65/56/35 64/55/31
f 65/56/35 66/57/37 67/58/31
f 68/59/31 69/60/31 61/52/31
f 69/60/31 68/59/31 70/61/34
f 71/62/36 69/60/31 70/61/34
f 72/63/31 71/62/36 70/61/34
f 71/62/36 72/63/31 73/64/35
f 74/65/35 61/52/31 75/66/35
f 75/66/35 76/67/31 74/65/35
f 76/67/31 75/66/35 77/68/31
f 77/68/31 78/69/31 76/67/31
f 77/68/31 79/70/31 78/69/31
f 80/43/31 81/71/22 82/72/31
f 83/73/38 80/43/31 82/72/31
f 81/71/22 80/43/31 84/74/29
f 80/43/31 83/73/38 85/75/39
f 86/76/40 87/77/41 88/22/41
f 87/77/41 86/76/40 89/78/42
f 90/79/43 89/78/42 86/76/40
f 86/76/40 91/19/43 90/79/43
f 94/80/44 92/81/45 93/82/46
f 95/83/47 94/80/44 93/82/46
f 96/84/38 94/80/44 95/83/47
f 97/85/33 96/84/38 95/83/47
f 98/86/48 99/87/49 100/88/50
f 99/87/49 98/86/48 101/89/48
f 102/90/51 101/89/48 98/86/48
f 98/86/48 103/91/52 102/90/51
f 106/92/53 105/93/38 104/94/38
f 105/93/38 106/92/53 107/80/44
f 108/95/45 107/80/44 106/92/53
f 107/80/44 108/95/45 109/96/54
f 110/97/55 111/98/56 112/99/57
f 111/98/56 113/100/58 112/99/57
f 114/101/59 111/98/56 110/97/55
f 115/102/60 114/101/59 110/97/55
f 116/103/56 117/104/56 118/105/56
f 117/104/56 116/103/56 119/106/56
f 116/103/56 118/105/56 120/107/56
f 120/107/56 121/108/56 116/103/56
f 121/108/56 120/107/56 122/109/56
f 123/110/61 122/109/56 124/111/61
f 124/111/61 125/112/62 123/110/61
f 125/112/62 124/111/61 126/113/63
f 125/112/62 126/113/63 127/114/56
f 127/114/56 126/113/63 128/115/56
f 129/116/56 122/109/56 130/117/56
f 130/117/56 131/118/56 129/116/56
f 131/118/56 130/117/56 132/119/64
f 132/119/64 133/120/56 131/118/56
f 134/121/56 133/120/56 132/119/64
f 135/122/64 136/123/64 122/109/63
f 136/123/64 135/122/64 137/124/56
f 137/124/56 138/125/64 136/123/64
f 139/126/61 138/125/64 137/124/56
f 138/125/64 139/126/61 140/127/56
f 143/128/17 141/129/58 145/98/56
f 146/130/56 144/131/45 142/132/45
f 143/128/17 145/98/56 146/130/56
f 144/131/45 146/130/56 145/98/56
f 1221/1132/757 1222/1133/758 1223/1134/758
f 1224/1135/759 1223/1134/758 1222/1133/758
f 1223/1134/758 1225/1136/757 1221/1132/757
f 1223/1134/758 1224/1135/759 1226/1137/759
f 1229/1138/760 1227/1139/761 1228/1140/761
f 1227/1139/761 1229/1138/760 1230/1141/762
f 1229/1138/760 1231/1142/763 1230/1141/762
f 1231/1142/763 1229/1138/760 1232/1143/764
f 1235/1144/765 1234/1145/766 1233/1146/766
f 1233/1146/766 1236/1147/765 1235/1144/765
f 1237/1148/767 1235/1144/765 1236/1147/765
f 1235/1144/765 1237/1148/767 1238/1149/767
f 1239/1150/768 1240/1151/769 1241/1152/769
f 1240/1151/769 1242/1153/770 1241/1152/769
f 1240/1151/769 1239/1150/768 1243/1154/771
f 1242/1153/770 1240/1151/769 1244/1155/772
f 1249/1156/773 1245/1157/774 1247/1158/774
f 1249/1156/773 1248/1159/775 1246/1160/775
f 1245/1157/774 1249/1156/773 1250/1138/773
f 1246/1160/775 1250/1138/773 1249/1156/773
f 1251/1161/776 1253/1133/777 1252/1162/776
f 1253/1133/777 1251/1161/776 1254/1163/777
f 1255/1164/778 1253/1133/777 1254/1163/777
f 1253/1133/777 1255/1164/778 1256/1165/778
f 1259/1144/779 1257/1148/780 1258/1149/780
f 1257/1148/780 1259/1144/779 1260/1147/779
f 1261/1146/781 1260/1147/779 1259/1144/779
f 1259/1144/779 1262/1145/781 1261/1146/781
f 1263/1153/782 1267/1151/783 1265/1155/782
f 1267/1151/783 1264/1150/784 1266/1154/784
f 1267/1151/783 1263/1153/782 1268/1152/783
f 1264/1150/784 1267/1151/783 1268/1152/783
f 1269/1166/108 1270/1167/107 1271/1168/107
f 1271/1168/107 1270/1167/107 1272/1151/56
f 1269/1166/108 1271/1168/107 1273/1138/56
f 1269/1166/108 1274/1169/108 1270/1167/107
f 1270/1167/107 1274/1169/108 1275/1133/56
f 1274/1169/108 1269/1166/108 1276/1147/56
usemtl Meshpart2Mtl.002
f 147/133/65 148/134/66 149/135/67
f 149/135/67 150/136/65 147/133/65
f 151/137/68 149/135/67 148/134/66
f 149/135/67 151/137/68 152/138/69
f 153/139/70 154/140/71 155/141/71
f 155/141/71 156/142/72 153/139/70
f 157/143/73 155/141/71 154/140/71
f 155/141/71 157/143/73 158/144/73
f 159/145/31 160/146/36 161/147/37
f 161/147/37 160/146/36 162/148/31
f 162/148/31 163/149/31 161/147/37
f 163/149/31 162/148/31 164/150/31
f 164/150/31 165/151/31 163/149/31
f 166/152/35 167/153/31 165/151/31
f 167/153/31 166/152/35 168/154/31
f 168/154/31 169/155/37 167/153/31
f 170/156/34 169/155/37 168/154/31
f 169/155/37 170/156/34 171/157/37
f 172/158/34 173/159/34 165/151/31
f 173/159/34 172/158/34 174/160/31
f 173/159/34 174/160/31 175/161/31
f 175/161/31 174/160/31 176/162/31
f 176/162/31 174/160/31 177/163/31
f 178/164/31 165/151/31 179/165/31
f 179/165/31 180/166/31 178/164/31
f 180/166/31 179/165/31 181/167/36
f 181/167/36 182/168/35 180/166/31
f 183/169/31 182/168/35 181/167/36
f 184/170/74 185/171/75 186/172/76
f 186/172/76 187/138/74 184/170/74
f 188/173/77 186/172/76 185/171/75
f 186/172/76 188/173/77 189/136/78
f 190/139/79 191/140/80 192/141/80
f 192/141/80 193/142/79 190/139/79
f 194/143/81 192/141/80 191/140/80
f 192/141/80 194/143/81 195/144/82
f 196/147/56 197/164/56 198/166/63
f 197/164/56 196/147/56 199/149/63
f 198/166/63 200/145/63 196/147/56
f 201/168/64 200/145/63 198/166/63
f 199/149/63 202/151/56 197/164/56
f 203/174/63 202/151/56 204/175/61
f 204/175/61 205/176/56 203/174/63
f 205/176/56 204/175/61 206/177/63
f 206/177/63 207/156/62 205/176/56
f 206/177/63 208/146/56 207/156/62
f 209/153/56 210/158/56 202/151/64
f 210/158/56 209/153/56 211/155/83
f 211/155/83 212/160/64 210/158/56
f 213/157/56 212/160/64 211/155/83
f 212/160/64 213/157/56 214/163/56
f 215/178/56 216/179/56 202/151/56
f 216/179/56 215/178/56 217/180/56
f 216/179/56 217/180/56 218/181/64
f 219/162/61 218/181/64 217/180/56
f 218/181/64 219/162/61 220/169/56
f 1127/1062/688 1125/1063/689 1126/1064/690
f 1125/1063/689 1127/1062/688 1128/1065/691
f 1129/1066/692 1128/1065/691 1127/1062/688
f 1130/1067/693 1125/1063/689 1128/1065/691
f 1128/1065/691 1129/1066/692 1131/1068/694
f 1132/1069/695 1128/1065/691 1131/1068/694
f 1130/1067/693 1128/1065/691 1132/1069/695
f 1132/1069/695 1131/1068/694 1133/1070/696
f 1134/1071/697 1132/1069/695 1133/1070/696
f 1135/1072/698 1130/1067/693 1132/1069/695
f 1132/1069/695 1134/1071/697 1135/1072/698
f 1136/1073/699 1135/1072/698 1134/1071/697
f 1135/1072/698 1136/1073/699 1137/1074/700
f 1130/1067/693 1135/1072/698 1138/1075/701
f 1137/1074/700 1138/1075/701 1135/1072/698
f 1138/1075/701 1137/1074/700 1139/1076/702
f 1140/1077/703 1141/1078/704 1142/1079/705
f 1141/1078/704 1140/1077/703 1143/1080/706
f 1141/1078/704 1144/1081/689 1142/1079/705
f 1144/1081/689 1141/1078/704 1145/1082/707
f 1148/1083/708 1147/1084/697 1146/1085/709
f 1146/1085/709 1149/1086/710 1148/1083/708
f 1146/1085/709 1150/1087/711 1149/1086/710
f 1150/1087/711 1146/1085/709 1151/1088/712
f 1154/1086/713 1155/1089/714 1153/1080/694
f 1155/1089/714 1154/1086/713 1156/1090/31
f 1157/1091/715 1154/1086/713 1152/1082/716
f 1154/1086/713 1157/1091/715 1156/1090/31
f 1158/1092/717 1155/1089/714 1156/1090/31
f 1157/1091/715 1158/1092/717 1156/1090/31
f 1155/1089/714 1158/1092/717 1159/1093/718
f 1158/1092/717 1157/1091/715 1160/1094/719
f 1161/1095/703 1163/1096/720 1162/1097/721
f 1163/1096/720 1161/1095/703 1164/1098/722
f 1164/1098/722 1165/1099/723 1163/1096/720
f 1166/1100/724 1164/1098/722 1161/1095/703
f 1165/1099/723 1164/1098/722 1167/1101/725
f 1170/1102/726 1171/1103/727 1172/1104/728
f 1170/1102/726 1172/1104/728 1173/1105/729
f 1173/1105/729 1166/1100/724 1170/1102/726
f 1173/1105/729 1172/1104/728 1169/1106/730
f 1166/1100/724 1173/1105/729 1174/1107/731
f 1164/1098/722 1166/1100/724 1174/1107/731
f 1174/1107/731 1167/1101/725 1164/1098/722
f 1167/1101/725 1174/1107/731 1168/1108/732
f 1175/1109/719 1174/1107/731 1173/1105/729
f 1173/1105/729 1169/1106/730 1175/1109/719
f 1174/1107/731 1175/1109/719 1168/1108/732
f 1180/1085/713 1176/1083/733 1177/1084/734
f 1178/1087/735 1180/1085/713 1179/1088/694
f 1176/1083/733 1180/1085/713 1181/1086/736
f 1180/1085/713 1178/1087/735 1181/1086/736
f 1182/1077/737 1183/1080/702 1184/1078/738
f 1184/1078/738 1185/1079/739 1182/1077/737
f 1184/1078/738 1186/1081/726 1185/1079/739
f 1186/1081/726 1184/1078/738 1187/1082/740
f 1191/1090/56 1188/1110/741 1189/1111/742
f 1191/1090/56 1189/1111/742 1190/1112/689
f 1188/1110/741 1191/1090/56 1192/1089/743
f 1190/1112/689 1193/1091/744 1191/1090/56
f 1194/1113/745 1191/1090/56 1193/1091/744
f 1191/1090/56 1194/1113/745 1195/1114/746
f 1191/1090/56 1195/1114/746 1196/1115/726
f 1196/1115/726 1192/1089/743 1191/1090/56
f 1201/1116/747 1197/1117/748 1199/1118/748
f 1198/1119/749 1201/1116/747 1200/1120/749
f 1197/1117/748 1201/1116/747 1202/1121/750
f 1198/1119/749 1202/1121/750 1201/1116/747
f 1205/1122/751 1203/1123/752 1204/1124/752
f 1203/1123/752 1205/1122/751 1206/1125/751
f 1207/1126/748 1206/1125/751 1205/1122/751
f 1207/1126/748 1205/1122/751 1208/1127/753
f 1209/1128/752 1210/1116/754 1211/1121/754
f 1212/1129/755 1211/1121/754 1210/1116/754
f 1209/1128/752 1211/1121/754 1213/1130/752
f 1211/1121/754 1212/1129/755 1214/1131/755
f 1215/1126/755 1217/1122/756 1216/1127/755
f 1215/1126/755 1218/1125/756 1217/1122/756
f 1219/1123/749 1217/1122/756 1218/1125/756
f 1217/1122/756 1219/1123/749 1220/1124/749
usemtl Meshpart3Mtl.002
f 221/182/1 222/183/1 223/184/1
f 223/184/1 222/183/1 224/185/1
f 224/185/1 225/186/1 223/184/1
f 225/186/1 224/185/1 226/187/1
f 227/188/84 228/189/85 229/190/84
f 228/189/85 230/191/86 229/190/84
f 230/191/86 228/189/85 231/192/87
f 231/192/87 232/193/87 230/191/86
f 232/193/87 231/192/87 233/194/87
f 233/194/87 234/195/87 232/193/87
f 234/195/87 233/194/87 235/196/88
f 235/196/88 236/197/88 234/195/87
f 236/197/88 235/196/88 237/198/89
f 237/198/89 238/199/89 236/197/88
f 238/199/89 237/198/89 239/200/90
f 239/200/90 240/201/90 238/199/89
f 241/202/20 242/203/20 243/204/20
f 241/202/20 243/204/20 244/205/20
f 244/205/20 245/206/20 241/202/20
f 245/206/20 244/205/20 246/207/20
f 247/208/31 248/209/37 249/210/31
f 248/209/37 247/208/31 250/211/31
f 249/210/31 251/212/31 247/208/31
f 252/213/31 249/210/31 248/209/37
f 251/212/31 249/210/31 253/214/31
f 249/210/31 252/213/31 254/215/31
f 254/215/31 253/214/31 249/210/31
f 253/214/31 254/215/31 255/216/31
f 255/216/31 254/215/31 256/217/31
f 257/218/31 254/215/31 252/213/31
f 258/219/91 256/217/31 254/215/31
f 254/215/31 257/218/31 258/219/91
f 259/220/37 258/219/91 257/218/31
f 259/220/37 260/221/92 258/219/91
f 259/220/37 261/222/37 260/221/92
f 261/222/37 259/220/37 262/223/37
f 262/223/37 263/224/37 261/222/37
f 263/224/37 262/223/37 264/225/31
f 264/225/31 265/226/37 263/224/37
f 265/226/37 264/225/31 266/227/35
f 266/227/35 267/228/37 265/226/37
f 267/228/37 266/227/35 268/229/35
f 268/229/35 269/230/35 267/228/37
f 269/230/35 268/229/35 270/231/31
f 271/185/93 272/184/93 273/183/94
f 273/183/94 272/184/93 274/182/94
f 271/185/93 275/186/95 272/184/93
f 276/187/95 275/186/95 271/185/93
f 276/187/95 277/200/96 275/186/95
f 278/201/96 277/200/96 276/187/95
f 279/232/97 277/200/96 278/201/96
f 277/200/96 279/232/97 280/233/97
f 281/234/98 280/233/97 279/232/97
f 280/233/97 281/234/98 282/235/98
f 283/236/99 282/235/98 281/234/98
f 282/235/98 283/236/99 284/237/99
f 285/238/100 284/237/99 283/236/99
f 284/237/99 285/238/100 286/239/100
f 287/240/101 286/239/100 285/238/100
f 286/239/100 287/240/101 288/241/101
f 289/242/102 288/241/101 287/240/101
f 288/241/101 289/242/102 290/243/102
f 291/244/103 292/245/103 293/246/103
f 293/246/103 292/245/103 294/247/103
f 295/248/104 296/207/104 297/206/104
f 296/207/104 295/248/104 298/249/104
f 299/247/105 300/250/105 301/246/105
f 300/250/105 299/247/105 302/251/106
f 303/252/56 304/253/107 305/254/63
f 304/253/107 303/252/56 306/255/56
f 307/256/64 305/254/63 304/253/107
f 305/254/63 307/256/64 308/257/64
f 304/253/107 309/258/64 307/256/64
f 306/255/56 310/259/63 304/253/107
f 309/258/64 304/253/107 310/259/63
f 310/259/63 306/255/56 311/260/56
f 312/261/56 310/259/63 311/260/56
f 309/258/64 310/259/63 313/262/63
f 310/259/63 312/261/56 314/263/108
f 313/262/63 310/259/63 314/263/108
f 314/263/108 315/264/63 313/262/63
f 315/264/63 314/263/108 316/265/56
f 317/266/56 315/264/63 316/265/56
f 315/264/63 317/266/56 318/267/56
f 318/267/56 317/266/56 319/268/64
f 318/267/56 319/268/64 320/269/56
f 321/270/63 320/269/56 319/268/64
f 320/269/56 321/270/63 322/271/56
f 323/272/56 322/271/56 321/270/63
f 322/271/56 323/272/56 324/273/56
f 325/274/56 324/273/56 323/272/56
f 324/273/56 325/274/56 326/275/56
f 1979/1854/1315 1980/1855/1316 1981/1856/1315
f 1980/1855/1316 1979/1854/1315 1982/1857/1316
f 1983/1858/3 1984/1859/3 1985/1860/1
f 1984/1859/3 1983/1858/3 1986/1861/1
f 1987/1862/2 1985/1860/1 1984/1859/3
f 1985/1860/1 1987/1862/2 1988/1863/1317
f 1989/1864/1318 1990/1865/788 1991/1866/1
f 1991/1866/1 1990/1865/788 1992/1867/1
f 1993/1868/1 1989/1864/1318 1991/1866/1
f 1994/1869/1319 1990/1865/788 1989/1864/1318
f 1990/1865/788 1994/1869/1319 1995/1870/1319
f 1996/1871/1318 1989/1864/1318 1993/1868/1
f 1997/1872/1 1996/1871/1318 1993/1868/1
f 1998/1873/788 1996/1871/1318 1997/1872/1
f 1999/1874/1320 1996/1871/1318 1998/1873/788
f 1996/1871/1318 1999/1874/1320 2000/1875/1321
f 2001/1876/1322 2002/1877/1322 2003/1878/1323
f 2001/1876/1322 2003/1878/1323 2004/1879/1324
f 2005/1880/1325 2006/1881/1326 2007/1882/1326
f 2006/1881/1326 2005/1880/1325 2008/1883/1325
f 2009/1884/20 2010/1885/20 2011/1886/20
f 2009/1884/20 2011/1886/20 2012/1887/20
f 2013/1888/1327 2014/1889/1327 2015/1890/1327
f 2014/1889/1327 2013/1888/1327 2016/1891/1327
f 2017/1892/1327 2018/1893/1327 2019/1894/1327
f 2018/1893/1327 2017/1892/1327 2020/1895/1327
f 2021/1896/20 2022/1897/20 2023/1898/20
f 2021/1896/20 2023/1898/20 2024/1899/20
f 2025/1882/20 2026/1879/20 2027/1878/20
f 2026/1879/20 2025/1882/20 2028/1881/20
f 2029/1885/1328 2030/1900/1328 2031/1901/1328
f 2029/1885/1328 2031/1901/1328 2032/1886/1328
f 2033/1902/31 2034/1903/31 2035/1904/31
f 2036/1905/31 2035/1904/31 2034/1903/31
f 2034/1903/31 2033/1902/31 2037/1906/31
f 2034/1903/31 2037/1906/31 2038/1907/31
f 2040/1908/1325 2039/1909/1325 2041/1910/31
f 2042/1911/31 2041/1910/31 2039/1909/1325
f 2043/1912/1329 2044/1913/1329 2045/1914/1329
f 2044/1913/1329 2046/1915/1329 2045/1914/1329
f 2047/1903/35 2048/1902/92 2049/1906/92
f 2047/1903/35 2049/1906/92 2050/1907/31
f 2051/1865/1330 2052/1867/1331 2053/1866/1331
f 2051/1865/1330 2053/1866/1331 2054/1864/1332
f 2054/1864/1332 2053/1866/1331 2055/1868/1331
f 2051/1865/1330 2054/1864/1332 2056/1916/1333
f 2057/1917/1334 2051/1865/1330 2056/1916/1333
f 2054/1864/1332 2055/1868/1331 2058/1871/1332
f 2058/1871/1332 2055/1868/1331 2059/1872/1331
f 2058/1871/1332 2059/1872/1331 2060/1873/1330
f 2058/1871/1332 2060/1873/1330 2061/1918/1334
f 2062/1919/1334 2058/1871/1332 2061/1918/1334
f 2063/1860/1331 2064/1858/1331 2065/1862/1335
f 2063/1860/1331 2065/1862/1335 2066/1863/1336
f 2064/1858/1331 2067/1859/1331 2065/1862/1335
f 2067/1859/1331 2064/1858/1331 2068/1861/1331
f 2069/1920/44 2070/1921/44 2071/1922/44
f 2069/1920/44 2071/1922/44 2072/1923/44
f 2073/1924/108 2074/1925/56 2075/1926/63
f 2074/1925/56 2073/1924/108 2076/1927/56
f 2075/1926/63 2077/1928/56 2073/1924/108
f 2077/1928/56 2075/1926/63 2078/1929/61
f 2079/1930/1322 2080/1931/56 2081/1932/1322
f 2080/1931/56 2079/1930/1322 2082/1933/56
f 2083/1934/1337 2084/1935/1338 2085/1936/1339
f 2084/1935/1338 2083/1934/1337 2086/1937/1340
f 2087/1926/64 2088/1928/56 2089/1924/64
f 2088/1928/56 2087/1926/64 2090/1929/64
usemtl Meshpart4Mtl.002
f 329/276/109 327/277/110 328/278/111
f 329/276/109 330/279/112 327/277/110
f 329/276/109 331/280/113 330/279/112
f 331/280/113 329/276/109 332/281/114
f 334/282/115 333/283/116 335/284/117
f 336/285/118 335/284/117 333/283/116
f 337/286/119 335/284/117 336/285/118
f 335/284/117 337/286/119 338/287/120
f 339/288/121 340/289/122 341/290/123
f 342/291/124 341/290/123 340/289/122
f 341/290/123 342/291/124 343/292/125
f 340/289/122 339/288/121 344/293/126
f 345/294/127 346/295/128 347/296/129
f 347/296/129 348/297/130 345/294/127
f 349/298/131 345/294/127 348/297/130
f 348/297/130 350/299/131 349/298/131
f 353/300/132 351/301/133 352/302/134
f 351/301/133 353/300/132 354/303/135
f 355/304/136 357/305/137 356/306/138
f 357/305/137 355/304/136 358/307/139
f 359/308/140 360/309/141 361/310/142
f 361/310/142 360/309/141 362/311/143
f 363/312/144 361/310/142 362/311/143
f 361/310/142 363/312/144 364/313/145
f 366/314/146 364/313/145 363/312/144
f 364/313/145 366/314/146 365/315/147
f 368/316/148 369/317/149 367/318/150
f 369/317/149 368/316/148 370/319/117
f 371/320/151 369/317/149 370/319/117
f 371/320/151 372/321/152 369/317/149
f 375/322/109 374/323/153 373/324/154
f 374/323/153 375/322/109 376/325/155
f 376/325/155 375/322/109 377/326/156
f 378/327/157 377/326/156 375/322/109
f 381/328/142 380/329/158 379/330/159
f 380/329/158 381/328/142 382/331/142
f 382/331/142 381/328/142 383/332/160
f 383/332/160 381/328/142 384/333/161
f 383/332/160 384/333/161 385/334/162
f 385/334/162 384/333/161 386/335/163
f 387/336/164 388/337/165 389/338/165
f 388/337/165 387/336/164 390/339/164
f 388/337/165 391/340/166 389/338/165
f 391/340/166 388/337/165 392/341/167
f 392/341/167 393/342/168 391/340/166
f 393/342/168 392/341/167 394/343/169
f 395/344/170 396/345/171 397/346/171
f 397/346/171 398/347/170 395/344/170
f 399/348/172 397/346/171 396/345/171
f 397/346/171 399/348/172 400/349/173
f 401/350/174 400/349/173 399/348/172
f 400/349/173 401/350/174 402/351/175
f 405/352/176 403/353/177 404/354/178
f 403/353/177 405/352/176 406/355/179
f 408/356/180 409/357/181 407/358/182
f 408/356/180 410/359/183 409/357/181
f 411/360/184 409/357/181 410/359/183
f 410/359/183 412/361/185 411/360/184
f 413/362/186 415/363/187 414/364/188
f 415/363/187 413/362/186 416/365/189
f 419/366/190 418/367/191 417/368/192
f 418/367/191 419/366/190 420/369/193
f 421/370/194 420/369/193 419/366/190
f 420/369/193 421/370/194 422/371/194
f 423/372/195 424/373/195 425/374/195
f 424/373/195 423/372/195 426/375/195
f 427/376/196 428/377/197 429/378/88
f 428/377/197 427/376/196 430/379/196
f 431/380/198 429/378/88 428/377/197
f 429/378/88 431/380/198 432/381/199
f 433/382/200 434/383/200 435/384/200
f 434/383/200 433/382/200 436/385/200
f 437/386/201 438/387/202 439/388/203
f 440/389/204 439/388/203 438/387/202
f 439/388/203 441/390/201 437/386/201
f 439/388/203 440/389/204 442/391/204
f 443/392/205 437/386/201 441/390/201
f 440/389/204 444/393/206 442/391/204
f 443/392/205 441/390/201 445/394/201
f 444/393/206 440/389/204 446/395/206
f 447/396/201 443/392/205 445/394/201
f 448/397/207 444/393/206 446/395/206
f 443/392/205 447/396/201 449/398/201
f 448/397/207 446/395/206 450/399/208
f 451/400/209 449/398/201 447/396/201
f 452/401/210 448/397/207 450/399/208
f 449/398/201 451/400/209 453/402/211
f 448/397/207 452/401/210 454/403/212
f 455/404/213 453/402/211 451/400/209
f 456/405/214 454/403/212 452/401/210
f 453/402/211 455/404/213 457/406/213
f 456/405/214 457/406/213 455/404/213
f 454/403/212 456/405/214 458/407/215
f 456/405/214 455/404/213 458/407/215
f 459/408/216 460/409/217 461/410/218
f 462/411/219 461/410/218 460/409/217
f 460/409/217 459/408/216 463/412/216
f 462/411/219 460/409/217 464/413/220
f 465/414/216 463/412/216 459/408/216
f 466/415/221 462/411/219 464/413/220
f 463/412/216 465/414/216 467/416/216
f 462/411/219 466/415/221 468/417/222
f 465/414/216 469/418/216 467/416/216
f 470/419/223 468/417/222 466/415/221
f 465/414/216 471/420/224 469/418/216
f 468/417/222 470/419/223 472/421/225
f 473/422/226 469/418/216 471/420/224
f 474/423/227 472/421/225 470/419/223
f 471/420/224 475/424/228 473/422/226
f 474/423/227 470/419/223 476/425/229
f 477/426/230 473/422/226 475/424/228
f 476/425/229 478/427/231 474/423/227
f 477/426/230 475/424/228 479/428/232
f 478/427/231 477/426/230 479/428/232
f 478/427/231 476/425/229 480/429/233
f 477/426/230 478/427/231 480/429/233
f 481/430/216 482/431/234 483/432/216
f 481/430/216 484/433/235 482/431/234
f 483/432/216 485/434/216 481/430/216
f 486/435/236 482/431/234 484/433/235
f 483/432/216 487/436/224 485/434/216
f 482/431/234 486/435/236 488/437/237
f 489/438/216 485/434/216 487/436/224
f 486/435/236 490/439/238 488/437/237
f 485/434/216 489/438/216 491/440/216
f 486/435/236 492/441/239 490/439/238
f 493/442/240 491/440/216 489/438/216
f 492/441/239 494/443/241 490/439/238
f 491/440/216 493/442/240 495/444/242
f 492/441/239 496/445/243 494/443/241
f 497/446/244 495/444/242 493/442/240
f 498/447/245 494/443/241 496/445/243
f 495/444/242 497/446/244 499/448/244
f 494/443/241 498/447/245 500/449/246
f 501/450/247 499/448/244 497/446/244
f 501/450/247 500/449/246 498/447/245
f 497/446/244 502/451/248 501/450/247
f 500/449/246 501/450/247 502/451/248
f 503/452/249 504/453/201 505/454/201
f 504/453/201 503/452/249 506/455/250
f 507/456/201 505/454/201 504/453/201
f 503/452/249 508/457/251 506/455/250
f 505/454/201 507/456/201 509/458/205
f 508/457/251 503/452/249 510/459/251
f 511/460/201 509/458/205 507/456/201
f 512/461/252 508/457/251 510/459/251
f 511/460/201 507/456/201 513/462/201
f 508/457/251 512/461/252 514/463/252
f 513/462/201 515/464/253 511/460/201
f 516/465/254 514/463/252 512/461/252
f 515/464/253 513/462/201 517/466/255
f 514/463/252 516/465/254 518/467/256
f 517/466/255 519/468/257 515/464/253
f 520/469/258 518/467/256 516/465/254
f 517/466/255 521/470/259 519/468/257
f 520/469/258 516/465/254 522/471/241
f 523/472/260 519/468/257 521/470/259
f 523/472/260 520/469/258 522/471/241
f 519/468/257 523/472/260 524/473/261
f 522/471/241 524/473/261 523/472/260
f 527/474/262 526/475/263 525/476/264
f 526/475/263 527/474/262 528/477/265
f 528/477/265 527/474/262 529/478/266
f 528/477/265 529/478/266 530/479/267
f 530/479/267 529/478/266 531/480/268
f 532/481/269 533/482/270 534/483/271
f 533/482/270 532/481/269 535/484/272
f 536/485/273 535/484/272 532/481/269
f 535/484/272 536/485/273 537/486/274
f 538/487/275 537/486/274 536/485/273
f 540/488/276 541/489/277 539/490/278
f 540/488/276 542/491/279 541/489/277
f 542/491/280 544/492/281 543/493/282
f 547/494/283 546/495/284 545/496/285
f 546/495/284 547/494/283 548/497/286
f 547/494/287 550/498/288 549/499/289
f 553/500/290 551/501/283 552/502/291
f 553/500/290 552/502/291 554/503/292
f 557/504/293 556/505/294 555/506/295
f 556/505/294 557/504/293 558/507/191
f 559/508/296 560/509/297 561/510/297
f 560/509/297 559/508/296 562/511/298
f 563/512/299 561/510/297 560/509/297
f 559/508/296 564/513/300 562/511/298
f 561/510/297 563/512/299 565/514/299
f 564/513/300 559/508/296 566/515/301
f 565/514/299 563/512/299 567/516/302
f 567/516/302 563/512/299 568/517/303
f 573/518/304 569/519/305 571/520/306
f 574/521/307 572/522/308 570/523/309
f 571/520/306 575/524/310 573/518/304
f 572/522/308 574/521/307 576/525/311
f 577/526/312 573/518/304 575/524/310
f 577/526/312 576/525/311 574/521/307
f 578/527/313 577/526/312 575/524/310
f 576/525/311 577/526/312 578/527/313
f 579/528/314 580/529/315 581/530/316
f 580/529/315 582/531/317 581/530/316
f 583/532/314 580/529/315 579/528/314
f 582/531/317 580/529/315 584/533/317
f 580/529/315 583/532/314 585/534/318
f 580/529/315 586/535/319 584/533/317
f 587/536/320 580/529/315 585/534/318
f 580/529/315 588/537/321 586/535/319
f 580/529/315 587/536/320 589/538/322
f 588/537/321 580/529/315 590/539/321
f 591/540/323 580/529/315 589/538/322
f 580/529/315 591/540/323 590/539/321
f 592/541/324 593/542/325 594/543/326
f 592/541/324 594/543/326 595/544/324
f 596/545/327 594/543/326 593/542/325
f 594/543/326 596/545/327 597/546/328
f 596/545/327 598/547/329 599/548/329
f 600/549/329 596/545/327 599/548/329
f 596/545/327 600/549/329 597/546/328
f 597/546/328 600/549/329 601/550/329
f 602/551/329 597/546/328 601/550/329
f 603/552/330 604/553/331 605/554/332
f 603/552/330 605/554/332 606/555/333
f 603/552/330 607/556/334 604/553/331
f 607/556/334 603/552/330 608/557/335
f 608/557/335 609/558/336 607/556/334
f 610/559/336 607/556/334 609/558/336
f 609/558/336 608/557/335 611/560/336
f 612/561/336 611/560/336 608/557/335
f 608/557/335 613/562/336 612/561/336
f 616/563/337 615/564/338 614/565/339
f 615/564/338 616/563/337 617/566/340
f 618/567/341 617/566/340 616/563/337
f 617/566/340 618/567/341 619/568/341
f 620/569/37 621/570/36 622/571/36
f 621/570/36 620/569/37 623/572/37
f 624/573/35 625/574/34 626/575/36
f 625/574/34 624/573/35 627/576/35
f 628/577/31 629/578/31 630/579/37
f 629/578/31 628/577/31 631/580/31
f 630/579/37 632/581/31 628/577/31
f 632/581/31 630/579/37 633/582/37
f 634/583/342 637/584/343 635/585/344
f 637/584/343 634/583/342 639/586/345
f 640/587/346 638/588/347 636/589/348
f 639/586/345 641/590/349 637/584/343
f 638/588/347 640/587/346 642/591/350
f 641/590/349 642/591/350 640/587/346
f 641/590/349 639/586/345 643/592/351
f 642/591/350 641/590/349 643/592/351
f 644/593/352 645/594/297 646/595/353
f 647/596/354 644/593/352 646/595/353
f 645/594/297 644/593/352 648/597/299
f 644/593/352 647/596/354 649/598/355
f 648/597/299 650/599/299 645/594/297
f 650/599/299 648/597/299 651/600/297
f 652/601/356 650/599/299 651/600/297
f 652/601/356 653/602/138 650/599/299
f 654/603/357 655/604/358 656/605/359
f 657/606/360 656/605/359 655/604/358
f 656/605/359 658/607/361 654/603/357
f 655/604/358 659/608/362 657/606/360
f 660/609/363 657/606/360 659/608/362
f 660/609/363 659/608/362 661/610/364
f 662/611/365 665/612/366 663/613/367
f 665/612/366 662/611/365 667/614/368
f 668/615/369 666/616/370 664/617/371
f 667/614/368 669/618/372 665/612/366
f 666/616/370 668/615/369 670/619/373
f 669/618/372 667/614/368 671/620/374
f 668/615/369 671/620/374 670/619/373
f 671/620/374 668/615/369 669/618/372
f 672/621/375 673/622/376 674/623/377
f 675/624/378 672/621/375 674/623/377
f 673/622/376 672/621/375 676/625/379
f 672/621/375 675/624/378 677/626/380
f 676/625/379 678/627/381 673/622/376
f 678/627/381 676/625/379 679/628/349
f 680/629/382 678/627/381 679/628/349
f 680/629/382 681/630/383 678/627/381
f 682/631/384 683/632/385 684/633/385
f 683/632/385 682/631/384 685/634/385
f 684/633/385 686/635/385 682/631/384
f 686/635/385 684/633/385 687/636/386
f 684/633/385 683/632/385 688/637/385
f 684/633/385 688/637/385 689/638/385
f 683/632/385 690/639/385 688/637/385
f 690/639/385 683/632/385 691/640/385
f 692/641/387 693/642/388 694/643/389
f 692/641/387 694/643/389 695/644/390
f 692/641/387 696/645/391 693/642/388
f 696/645/391 692/641/387 697/646/392
f 697/646/392 698/647/393 699/648/393
f 699/648/393 700/564/393 697/646/392
f 696/645/391 697/646/392 700/564/393
f 696/645/391 700/564/393 701/566/394
f 702/568/395 696/645/391 701/566/394
f 703/649/396 704/650/397 705/651/398
f 703/649/396 705/651/398 706/652/396
f 707/653/399 705/651/398 704/650/397
f 705/651/398 707/653/399 708/654/400
f 707/653/399 709/610/401 710/608/401
f 711/604/402 707/653/399 710/608/401
f 707/653/399 711/604/402 708/654/400
f 708/654/400 711/604/402 712/603/401
f 713/655/403 708/654/400 712/603/401
f 714/656/404 715/657/405 716/658/406
f 715/657/405 714/656/404 717/659/407
f 718/660/408 716/658/406 715/657/405
f 714/656/404 719/661/409 717/659/407
f 716/658/406 718/660/408 720/662/408
f 719/661/409 714/656/404 721/663/410
f 720/662/408 718/660/408 722/664/177
f 722/664/177 718/660/408 723/665/411
f 728/666/412 724/667/187 726/668/413
f 729/669/414 727/670/415 725/671/416
f 730/672/417 728/666/412 726/668/413
f 727/670/415 729/669/414 731/673/418
f 732/674/419 728/666/412 730/672/417
f 733/675/420 731/673/418 729/669/414
f 728/666/412 732/674/419 733/675/420
f 731/673/418 733/675/420 732/674/419
f 734/676/421 735/677/421 736/678/421
f 736/678/421 737/679/421 734/676/421
f 738/680/422 739/681/422 740/682/423
f 740/682/423 741/683/423 738/680/422
f 741/683/423 740/682/423 742/684/424
f 742/684/424 743/685/424 741/683/423
f 744/686/425 745/687/425 746/688/425
f 746/688/425 747/689/425 744/686/425
f 750/690/426 748/691/427 749/692/428
f 748/691/427 750/690/426 751/693/429
f 752/304/430 754/694/431 753/306/432
f 754/694/431 752/304/430 755/695/433
f 757/696/434 758/697/435 756/698/436
f 758/697/435 757/696/434 759/699/437
f 758/697/435 759/699/437 760/700/438
f 758/697/435 760/700/438 761/701/439
f 764/702/440 763/703/355 762/704/354
f 763/703/355 764/702/440 765/705/440
f 764/702/440 766/706/441 765/705/440
f 766/706/441 764/702/440 767/707/442
f 768/708/443 769/709/444 770/710/445
f 769/709/444 768/708/443 771/711/446
f 772/712/447 771/711/446 768/708/443
f 771/711/446 772/712/447 773/713/447
f 775/714/448 776/715/449 774/716/357
f 775/714/448 777/717/450 776/715/449
f 778/718/451 779/719/264 780/720/263
f 779/719/264 778/718/451 781/721/452
f 782/722/453 781/721/452 778/718/451
f 781/721/452 782/722/453 783/723/453
f 782/722/453 784/724/454 783/723/453
f 785/725/455 784/724/454 782/722/453
f 788/726/371 786/727/456 787/728/441
f 786/727/456 788/726/371 789/729/370
f 790/730/382 792/731/457 791/732/383
f 792/731/457 790/730/382 793/733/458
f 795/734/275 796/735/459 794/736/460
f 797/737/461 796/735/459 795/734/275
f 797/737/461 798/738/462 796/735/459
f 799/739/462 798/738/462 797/737/461
f 800/740/463 798/738/462 799/739/462
f 798/738/462 800/740/463 801/741/464
f 804/742/282 802/743/277 803/744/465
f 805/745/466 806/746/467 804/742/468
f 805/745/466 807/747/469 806/746/467
f 807/747/469 808/748/470 806/746/467
f 808/748/470 807/747/469 809/749/470
f 812/750/289 811/751/471 810/752/287
f 814/753/472 812/750/473 813/754/288
f 812/750/473 814/753/472 815/755/474
f 816/756/475 815/755/474 814/753/472
f 815/755/474 816/756/475 817/757/476
f 818/758/477 819/759/478 820/760/479
f 818/758/477 820/760/479 821/761/440
f 820/760/479 822/762/480 821/761/440
f 822/762/480 820/760/479 823/763/481
f 824/764/482 825/765/483 826/766/483
f 825/765/483 824/764/482 827/767/484
f 828/768/485 826/766/483 825/765/483
f 825/765/483 829/769/486 828/768/485
f 830/770/487 828/768/485 829/769/486
f 829/769/486 831/771/488 830/770/487
f 832/772/287 830/770/487 831/771/488
f 831/771/488 833/773/489 832/772/287
f 834/774/490 836/775/491 835/776/492
f 836/775/491 834/774/490 837/777/437
f 838/778/493 836/775/491 837/777/437
f 836/775/491 838/778/493 839/779/494
f 840/780/495 841/781/496 842/782/495
f 841/781/496 840/780/495 843/783/496
f 844/784/497 841/781/496 843/783/496
f 841/781/496 844/784/497 845/785/498
f 846/786/499 845/785/498 844/784/497
f 845/785/498 846/786/499 847/787/500
f 848/788/295 847/787/500 846/786/499
f 847/787/500 848/788/295 849/789/501
f 852/790/502 851/791/503 850/792/504
f 851/791/503 852/790/502 853/793/505
f 854/794/506 853/793/505 852/790/502
f 853/793/505 854/794/506 855/795/506
f 856/796/507 857/797/508 858/798/509
f 856/796/507 858/798/509 859/799/510
f 857/797/508 860/800/511 858/798/509
f 861/801/512 856/796/507 859/799/510
f 857/797/508 862/802/511 860/800/511
f 856/796/507 861/801/512 863/803/512
f 864/804/513 860/800/511 862/802/511
f 865/805/512 863/803/512 861/801/512
f 860/800/511 864/804/513 866/806/514
f 863/803/512 865/805/512 867/807/512
f 868/808/515 866/806/514 864/804/513
f 869/809/512 867/807/512 865/805/512
f 868/808/515 864/804/513 870/810/516
f 869/809/512 865/805/512 871/811/512
f 872/812/517 868/808/515 870/810/516
f 871/811/512 873/813/518 869/809/512
f 872/812/517 870/810/516 874/814/519
f 873/813/518 871/811/512 875/815/520
f 876/816/521 872/812/517 874/814/519
f 875/815/520 876/816/521 873/813/518
f 872/812/517 876/816/521 877/817/521
f 875/815/520 877/817/521 876/816/521
f 878/818/522 879/819/523 880/820/524
f 879/819/523 881/821/525 880/820/524
f 879/819/523 878/818/522 882/822/526
f 881/821/525 879/819/523 883/823/525
f 884/824/527 882/822/526 878/818/522
f 883/823/525 885/825/528 881/821/525
f 882/822/526 884/824/527 886/826/529
f 883/823/525 887/827/525 885/825/528
f 884/824/527 888/828/530 886/826/529
f 889/829/525 885/825/528 887/827/525
f 884/824/527 890/830/531 888/828/530
f 885/825/528 889/829/525 891/831/525
f 892/832/532 888/828/530 890/830/531
f 893/833/533 891/831/525 889/829/525
f 888/828/530 892/832/532 894/834/534
f 891/831/525 893/833/533 895/835/535
f 896/836/536 894/834/534 892/832/532
f 897/837/537 895/835/535 893/833/533
f 894/834/534 896/836/536 898/838/538
f 897/837/537 898/838/538 896/836/536
f 895/835/535 897/837/537 899/839/539
f 896/836/536 899/839/539 897/837/537
f 900/840/540 901/841/541 902/842/542
f 903/843/525 902/842/542 901/841/541
f 900/840/540 902/842/542 904/844/540
f 902/842/542 903/843/525 905/845/525
f 906/846/543 900/840/540 904/844/540
f 907/847/525 905/845/525 903/843/525
f 906/846/543 904/844/540 908/848/543
f 905/845/525 907/847/525 909/849/528
f 910/850/544 906/846/543 908/848/543
f 907/847/525 911/851/525 909/849/528
f 906/846/543 910/850/544 912/852/545
f 907/847/525 913/853/525 911/851/525
f 914/854/546 912/852/545 910/850/544
f 913/853/525 915/855/547 911/851/525
f 914/854/546 910/850/544 916/856/548
f 913/853/525 917/857/549 915/855/547
f 916/856/548 918/858/550 914/854/546
f 919/859/551 915/855/547 917/857/549
f 918/858/550 916/856/548 920/860/552
f 919/859/551 918/858/550 920/860/552
f 918/858/550 919/859/551 921/861/551
f 919/859/551 917/857/549 921/861/551
f 922/862/553 923/863/554 924/864/554
f 923/863/554 922/862/553 925/865/555
f 926/866/556 924/864/554 923/863/554
f 927/867/512 925/865/555 922/862/553
f 924/864/554 926/866/556 928/868/556
f 922/862/553 929/869/512 927/867/512
f 930/870/557 928/868/556 926/866/556
f 931/871/558 927/867/512 929/869/512
f 930/870/557 926/866/556 932/872/559
f 931/871/558 929/869/512 933/873/512
f 934/874/560 930/870/557 932/872/559
f 935/875/512 931/871/558 933/873/512
f 930/870/557 934/874/560 936/876/561
f 931/871/558 935/875/512 937/877/558
f 938/878/562 936/876/561 934/874/560
f 939/879/563 937/877/558 935/875/512
f 936/876/561 938/878/562 940/880/564
f 937/877/558 939/879/563 941/881/565
f 938/878/562 942/882/566 940/880/564
f 942/882/566 941/881/565 939/879/563
f 938/878/562 943/883/567 942/882/566
f 941/881/565 942/882/566 943/883/567
f 945/884/568 946/885/569 944/886/570
f 947/887/571 946/885/569 945/884/568
f 947/887/571 948/888/572 946/885/569
f 949/889/573 948/888/572 947/887/571
f 948/888/572 949/889/573 950/890/146
f 951/891/574 952/892/163 953/893/575
f 954/894/576 953/893/575 952/892/163
f 953/893/575 954/894/576 956/895/577
f 957/896/578 956/895/577 954/894/576
f 956/895/577 957/896/578 955/897/579
f 958/898/426 962/899/580 960/900/581
f 961/901/582 963/902/583 959/903/584
f 962/899/580 964/904/580 960/900/581
f 963/902/583 961/901/582 965/905/585
f 964/904/580 962/899/580 966/906/586
f 965/905/585 966/906/586 963/902/583
f 966/906/586 967/907/587 964/904/580
f 966/906/586 965/905/585 967/907/587
f 968/908/588 969/909/589 970/910/590
f 969/909/589 968/908/588 971/911/591
f 970/910/590 972/912/592 968/908/588
f 973/913/593 969/909/589 971/911/591
f 972/912/592 970/910/590 974/914/588
f 969/909/589 973/913/593 975/915/594
f 976/916/595 972/912/592 974/914/588
f 972/912/592 976/916/595 977/917/596
f 978/918/597 979/919/598 980/920/599
f 979/919/598 978/918/597 981/921/598
f 982/922/600 978/918/597 980/920/599
f 981/921/598 978/918/597 983/923/601
f 978/918/597 982/922/600 984/924/602
f 978/918/597 985/925/603 983/923/601
f 978/918/597 984/924/602 986/926/604
f 978/918/597 987/927/603 985/925/603
f 988/928/605 978/918/597 986/926/604
f 987/927/603 978/918/597 989/929/606
f 990/930/605 978/918/597 988/928/605
f 978/918/597 990/930/605 989/929/606
f 991/931/607 992/932/608 993/933/609
f 994/934/608 993/933/609 992/932/608
f 993/933/609 995/935/610 991/931/607
f 995/935/610 993/933/609 996/936/611
f 996/936/611 997/937/612 995/935/610
f 995/935/610 997/937/612 998/938/612
f 997/937/612 996/936/611 999/939/613
f 999/939/613 996/936/611 1000/940/613
f 996/936/611 1001/941/613 1000/940/613
f 1002/942/614 1003/943/615 1004/944/616
f 1003/943/615 1005/945/616 1004/944/616
f 1006/946/617 1003/943/615 1002/942/614
f 1003/943/615 1006/946/617 1007/947/618
f 1006/946/617 1008/948/619 1009/949/619
f 1010/950/620 1006/946/617 1009/949/619
f 1007/947/618 1006/946/617 1010/950/620
f 1007/947/618 1010/950/620 1011/951/620
f 1012/952/621 1007/947/618 1011/951/620
f 1013/953/56 1014/954/64 1015/955/64
f 1013/953/56 1015/955/64 1016/956/56
f 1017/957/128 1019/958/622 1018/959/623
f 1019/958/622 1017/957/128 1020/960/624
f 1020/960/624 1021/961/625 1019/958/622
f 1021/961/625 1020/960/624 1022/962/625
f 1023/963/592 1024/964/626 1025/965/627
f 1024/964/626 1026/966/436 1025/965/627
f 1024/964/626 1023/963/592 1027/967/592
f 1026/966/436 1024/964/626 1028/968/434
f 1029/969/592 1027/967/592 1023/963/592
f 1027/967/592 1029/969/592 1030/970/592
f 1029/969/592 1031/971/628 1030/970/592
f 1031/971/628 1029/969/592 1032/972/629
f 1033/973/61 1034/974/63 1035/975/56
f 1035/975/56 1036/976/63 1033/973/61
f 1037/977/56 1038/978/61 1039/979/61
f 1037/977/56 1039/979/61 1040/980/63
f 1040/980/63 1039/979/61 1041/981/56
f 1041/981/56 1042/982/63 1040/980/63
f 1046/983/630 1043/984/441 1044/985/442
f 1043/984/441 1046/983/630 1048/986/631
f 1047/987/632 1049/988/633 1045/989/137
f 1050/990/634 1048/986/631 1046/983/630
f 1051/991/635 1049/988/633 1047/987/632
f 1051/991/635 1050/990/634 1049/988/633
f 1048/986/631 1050/990/634 1052/992/636
f 1052/992/636 1050/990/634 1051/991/635
f 1053/993/637 1054/994/638 1055/995/639
f 1054/994/638 1056/996/640 1055/995/639
f 1054/994/638 1053/993/637 1057/997/641
f 1056/996/640 1054/994/638 1058/998/642
f 1059/999/643 1057/997/641 1053/993/637
f 1057/997/641 1059/999/643 1060/1000/644
f 1059/999/643 1061/1001/645 1060/1000/644
f 1061/1001/645 1059/999/643 1062/1002/441
f 1066/1003/646 1063/1004/647 1064/1005/648
f 1063/1004/647 1066/1003/646 1068/1006/649
f 1067/1007/458 1069/1008/650 1065/1009/457
f 1070/1010/651 1068/1006/649 1066/1003/646
f 1071/1011/652 1069/1008/650 1067/1007/458
f 1068/1006/649 1070/1010/651 1072/1012/653
f 1072/1012/653 1069/1008/650 1071/1011/652
f 1069/1008/650 1072/1012/653 1070/1010/651
f 1073/1013/654 1074/1014/654 1075/1015/654
f 1074/1014/654 1073/1013/654 1076/1016/654
f 1076/1016/654 1077/1017/655 1074/1014/654
f 1077/1017/655 1076/1016/654 1078/1018/654
f 1074/1014/654 1077/1017/655 1079/1019/654
f 1074/1014/654 1079/1019/654 1080/1020/654
f 1077/1017/655 1081/1021/654 1079/1019/654
f 1081/1021/654 1077/1017/655 1082/1022/655
f 1083/1023/656 1084/1024/657 1085/1025/658
f 1084/1024/657 1086/1026/658 1085/1025/658
f 1087/1027/659 1084/1024/657 1083/1023/656
f 1084/1024/657 1087/1027/659 1088/1028/660
f 1087/1027/659 1089/962/661 1090/960/662
f 1091/957/662 1087/1027/659 1090/960/662
f 1088/1028/660 1087/1027/659 1091/957/662
f 1088/1028/660 1091/957/662 1092/1029/662
f 1093/1030/662 1088/1028/660 1092/1029/662
f 1094/1031/663 1095/1032/664 1096/1033/665
f 1097/1034/664 1096/1033/665 1095/1032/664
f 1096/1033/665 1098/1035/666 1094/1031/663
f 1098/1035/666 1096/1033/665 1099/1036/667
f 1099/1036/667 1100/1037/668 1101/1038/668
f 1102/1039/668 1099/1036/667 1101/1038/668
f 1098/1035/666 1099/1036/667 1102/1039/668
f 1098/1035/666 1102/1039/668 1103/1040/668
f 1098/1035/666 1103/1040/668 1104/1041/669
f 1105/1042/670 1109/1043/671 1107/1044/179
f 1108/1045/672 1110/1046/673 1106/1047/674
f 1109/1043/671 1111/1048/675 1107/1044/179
f 1110/1046/673 1108/1045/672 1112/1049/676
f 1109/1043/671 1113/1050/677 1111/1048/675
f 1112/1049/676 1114/1051/678 1110/1046/673
f 1113/1050/677 1109/1043/671 1114/1051/678
f 1114/1051/678 1112/1049/676 1113/1050/677
f 1115/1052/679 1116/1053/680 1117/1054/681
f 1116/1053/680 1115/1052/679 1118/1055/682
f 1117/1054/681 1119/1056/683 1115/1052/679
f 1120/1057/684 1116/1053/680 1118/1055/682
f 1119/1056/683 1117/1054/681 1121/1058/685
f 1116/1053/680 1120/1057/684 1122/1059/686
f 1123/1060/186 1119/1056/683 1121/1058/685
f 1119/1056/683 1123/1060/186 1124/1061/687
usemtl Meshpart8Mtl
f 1277/1170/1 1278/1171/1 1279/1172/1
f 1279/1172/1 1278/1171/1 1280/1173/1
f 1281/1174/785 1282/1175/786 1283/1170/787
f 1283/1170/787 1284/1171/787 1281/1174/785
f 1282/1175/786 1281/1174/785 1285/1176/786
f 1285/1176/786 1281/1174/785 1286/1177/788
f 1285/1176/786 1286/1177/788 1287/1178/789
f 1287/1178/789 1288/1179/789 1285/1176/786
f 1289/1180/20 1290/1181/20 1291/1182/20
f 1292/1183/20 1291/1182/20 1290/1181/20
f 1293/1184/20 1294/1185/20 1295/1186/20
f 1294/1185/20 1293/1184/20 1296/1187/20
f 1299/1188/790 1298/1189/791 1297/1190/791
f 1298/1189/791 1299/1188/790 1300/1191/790
f 1301/1192/31 1302/1193/37 1303/1194/37
f 1302/1193/37 1301/1192/31 1304/1195/34
f 1301/1192/31 1303/1194/37 1305/1196/31
f 1302/1193/37 1304/1195/34 1306/1197/35
f 1305/1196/31 1303/1194/37 1307/1198/31
f 1305/1196/31 1307/1198/31 1308/1199/31
f 1305/1196/31 1308/1199/31 1309/1200/31
f 1306/1197/35 1310/1201/37 1302/1193/37
f 1310/1201/37 1306/1197/35 1311/1202/792
f 1306/1197/35 1312/1203/31 1311/1202/792
f 1313/1171/793 1314/1173/794 1315/1172/793
f 1313/1171/793 1315/1172/793 1316/1170/794
f 1318/1178/795 1317/1179/795 1319/1176/98
f 1319/1176/98 1320/1177/98 1318/1178/795
f 1320/1177/98 1319/1176/98 1321/1175/98
f 1321/1175/98 1322/1174/796 1320/1177/98
f 1322/1174/796 1321/1175/98 1323/1170/797
f 1323/1170/797 1324/1171/798 1322/1174/796
f 1325/1204/44 1326/1187/44 1327/1205/44
f 1328/1185/44 1327/1205/44 1326/1187/44
f 1329/1206/56 1330/1207/64 1331/1208/63
f 1330/1207/64 1332/1209/56 1331/1208/63
f 1330/1207/64 1329/1206/56 1333/1193/56
f 1333/1193/56 1334/1210/63 1330/1207/64
f 1335/1194/56 1334/1210/63 1333/1193/56
f 1334/1210/63 1335/1194/56 1336/1211/63
f 1335/1194/56 1337/1212/62 1336/1211/63
f 1338/1213/56 1337/1212/62 1335/1194/56
f 1339/1214/56 1337/1212/62 1338/1213/56
f 1337/1212/62 1339/1214/56 1340/1215/56
usemtl Meshpart9Mtl
f 1343/1216/799 1344/1217/800 1342/1218/801
f 1344/1217/800 1343/1216/799 1345/1219/802
f 1344/1217/800 1341/1220/803 1342/1218/801
f 1350/1221/804 1349/1222/805 1348/1223/806
f 1348/1223/806 1347/1224/807 1350/1221/804
f 1349/1222/805 1350/1221/804 1351/1225/808
f 1352/1226/809 1351/1225/808 1350/1221/804
f 1354/1227/810 1355/1228/811 1358/1229/812
f 1358/1229/812 1357/1230/813 1354/1227/810
f 1356/1231/814 1357/1230/813 1358/1229/812
f 1358/1229/812 1353/1232/815 1356/1231/814
f 1359/1233/816 1358/1229/812 1355/1228/811
f 1353/1232/815 1358/1229/812 1359/1233/816
f 1364/1234/817 1360/1235/818 1366/1236/819
f 1366/1236/819 1365/1237/820 1364/1234/817
f 1365/1237/820 1366/1236/819 1367/1238/821
f 1361/1239/822 1368/1240/823 1366/1236/819
f 1367/1238/821 1366/1236/819 1368/1240/823
f 1368/1240/823 1361/1239/822 1369/1241/824
f 1370/1242/825 1350/1221/804 1347/1224/807
f 1350/1221/804 1370/1242/825 1352/1226/809
f 1347/1224/807 1346/1243/826 1370/1242/825
f 1371/1244/827 1352/1226/809 1370/1242/825
f 1370/1242/825 1373/1245/828 1371/1244/827
f 1346/1243/826 1373/1245/828 1370/1242/825
f 1374/1246/829 1371/1244/827 1373/1245/828
f 1378/1247/830 1377/1248/831 1376/1249/832
f 1375/1250/833 1379/1251/834 1359/1233/816
f 1355/1228/811 1375/1250/833 1359/1233/816
f 1380/1252/835 1353/1232/815 1359/1233/816
f 1362/1253/836 1363/1254/837 1381/1255/838
f 1383/1256/839 1372/1257/840 1384/1258/841
f 1372/1257/840 1385/1259/842 1384/1258/841
f 1382/1260/843 1387/1261/844 1388/1262/845
f 1386/1263/846 1389/1264/847 1387/1261/848
f 1395/1265/849 1392/1266/850 1394/1267/851
f 1396/1268/852 1394/1267/851 1391/1269/853
f 1394/1267/851 1396/1268/852 1395/1265/849
f 1397/1270/854 1395/1265/849 1396/1268/852
f 1398/1271/855 1395/1265/849 1397/1270/854
f 1392/1266/850 1395/1265/849 1399/1272/856
f 1398/1271/855 1399/1272/856 1395/1265/849
f 1399/1272/856 1400/1273/836 1392/1266/850
f 1398/1271/855 1401/1274/857 1399/1272/856
f 1400/1273/836 1399/1272/856 1402/1275/858
f 1399/1272/856 1401/1274/857 1402/1275/858
f 1403/1276/859 1402/1275/858 1401/1274/857
f 1407/1277/860 1406/1278/861 1405/1279/862
f 1407/1277/860 1408/1280/863 1406/1278/861
f 1407/1277/860 1409/1281/864 1408/1280/863
f 1407/1277/860 1397/1270/854 1409/1281/864
f 1397/1270/854 1396/1268/852 1409/1281/864
f 1410/1282/865 1408/1280/863 1409/1281/864
f 1409/1281/864 1396/1268/852 1411/1283/866
f 1411/1283/866 1410/1282/865 1409/1281/864
f 1391/1269/853 1411/1283/866 1396/1268/852
f 1413/1284/867 1415/1285/868 1414/1286/869
f 1415/1285/868 1416/1287/870 1414/1286/869
f 1415/1285/868 1418/1288/830 1416/1287/870
f 1419/1289/871 1415/1285/868 1413/1284/867
f 1420/1290/872 1415/1285/868 1419/1289/871
f 1412/1291/873 1420/1290/872 1419/1289/871
f 1421/1292/874 1418/1288/830 1415/1285/868
f 1421/1292/874 1415/1285/868 1420/1290/872
f 1421/1292/874 1422/1293/875 1418/1288/830
f 1418/1288/830 1423/1294/876 1417/1295/831
f 1418/1288/830 1422/1293/875 1423/1294/876
f 1423/1294/876 1422/1293/875 1424/1296/877
f 1422/1293/875 1425/1297/878 1424/1296/877
f 1425/1297/878 1427/1298/879 1426/1299/880
f 1428/1300/881 1425/1297/878 1422/1293/875
f 1429/1301/882 1428/1300/881 1422/1293/875
f 1429/1301/882 1422/1293/875 1421/1292/874
f 1430/1302/883 1425/1297/878 1428/1300/881
f 1429/1301/882 1431/1303/884 1428/1300/881
f 1431/1303/884 1430/1302/883 1428/1300/881
f 1429/1301/882 1421/1292/874 1432/1304/885
f 1429/1301/882 1432/1304/885 1431/1303/884
f 1421/1292/874 1420/1290/872 1432/1304/885
f 1433/1305/886 1431/1303/884 1432/1304/885
f 1432/1304/885 1420/1290/872 1433/1305/886
f 1434/1306/887 1433/1305/886 1420/1290/872
f 1434/1306/887 1420/1290/872 1412/1291/873
f 1434/1306/887 1436/1307/888 1433/1305/886
f 1433/1305/886 1436/1307/888 1437/1308/889
f 1431/1303/884 1433/1305/886 1437/1308/889
f 1436/1307/888 1435/1309/890 1438/1310/891
f 1437/1308/889 1436/1307/888 1438/1310/891
f 1431/1303/884 1437/1308/889 1439/1311/892
f 1439/1311/892 1430/1302/883 1431/1303/884
f 1438/1310/891 1440/1312/893 1437/1308/889
f 1439/1311/892 1437/1308/889 1440/1312/893
f 1440/1312/893 1438/1310/891 1441/1313/894
f 1440/1312/893 1442/1314/895 1439/1311/892
f 1440/1312/893 1441/1313/894 1442/1314/895
f 1439/1311/892 1443/1315/896 1430/1302/883
f 1444/1316/897 1443/1315/896 1439/1311/892
f 1442/1314/895 1444/1316/897 1439/1311/892
f 1442/1314/895 1441/1313/894 1445/1317/898
f 1446/1318/899 1445/1317/898 1441/1313/894
f 1447/1319/900 1445/1317/898 1446/1318/899
f 1446/1318/899 1393/1320/901 1447/1319/900
f 1400/1273/836 1447/1319/900 1393/1320/901
f 1400/1273/836 1393/1320/901 1392/1266/850
f 1449/1321/902 1430/1302/883 1443/1315/896
f 1430/1302/883 1449/1321/902 1450/1322/903
f 1425/1297/878 1430/1302/883 1450/1322/903
f 1450/1322/903 1427/1298/879 1425/1297/878
f 1451/1323/904 1450/1322/903 1449/1321/902
f 1451/1323/904 1427/1298/879 1450/1322/903
f 1451/1323/904 1449/1321/902 1452/1324/905
f 1390/1325/906 1427/1298/879 1451/1323/904
f 1452/1324/905 1453/1326/907 1451/1323/904
f 1451/1323/904 1454/1327/908 1390/1325/906
f 1452/1324/905 1455/1328/909 1453/1326/907
f 1455/1328/909 1456/1329/910 1453/1326/907
f 1448/1330/911 1457/1331/912 1455/1328/913
f 1458/1332/914 1453/1326/907 1456/1329/910
f 1456/1329/910 1459/1333/915 1458/1332/914
f 1460/1334/916 1458/1332/914 1459/1333/915
f 1460/1334/916 1459/1333/915 1404/1335/917
f 1460/1334/916 1404/1335/917 1461/1336/918
f 1404/1335/917 1462/1337/919 1461/1336/918
f 1463/1338/920 1461/1336/918 1462/1337/919
f 1462/1337/919 1404/1335/917 1403/1276/859
f 1461/1336/918 1463/1338/920 1464/1339/921
f 1463/1338/920 1462/1337/919 1401/1274/857
f 1401/1274/857 1462/1337/919 1403/1276/859
f 1398/1271/855 1463/1338/920 1401/1274/857
f 1397/1270/854 1463/1338/920 1398/1271/855
f 1463/1338/920 1466/1340/922 1464/1339/921
f 1463/1338/920 1397/1270/854 1466/1340/922
f 1466/1340/922 1467/1341/923 1464/1339/921
f 1464/1339/921 1467/1341/923 1465/1342/924
f 1468/1343/925 1467/1341/923 1466/1340/922
f 1466/1340/922 1407/1277/860 1468/1343/925
f 1397/1270/854 1407/1277/860 1466/1340/922
f 1405/1279/862 1468/1343/925 1407/1277/860
f 1469/1344/803 1470/1345/926 1471/1346/927
f 1472/1347/928 1470/1345/926 1469/1344/803
f 1469/1344/803 1474/1348/929 1472/1347/928
f 1469/1344/803 1473/1349/800 1474/1348/929
f 1472/1347/928 1474/1348/929 1476/1350/930
f 1476/1350/930 1474/1348/929 1475/1351/931
f 1476/1350/930 1475/1351/931 1477/1352/932
f 1472/1347/928 1476/1350/930 1478/1353/933
f 1477/1352/932 1478/1353/933 1476/1350/930
f 1479/1354/934 1472/1347/928 1478/1353/933
f 1479/1354/934 1478/1353/933 1480/1355/935
f 1481/1356/936 1478/1353/933 1477/1352/932
f 1480/1355/935 1478/1353/933 1481/1356/936
f 1480/1355/935 1481/1356/936 1482/1357/937
f 1481/1356/936 1477/1352/932 1483/1358/938
f 1486/1359/939 1488/1360/940 1485/1361/941
f 1488/1360/940 1486/1359/939 1487/1362/808
f 1487/1362/808 1489/1363/942 1488/1360/940
f 1490/1364/943 1480/1355/935 1482/1357/937
f 1490/1364/943 1482/1357/937 1491/1365/944
f 1491/1365/945 1484/1366/946 1492/1367/947
f 1490/1364/943 1491/1365/944 1493/1368/948
f 1493/1368/948 1494/1369/949 1490/1364/943
f 1493/1368/948 1491/1365/944 1495/1370/950
f 1495/1370/950 1494/1369/949 1493/1368/948
f 1491/1365/944 1496/1371/951 1495/1370/950
f 1497/1372/952 1495/1370/950 1496/1371/951
f 1495/1370/950 1497/1372/952 1498/1373/814
f 1494/1369/949 1495/1370/950 1498/1373/814
f 1506/1374/953 1507/1375/954 1505/1376/955
f 1506/1374/953 1508/1377/956 1509/1378/957
f 1511/1379/958 1512/1380/959 1515/1381/960
f 1515/1381/960 1512/1380/959 1513/1382/961
f 1510/1383/962 1511/1379/958 1515/1381/960
f 1515/1381/960 1513/1382/961 1516/1384/963
f 1515/1381/960 1516/1384/963 1510/1383/962
f 1513/1382/961 1514/1385/964 1516/1384/963
f 1516/1384/963 1509/1378/957 1510/1383/962
f 1509/1378/957 1516/1384/963 1517/1386/965
f 1516/1384/963 1514/1385/964 1517/1386/965
f 1517/1386/965 1507/1375/966 1509/1378/957
f 1514/1385/964 1518/1387/967 1517/1386/965
f 1507/1375/966 1517/1386/965 1518/1387/967
f 1518/1387/967 1514/1385/964 1519/1388/968
f 1507/1375/966 1518/1387/967 1504/1389/969
f 1520/1390/970 1488/1360/940 1489/1363/942
f 1488/1360/940 1521/1391/971 1485/1361/941
f 1521/1391/971 1488/1360/940 1522/1392/972
f 1488/1360/940 1520/1390/970 1522/1392/972
f 1524/1393/973 1521/1391/971 1522/1392/972
f 1525/1394/974 1522/1392/972 1520/1390/970
f 1525/1394/974 1520/1390/970 1526/1395/975
f 1529/1396/976 1527/1397/831 1528/1398/876
f 1528/1398/876 1530/1399/977 1529/1396/976
f 1530/1399/977 1499/1400/816 1529/1396/976
f 1528/1398/876 1531/1401/877 1530/1399/977
f 1533/1402/978 1530/1399/977 1531/1401/877
f 1532/1403/979 1533/1402/978 1531/1401/877
f 1533/1402/978 1490/1364/943 1530/1399/977
f 1494/1369/949 1530/1399/977 1490/1364/943
f 1533/1402/978 1534/1404/980 1490/1364/943
f 1535/1405/981 1537/1406/982 1536/1407/983
f 1536/1407/983 1537/1406/982 1538/1408/984
f 1537/1406/982 1535/1405/981 1539/1409/898
f 1539/1409/898 1540/1410/985 1537/1406/982
f 1541/1411/986 1540/1410/985 1539/1409/898
f 1541/1411/986 1542/1412/987 1540/1410/985
f 1500/1413/988 1542/1412/987 1541/1411/986
f 1543/1414/989 1537/1406/982 1540/1410/985
f 1537/1406/982 1543/1414/989 1544/1415/990
f 1540/1410/985 1545/1416/991 1543/1414/989
f 1540/1410/985 1542/1412/987 1545/1416/991
f 1544/1415/990 1538/1408/984 1537/1406/982
f 1543/1414/989 1546/1417/992 1544/1415/990
f 1545/1416/991 1547/1418/993 1543/1414/989
f 1543/1414/989 1547/1418/993 1546/1417/992
f 1548/1419/994 1545/1416/991 1542/1412/987
f 1519/1388/968 1548/1419/994 1542/1412/987
f 1519/1388/968 1542/1412/987 1549/1420/838
f 1542/1412/987 1500/1413/988 1549/1420/838
f 1548/1419/994 1519/1388/968 1550/1421/995
f 1519/1388/968 1501/1422/996 1502/1423/997
f 1551/1424/998 1545/1416/991 1548/1419/994
f 1550/1421/995 1551/1424/998 1548/1419/994
f 1545/1416/991 1551/1424/998 1552/1425/999
f 1553/1426/1000 1545/1416/991 1552/1425/999
f 1545/1416/991 1553/1426/1000 1554/1427/1001
f 1545/1416/991 1554/1427/1001 1547/1418/993
f 1514/1385/964 1550/1421/995 1519/1388/968
f 1524/1393/973 1557/1428/1002 1523/1429/1003
f 1559/1430/1004 1555/1431/1005 1558/1432/1006
f 1560/1433/1007 1556/1434/1008 1557/1428/1002
f 1558/1432/1009 1556/1434/1008 1560/1433/1007
f 1560/1433/1007 1557/1428/1002 1561/1435/1010
f 1557/1428/1002 1524/1393/973 1561/1435/1010
f 1561/1435/1010 1544/1415/990 1560/1433/1007
f 1546/1417/992 1560/1433/1007 1544/1415/990
f 1546/1417/992 1558/1432/1009 1560/1433/1007
f 1544/1415/990 1561/1435/1010 1538/1408/984
f 1561/1435/1010 1524/1393/973 1538/1408/984
f 1534/1404/980 1479/1354/934 1480/1355/935
f 1563/1436/907 1564/1437/908 1562/1438/1011
f 1480/1355/935 1490/1364/943 1534/1404/980
f 1563/1436/907 1565/1439/914 1564/1437/908
f 1567/1440/1012 1564/1437/908 1565/1439/914
f 1565/1439/914 1566/1441/1013 1567/1440/1012
f 1566/1441/1013 1568/1442/1014 1567/1440/1012
f 1569/1443/1015 1564/1437/908 1567/1440/1012
f 1568/1442/1014 1566/1441/1013 1570/1444/1016
f 1568/1442/1014 1570/1444/1016 1571/1445/1017
f 1568/1442/1014 1571/1445/1017 1572/1446/924
f 1567/1440/1012 1568/1442/1014 1573/1447/1018
f 1576/1448/1019 1574/1449/923 1575/1450/1020
f 1576/1448/1019 1572/1446/924 1574/1449/923
f 1575/1450/1020 1503/1451/1021 1576/1448/1019
f 1568/1442/1014 1572/1446/924 1577/1452/1022
f 1577/1452/1022 1573/1447/1018 1568/1442/1014
f 1576/1448/1019 1578/1453/1023 1572/1446/924
f 1579/1454/1024 1577/1452/1022 1572/1446/924
f 1578/1453/1023 1579/1454/1024 1572/1446/924
f 1581/1455/1025 1579/1454/1024 1578/1453/1023
f 1581/1455/1025 1580/1456/1026 1579/1454/1024
f 1578/1453/1023 1576/1448/1019 1582/1457/1027
f 1583/1458/1028 1581/1455/1025 1578/1453/1023
f 1578/1453/1023 1582/1457/1027 1583/1458/1028
f 1580/1456/1026 1581/1455/1025 1584/1459/1029
f 1585/1460/1030 1583/1458/1028 1582/1457/1027
f 1576/1448/1019 1586/1461/1031 1582/1457/1027
f 1576/1448/1019 1503/1451/1021 1586/1461/1031
f 1583/1458/1028 1585/1460/1030 1587/1462/1032
f 1584/1459/1029 1583/1458/1028 1587/1462/1032
f 1580/1456/1033 1588/1463/1034 1577/1452/1035
f 1589/1464/1036 1573/1447/1018 1577/1452/1022
f 1589/1464/1036 1588/1463/1037 1590/1465/1038
f 1591/1466/1039 1573/1447/1018 1589/1464/1036
f 1591/1466/1039 1589/1464/1036 1590/1465/1038
f 1590/1465/1038 1592/1467/1040 1591/1466/1039
f 1573/1447/1018 1591/1466/1039 1593/1468/1041
f 1592/1467/1040 1593/1468/1041 1591/1466/1039
f 1593/1468/1041 1594/1469/1042 1573/1447/1018
f 1567/1440/1012 1573/1447/1018 1594/1469/1042
f 1567/1440/1012 1594/1469/1042 1569/1443/1015
f 1593/1468/1041 1595/1470/1043 1594/1469/1042
f 1595/1470/1043 1569/1443/1015 1594/1469/1042
f 1593/1468/1041 1592/1467/1040 1596/1471/1044
f 1595/1470/1043 1593/1468/1041 1596/1471/1044
f 1595/1470/1043 1597/1472/1045 1569/1443/1015
f 1569/1443/1015 1597/1472/1045 1598/1473/1046
f 1564/1437/908 1569/1443/1015 1598/1473/1046
f 1564/1437/908 1598/1473/1046 1472/1347/928
f 1472/1347/928 1479/1354/934 1564/1437/908
f 1598/1473/1046 1597/1472/1045 1599/1474/1047
f 1598/1473/1046 1599/1474/1047 1600/1475/1048
f 1472/1347/928 1598/1473/1046 1600/1475/1048
f 1601/1476/1049 1600/1475/1048 1599/1474/1047
f 1602/1477/1050 1600/1475/1048 1601/1476/1049
f 1470/1345/926 1600/1475/1048 1602/1477/1050
f 1470/1345/926 1472/1347/928 1600/1475/1048
f 1470/1345/926 1603/1478/1051 1604/1479/1052
f 1604/1479/1052 1471/1346/927 1470/1345/926
f 1605/1480/1053 1546/1417/992 1547/1418/993
f 1605/1480/1053 1606/1481/1054 1546/1417/992
f 1546/1417/992 1606/1481/1054 1558/1432/1009
f 1606/1481/1054 1605/1480/1053 1607/1482/1055
f 1606/1481/1054 1607/1482/1055 1608/1483/1056
f 1606/1481/1054 1609/1484/1057 1558/1432/1009
f 1608/1483/1056 1610/1485/1058 1606/1481/1054
f 1606/1481/1054 1610/1485/1058 1609/1484/1057
f 1615/1486/1059 1616/1487/1060 1613/1488/1061
f 1617/1489/941 1614/1490/1062 1616/1487/1063
f 1611/1491/1064 1619/1492/1065 1612/1493/946
f 1620/1494/1066 1618/1495/944 1619/1492/1065
f 1619/1492/1065 1621/1496/1067 1620/1494/1066
f 1619/1492/1065 1611/1491/1064 1622/1497/1068
f 1621/1496/1067 1619/1492/1065 1622/1497/1068
f 1625/1498/865 1628/1499/1069 1624/1500/1070
f 1626/1501/953 1627/1502/1071 1629/1503/1072
f 1630/1504/1073 1629/1503/1072 1627/1502/1071
f 1626/1501/953 1631/1505/957 1628/1499/1069
f 1629/1503/1072 1630/1504/1073 1632/1506/1074
f 1629/1503/1072 1632/1506/1074 1633/1507/1075
f 1633/1507/1075 1631/1505/957 1629/1503/1072
f 1614/1490/1062 1617/1489/941 1634/1508/971
f 1638/1509/1076 1636/1510/1077 1637/1511/1078
f 1639/1512/983 1637/1511/1078 1635/1513/895
f 1638/1509/1076 1637/1511/1078 1639/1512/983
f 1640/1514/998 1642/1515/1079 1641/1516/1080
f 1643/1517/1081 1641/1516/1080 1642/1515/1079
f 1642/1515/1079 1644/1518/1082 1643/1517/1081
f 1644/1518/1082 1642/1515/1079 1645/1519/1083
f 1642/1515/1079 1646/1520/1084 1645/1519/1083
f 1650/1521/1085 1652/1522/1086 1651/1523/1030
f 1651/1523/1030 1652/1522/1086 1653/1524/1087
f 1652/1522/1086 1623/1525/1088 1653/1524/1087
f 1656/1526/1036 1649/1527/1089 1654/1528/1090
f 1657/1529/1091 1654/1528/1092 1658/1530/1093
f 1654/1528/1092 1655/1531/1094 1658/1530/1093
f 1660/1532/1095 1659/1533/1049 1661/1534/1051
f 1659/1533/1049 1662/1535/1096 1661/1534/1051
f 1647/1536/1097 1664/1537/1098 1663/1538/1099
f 1665/1539/1100 1664/1537/1098 1647/1536/1097
f 1648/1540/1101 1665/1539/1100 1647/1536/1097
f 1665/1539/1100 1666/1541/1102 1664/1537/1098
f 1665/1539/1100 1667/1542/1103 1666/1541/1102
f 1668/1543/1104 1665/1539/1100 1648/1540/1101
f 1665/1539/1100 1668/1543/1104 1667/1542/1103
f 1673/1544/802 1675/1545/1105 1672/1546/800
f 1672/1546/800 1677/1547/931 1674/1548/929
f 1672/1546/800 1678/1549/1106 1677/1547/931
f 1678/1549/1106 1672/1546/800 1675/1545/1105
f 1678/1549/1106 1679/1550/932 1677/1547/931
f 1678/1549/1106 1681/1551/1107 1679/1550/932
f 1675/1545/1105 1683/1552/1108 1678/1549/1106
f 1681/1551/1107 1678/1549/1106 1683/1552/1108
f 1679/1550/932 1681/1551/1107 1684/1553/1109
f 1681/1551/1107 1683/1552/1108 1684/1553/1109
f 1684/1553/1109 1682/1554/1110 1680/1555/936
f 1684/1553/1109 1683/1552/1108 1685/1556/1111
f 1686/1557/1112 1685/1556/1111 1676/1558/1113
f 1685/1556/1111 1686/1557/1112 1687/1559/1114
f 1685/1556/1111 1687/1559/1114 1684/1553/1109
f 1689/1560/1115 1684/1553/1109 1687/1559/1114
f 1684/1553/1109 1689/1560/1115 1682/1554/1110
f 1687/1559/1114 1690/1561/946 1689/1560/1115
f 1689/1560/1115 1690/1561/946 1682/1554/1110
f 1693/1562/1059 1694/1563/1116 1696/1564/1117
f 1696/1564/1117 1695/1565/1063 1693/1562/1059
f 1697/1566/806 1696/1564/1117 1694/1563/1116
f 1691/1567/1118 1692/1568/1119 1698/1569/1120
f 1695/1565/1063 1696/1564/1117 1699/1570/941
f 1696/1564/1117 1697/1566/806 1700/1571/805
f 1699/1570/941 1696/1564/1117 1701/1572/939
f 1696/1564/1117 1700/1571/805 1702/1573/808
f 1696/1564/1117 1702/1573/808 1701/1572/939
f 1687/1559/1114 1688/1574/1064 1690/1561/946
f 1703/1575/1121 1682/1554/1110 1690/1561/946
f 1707/1576/1122 1704/1577/1123 1705/1578/1124
f 1706/1579/1068 1707/1576/1122 1705/1578/1124
f 1704/1577/1123 1707/1576/1122 1708/1580/952
f 1709/1581/1125 1707/1576/1122 1706/1579/1068
f 1709/1581/1125 1710/1582/1126 1707/1576/1122
f 1707/1576/1122 1711/1583/1127 1708/1580/952
f 1710/1582/1126 1712/1584/1128 1707/1576/1122
f 1711/1583/1127 1707/1576/1122 1712/1584/1128
f 1717/1585/1129 1715/1586/988 1716/1587/858
f 1718/1588/1130 1717/1585/1129 1716/1587/858
f 1718/1588/1130 1719/1589/1131 1717/1585/1129
f 1718/1588/1130 1720/1590/1132 1719/1589/1131
f 1718/1588/1130 1721/1591/917 1720/1590/1132
f 1722/1592/1133 1719/1589/1131 1720/1590/1132
f 1717/1585/1129 1719/1589/1131 1723/1593/1134
f 1723/1593/1134 1719/1589/1131 1722/1592/1133
f 1724/1594/996 1717/1585/1129 1723/1593/1134
f 1725/1595/1135 1723/1593/1134 1722/1592/1133
f 1723/1593/1134 1726/1596/1136 1724/1594/996
f 1723/1593/1134 1725/1595/1135 1726/1596/1136
f 1722/1592/1133 1727/1597/1137 1725/1595/1135
f 1725/1595/1135 1727/1597/1137 1726/1596/1136
f 1728/1598/997 1724/1594/996 1726/1596/1136
f 1727/1597/1137 1729/1599/1138 1726/1596/1136
f 1729/1599/1138 1728/1598/997 1726/1596/1136
f 1729/1599/1138 1727/1597/1137 1730/1600/1139
f 1727/1597/1137 1731/1601/1140 1730/1600/1139
f 1732/1602/862 1730/1600/1139 1731/1601/1140
f 1732/1602/862 1733/1603/861 1730/1600/1139
f 1733/1603/861 1729/1599/1138 1730/1600/1139
f 1729/1599/1138 1733/1603/861 1734/1604/863
f 1735/1605/1141 1728/1598/997 1729/1599/1138
f 1734/1604/863 1735/1605/1141 1729/1599/1138
f 1736/1606/1142 1735/1605/1141 1734/1604/863
f 1739/1607/1143 1738/1608/1144 1737/1609/1073
f 1741/1610/958 1740/1611/1145 1738/1608/1146
f 1743/1612/820 1739/1607/1143 1742/1613/817
f 1744/1614/1147 1741/1610/1148 1743/1612/1149
f 1746/1615/1150 1747/1616/968 1728/1598/997
f 1735/1605/1141 1746/1615/1150 1728/1598/997
f 1750/1617/1003 1692/1568/1119 1748/1618/971
f 1692/1568/1119 1750/1617/1003 1698/1569/1120
f 1750/1617/1003 1748/1618/971 1751/1619/1151
f 1753/1620/1152 1698/1569/1120 1750/1617/1003
f 1755/1621/975 1754/1622/1153 1756/1623/1154
f 1752/1624/974 1755/1621/975 1757/1625/1155
f 1757/1625/1155 1755/1621/975 1756/1623/1154
f 1758/1626/1156 1749/1627/1157 1752/1624/974
f 1752/1624/974 1757/1625/1155 1759/1628/1158
f 1758/1626/1156 1752/1624/974 1759/1628/1158
f 1757/1625/1155 1756/1623/1154 1760/1629/1159
f 1751/1619/1160 1749/1627/1157 1758/1626/1156
f 1757/1625/1155 1761/1630/1161 1759/1628/1158
f 1760/1629/1159 1761/1630/1161 1757/1625/1155
f 1761/1630/1161 1762/1631/1162 1759/1628/1158
f 1761/1630/1161 1760/1629/1159 1763/1632/1163
f 1763/1632/1163 1764/1633/1164 1761/1630/1161
f 1761/1630/1161 1764/1633/1164 1762/1631/1162
f 1765/1634/1165 1762/1631/1162 1764/1633/1164
f 1768/1635/983 1769/1636/1166 1767/1637/1167
f 1766/1638/1077 1767/1637/1167 1770/1639/1168
f 1747/1616/1169 1772/1640/838 1724/1594/996
f 1724/1594/996 1772/1640/838 1717/1585/1129
f 1775/1641/1170 1779/1642/1171 1776/1643/1172
f 1779/1642/1171 1778/1644/1001 1776/1643/1172
f 1779/1642/1171 1775/1641/1170 1780/1645/1173
f 1779/1642/1171 1780/1645/1173 1781/1646/1082
f 1782/1647/1174 1777/1648/1079 1774/1649/1175
f 1773/1650/995 1782/1647/1174 1774/1649/1175
f 1782/1647/1174 1773/1650/995 1783/1651/1176
f 1713/1652/1177 1782/1647/1174 1783/1651/1176
f 1713/1652/1177 1784/1653/1178 1782/1647/1174
f 1714/1654/1179 1783/1651/1176 1773/1650/995
f 1714/1654/1179 1713/1652/1177 1783/1651/1176
f 1773/1650/995 1745/1655/964 1714/1654/1179
f 1781/1646/1082 1785/1656/1180 1779/1642/1171
f 1785/1656/1180 1787/1657/1181 1779/1642/1171
f 1785/1656/1180 1786/1658/1182 1787/1657/1181
f 1779/1642/1171 1787/1657/1181 1778/1644/1001
f 1787/1657/1181 1788/1659/1183 1778/1644/1001
f 1788/1659/1183 1787/1657/1181 1786/1658/1182
f 1788/1659/1183 1771/1660/1184 1778/1644/1001
f 1786/1658/1182 1789/1661/1185 1788/1659/1183
f 1790/1662/1186 1771/1660/1184 1788/1659/1183
f 1794/1663/1187 1791/1664/1188 1793/1665/839
f 1792/1666/1189 1791/1664/1188 1794/1663/1187
f 1794/1663/1187 1793/1665/839 1795/1667/841
f 1750/1617/1003 1796/1668/1002 1753/1620/1152
f 1795/1667/841 1797/1669/1009 1794/1663/1187
f 1801/1670/1190 1769/1636/1166 1751/1619/1160
f 1758/1626/1156 1801/1670/1190 1751/1619/1160
f 1769/1636/1166 1801/1670/1190 1802/1671/1191
f 1802/1671/1191 1767/1637/1167 1769/1636/1166
f 1802/1671/1191 1770/1639/1168 1767/1637/1167
f 1801/1670/1190 1803/1672/1192 1802/1671/1191
f 1770/1639/1168 1802/1671/1191 1803/1672/1192
f 1804/1673/1193 1801/1670/1190 1758/1626/1156
f 1803/1672/1192 1801/1670/1190 1804/1673/1193
f 1805/1674/1194 1804/1673/1193 1758/1626/1156
f 1759/1628/1158 1805/1674/1194 1758/1626/1156
f 1759/1628/1158 1762/1631/1162 1805/1674/1194
f 1766/1638/1077 1770/1639/1168 1806/1675/902
f 1809/1676/1033 1807/1677/1035 1808/1678/1195
f 1811/1679/1196 1812/1680/1197 1810/1681/1025
f 1816/1682/1087 1815/1683/1032 1813/1684/1030
f 1817/1685/1198 1812/1680/1029 1815/1683/1032
f 1817/1685/1198 1809/1676/1033 1812/1680/1029
f 1818/1686/1199 1815/1683/1032 1816/1682/1087
f 1818/1686/1199 1817/1685/1198 1815/1683/1032
f 1814/1687/1200 1732/1602/862 1731/1601/1140
f 1817/1685/1198 1818/1686/1199 1820/1688/1201
f 1809/1676/1033 1817/1685/1198 1820/1688/1201
f 1820/1688/1201 1821/1689/1092 1809/1676/1033
f 1820/1688/1201 1819/1690/1202 1822/1691/1203
f 1821/1689/1092 1820/1688/1201 1822/1691/1203
f 1824/1692/1204 1825/1693/1205 1823/1694/1206
f 1825/1693/1205 1824/1692/1204 1826/1695/1207
f 1826/1695/1207 1829/1696/1208 1825/1693/1205
f 1829/1696/1208 1828/1697/1209 1825/1693/1205
f 1830/1698/1210 1827/1699/1211 1828/1697/1209
f 1829/1696/1208 1830/1698/1210 1828/1697/1209
f 1827/1699/1211 1830/1698/1210 1831/1700/1212
f 1831/1700/1212 1830/1698/1210 1833/1701/1213
f 1833/1701/1213 1832/1702/1214 1831/1700/1212
f 1834/1703/1215 1832/1702/1214 1833/1701/1213
f 1836/1704/1051 1669/1705/926 1835/1706/1095
f 1838/1707/1216 1836/1704/1051 1837/1708/1096
f 1836/1704/1051 1838/1707/1216 1839/1709/1052
f 1838/1707/1216 1670/1710/1217 1839/1709/1052
f 1671/1711/799 1670/1710/1217 1838/1707/1216
f 1771/1660/1184 1790/1662/1186 1840/1712/1218
f 1846/1713/1219 1842/1714/847 1843/1715/1058
f 1841/1716/1220 1846/1713/1219 1843/1715/1058
f 1846/1713/1219 1841/1716/1220 1844/1717/1103
f 1846/1713/1219 1844/1717/1103 1845/1718/1104
f 1845/1718/1104 1800/1719/1221 1846/1713/1219
f 1846/1713/1219 1798/1720/1222 1842/1714/847
f 1799/1721/1223 1846/1713/1219 1800/1719/1221
f 1846/1713/1219 1799/1721/1223 1798/1720/1222
f 1848/1722/1224 1850/1723/1225 1849/1724/1105
f 1851/1725/1226 1849/1724/1105 1850/1723/1225
f 1851/1725/1226 1850/1723/1225 1852/1726/1227
f 1853/1727/1228 1855/1728/1064 1854/1729/1114
f 1856/1730/1229 1857/1731/1230 1858/1732/609
f 1856/1730/1229 1858/1732/609 1859/1733/1231
f 1859/1733/1231 1858/1732/609 1860/1734/1232
f 1861/1735/1233 1858/1732/609 1857/1731/1230
f 1856/1730/1229 1859/1733/1231 1862/1736/1234
f 1858/1732/609 1861/1735/1233 1863/1737/1235
f 1860/1734/1232 1858/1732/609 1863/1737/1235
f 1860/1734/1232 1864/1738/1119 1859/1733/1231
f 1862/1736/1234 1859/1733/1231 1864/1738/1119
f 1863/1737/1235 1865/1739/1236 1860/1734/1232
f 1865/1739/1236 1863/1737/1235 1866/1740/1237
f 1864/1738/1119 1860/1734/1232 1867/1741/1063
f 1863/1737/1235 1868/1742/806 1866/1740/1237
f 1863/1737/1235 1861/1735/1233 1868/1742/806
f 1855/1728/1064 1871/1743/1238 1870/1744/1068
f 1870/1744/1068 1871/1743/1238 1872/1745/1239
f 1871/1743/1238 1873/1746/810 1872/1745/1239
f 1874/1747/1240 1873/1746/810 1871/1743/1238
f 1875/1748/1241 1876/1749/1242 1877/1750/1243
f 1876/1749/1242 1875/1748/1241 1878/1751/1177
f 1876/1749/1242 1878/1751/1177 1879/1752/818
f 1879/1752/818 1878/1751/1177 1880/1753/822
f 1875/1748/1241 1881/1754/1244 1882/1755/1245
f 1883/1756/1246 1881/1754/1244 1875/1748/1241
f 1883/1756/1246 1875/1748/1241 1877/1750/1243
f 1884/1757/1132 1885/1758/1247 1886/1759/1248
f 1886/1759/1248 1887/1760/1249 1884/1757/1132
f 1891/1761/1250 1892/1762/1251 1890/1763/865
f 1877/1750/1243 1893/1764/1252 1891/1761/1250
f 1892/1762/1251 1891/1761/1250 1893/1764/1252
f 1893/1764/1252 1877/1750/1243 1876/1749/1242
f 1876/1749/1242 1894/1765/1253 1893/1764/1252
f 1876/1749/1242 1879/1752/818 1894/1765/1253
f 1894/1765/1253 1895/1766/1071 1893/1764/1252
f 1895/1766/1071 1892/1762/1251 1893/1764/1252
f 1894/1765/1253 1879/1752/818 1896/1767/1254
f 1895/1766/1071 1894/1765/1253 1896/1767/1254
f 1896/1767/1254 1897/1768/1255 1895/1766/1071
f 1897/1768/1255 1896/1767/1254 1899/1769/1256
f 1899/1769/1143 1900/1770/1257 1898/1771/1258
f 1896/1767/1254 1901/1772/1259 1899/1769/1256
f 1879/1752/818 1901/1772/1259 1896/1767/1254
f 1899/1769/1143 1902/1773/1260 1900/1770/1257
f 1879/1752/818 1880/1753/822 1903/1774/819
f 1904/1775/1152 1862/1736/1234 1869/1776/1120
f 1906/1777/873 1905/1778/828 1857/1731/1230
f 1906/1777/873 1907/1779/1261 1905/1778/828
f 1909/1780/871 1907/1779/1261 1906/1777/873
f 1910/1781/887 1906/1777/873 1911/1782/1262
f 1906/1777/873 1857/1731/1230 1911/1782/1262
f 1912/1783/1263 1910/1781/887 1911/1782/1262
f 1857/1731/1230 1856/1730/1229 1911/1782/1262
f 1913/1784/1264 1911/1782/1262 1856/1730/1229
f 1913/1784/1264 1856/1730/1229 1914/1785/1265
f 1915/1786/1266 1913/1784/1264 1914/1785/1265
f 1914/1785/1265 1856/1730/1229 1916/1787/1267
f 1856/1730/1229 1862/1736/1234 1916/1787/1267
f 1917/1788/1268 1915/1786/1266 1914/1785/1265
f 1916/1787/1267 1862/1736/1234 1904/1775/1152
f 1915/1786/1266 1917/1788/1268 1919/1789/1269
f 1919/1789/1269 1917/1788/1268 1882/1755/1245
f 1920/1790/1079 1922/1791/1174 1924/1792/1084
f 1925/1793/1270 1921/1794/1271 1923/1795/1272
f 1921/1794/1271 1925/1793/1270 1926/1796/1273
f 1923/1795/1272 1927/1797/1274 1925/1793/1270
f 1924/1792/1275 1927/1797/1274 1923/1795/1272
f 1925/1793/1270 1928/1798/1182 1926/1796/1273
f 1927/1797/1274 1928/1798/1182 1925/1793/1270
f 1927/1797/1274 1930/1799/1185 1928/1798/1182
f 1931/1800/1276 1929/1801/1277 1930/1799/1185
f 1917/1788/1268 1930/1799/1185 1927/1797/1274
f 1924/1792/1275 1917/1788/1268 1927/1797/1274
f 1875/1748/1241 1917/1788/1268 1924/1792/1275
f 1875/1748/1241 1924/1792/1275 1878/1751/1177
f 1882/1755/1245 1917/1788/1268 1875/1748/1241
f 1917/1788/1268 1932/1802/1278 1930/1799/1185
f 1914/1785/1265 1932/1802/1278 1917/1788/1268
f 1930/1799/1185 1932/1802/1278 1933/1803/1279
f 1931/1800/1276 1930/1799/1185 1933/1803/1279
f 1932/1802/1278 1914/1785/1265 1934/1804/1280
f 1914/1785/1265 1916/1787/1267 1934/1804/1280
f 1933/1803/1279 1932/1802/1278 1935/1805/1281
f 1932/1802/1278 1934/1804/1280 1935/1805/1281
f 1916/1787/1267 1936/1806/1282 1934/1804/1280
f 1934/1804/1280 1936/1806/1282 1935/1805/1281
f 1936/1806/1282 1916/1787/1267 1937/1807/1283
f 1936/1806/1282 1938/1808/1189 1935/1805/1281
f 1938/1808/1189 1936/1806/1282 1937/1807/1283
f 1916/1787/1267 1904/1775/1152 1937/1807/1283
f 1937/1807/1283 1904/1775/1152 1939/1809/1284
f 1935/1805/1281 1940/1810/1285 1933/1803/1279
f 1933/1803/1279 1940/1810/1285 1931/1800/1276
f 1940/1810/1285 1935/1805/1281 1941/1811/1286
f 1935/1805/1281 1938/1808/1189 1941/1811/1286
f 1938/1808/843 1942/1812/1187 1943/1813/848
f 1941/1811/1286 1938/1808/1189 1944/1814/1287
f 1941/1811/1286 1944/1814/1287 1945/1815/1288
f 1874/1747/1240 1948/1816/1289 1908/1817/1290
f 1946/1818/1291 1949/1819/911 1918/1820/1292
f 1874/1747/1240 1871/1743/1238 1948/1816/1289
f 1947/1821/1293 1850/1723/1225 1946/1818/1291
f 1853/1727/1228 1947/1821/1293 1948/1816/1289
f 1853/1727/1228 1850/1723/1225 1947/1821/1293
f 1948/1816/1289 1855/1728/1064 1853/1727/1228
f 1855/1728/1064 1948/1816/1289 1871/1743/1238
f 1918/1820/1292 1949/1819/911 1950/1822/902
f 1951/1823/1294 1950/1822/902 1949/1819/911
f 1949/1819/911 1952/1824/909 1951/1823/1294
f 1953/1825/1295 1952/1824/909 1954/1826/912
f 1954/1826/912 1955/1827/915 1953/1825/1295
f 1956/1828/1296 1954/1826/912 1949/1819/911
f 1954/1826/912 1886/1759/1248 1955/1827/915
f 1954/1826/912 1956/1828/1296 1886/1759/1248
f 1886/1759/1248 1885/1758/1247 1955/1827/915
f 1957/1829/1087 1959/1830/1297 1958/1831/1199
f 1889/1832/1140 1959/1830/1297 1957/1829/1087
f 1960/1833/1298 1958/1831/1199 1959/1830/1297
f 1888/1834/1299 1959/1830/1297 1889/1832/1140
f 1888/1834/1299 1961/1835/1203 1959/1830/1297
f 1966/1836/1300 1964/1837/1301 1963/1838/1302
f 1966/1836/1300 1963/1838/1302 1962/1839/1303
f 1964/1837/1301 1966/1836/1300 1965/1840/1304
f 1961/1835/1203 1966/1836/1300 1962/1839/1303
f 1966/1836/1300 1961/1835/1203 1967/1841/1305
f 1961/1835/1203 1888/1834/1299 1967/1841/1305
f 1967/1841/1305 1886/1759/1248 1966/1836/1300
f 1887/1760/1249 1886/1759/1248 1967/1841/1305
f 1887/1760/1249 1967/1841/1305 1888/1834/1299
f 1956/1828/1296 1966/1836/1300 1886/1759/1248
f 1956/1828/1296 1965/1840/1304 1966/1836/1300
f 1969/1842/1213 1965/1840/1304 1956/1828/1296
f 1971/1843/1306 1969/1842/1213 1956/1828/1296
f 1969/1842/1213 1971/1843/1306 1970/1844/1307
f 1971/1843/1306 1956/1828/1296 1972/1845/1308
f 1972/1845/1308 1956/1828/1296 1949/1819/911
f 1972/1845/1308 1949/1819/911 1946/1818/1291
f 1850/1723/1225 1972/1845/1308 1946/1818/1291
f 1850/1723/1225 1971/1843/1306 1972/1845/1308
f 1970/1844/1307 1973/1846/1309 1968/1847/1214
f 1970/1844/1307 1971/1843/1306 1974/1848/1310
f 1850/1723/1225 1974/1848/1310 1971/1843/1306
f 1973/1846/1309 1970/1844/1307 1975/1849/1311
f 1976/1850/1312 1970/1844/1307 1974/1848/1310
f 1976/1850/1312 1975/1849/1311 1970/1844/1307
f 1848/1722/1224 1976/1850/1312 1974/1848/1310
f 1850/1723/1225 1848/1722/1224 1974/1848/1310
f 1976/1850/1312 1977/1851/1216 1975/1849/1311
f 1847/1852/1313 1977/1851/1216 1976/1850/1312
f 1847/1852/1313 1976/1850/1312 1848/1722/1224
f 1940/1810/1285 1941/1811/1286 1978/1853/1314
f 1978/1853/1314 1941/1811/1286 1945/1815/1288
