# Blender 5.1.2
# www.blender.org
mtllib pearlbody.mtl
o RenderMesh_107895512740124
v -1.057648 0.349190 -0.021038
v -1.057648 0.360342 -0.037728
v -1.057648 0.344048 -0.033592
v -1.057648 0.352230 -0.045838
v -1.057648 0.372642 -0.059476
v -1.057648 0.377031 -0.048879
v -1.057648 0.396718 -0.052795
v -1.057648 0.396718 -0.064266
v -1.057648 0.420794 -0.059476
v -1.057648 0.416405 -0.048879
v -1.057648 0.433094 -0.037728
v -1.057648 0.441205 -0.045838
v -1.057648 0.444245 -0.021038
v -1.057648 0.454843 -0.025427
v -1.057648 0.448162 -0.001351
v -1.057648 0.459631 -0.001351
v -1.057648 0.454843 0.022725
v -1.057648 0.444245 0.018335
v -1.057648 0.441205 0.043135
v -1.057648 0.433094 0.035025
v -1.057648 0.420794 0.056773
v -1.057648 0.416405 0.046176
v -1.057648 0.396718 0.050092
v -1.057648 0.396718 0.061563
v -1.057648 0.372642 0.056773
v -1.057648 0.377031 0.046176
v -1.057648 0.360342 0.035025
v -1.057648 0.352230 0.043135
v -1.057648 0.344048 0.030889
v -1.057648 0.349190 0.018335
v 1.049432 -0.226985 -0.052263
v 1.067540 -0.273846 -0.001351
v 1.067540 -0.273846 -0.052314
v 1.113500 -0.342428 -0.001351
v 1.113500 -0.342428 -0.085790
v 1.067540 -0.273846 0.049612
v 1.113500 -0.342428 0.083088
v 1.049432 -0.226985 0.049561
v 1.049432 -0.226985 -0.001351
v 1.032295 -0.110715 -0.052263
v 1.032295 -0.110715 0.049561
v 1.032295 -0.110715 -0.001351
v 1.027184 0.007133 -0.052263
v 1.027184 0.007133 0.049561
v 1.027184 0.007133 -0.001351
v 1.032820 0.046860 -0.052263
v 1.032820 0.046860 0.049561
v 1.032820 0.046860 -0.001351
v 1.038455 0.086585 -0.052263
v 1.038455 0.086585 0.049561
v 1.038455 0.086585 -0.001351
v 1.053418 0.120425 -0.052263
v 1.053418 0.120425 0.049561
v 1.053418 0.120425 -0.001351
v 1.107469 0.242654 -0.052263
v 1.107469 0.242654 0.049561
v 1.107469 0.242654 -0.001351
v 1.107469 0.242654 -0.052263
v 1.047421 0.290942 -0.001351
v 1.107469 0.242654 -0.001351
v 1.107469 0.242654 0.049561
v 1.047421 0.290942 -0.052314
v 1.047421 0.290942 0.049612
v 0.842250 0.322306 -0.025982
v 0.842250 0.322306 0.023280
v 0.842250 0.322306 -0.001351
v 0.690583 0.177543 -0.001351
v 0.776638 0.136789 -0.052314
v 0.690583 0.177543 -0.052314
v 0.776638 0.136789 -0.001351
v 0.840566 0.031994 -0.052314
v 0.567949 0.203465 -0.001351
v 0.567949 0.203465 -0.052314
v 0.776638 0.136789 0.049612
v 0.690583 0.177543 0.049612
v 0.840566 0.031994 0.049612
v 0.567949 0.203465 0.049612
v 0.840566 0.031994 -0.001351
v 0.881116 -0.110469 0.049612
v 0.881116 -0.110469 -0.052314
v 0.474417 0.248239 -0.001351
v 0.474417 0.248239 0.049612
v 0.474417 0.248239 -0.052314
v 0.332168 0.282123 -0.001351
v 0.332168 0.282123 0.083088
v 0.332168 0.282123 -0.085790
v 0.881116 -0.110469 -0.001351
v 0.925459 -0.185296 -0.052314
v 0.925459 -0.185296 0.049612
v 0.925459 -0.185296 -0.001351
v 0.984522 -0.233602 -0.001351
v 0.984522 -0.233602 -0.052314
v 0.984522 -0.233602 0.049612
v 0.281816 0.448445 0.030889
v 0.261528 0.440264 0.048221
v 0.281816 0.440262 0.043135
v 0.281816 0.448445 -0.033592
v 0.281816 0.440262 -0.045838
v 0.261528 0.440264 -0.050923
v -1.028466 0.446534 -0.051167
v -1.028466 0.461805 -0.028312
v -0.999285 0.441205 -0.045838
v -0.999285 0.454843 -0.025427
v -1.057648 0.441205 -0.045838
v -1.057648 0.454843 -0.025427
v -1.028466 0.467168 -0.001351
v -0.999285 0.454843 -0.025427
v -0.999285 0.459631 -0.001351
v -1.057648 0.454843 -0.025427
v -1.057648 0.459631 -0.001351
v -0.999285 0.454843 0.022725
v -0.999285 0.459631 -0.001351
v -1.028466 0.461805 0.025609
v -1.057648 0.459631 -0.001351
v -1.057648 0.454843 0.022725
v 0.261528 0.448445 -0.033592
v 0.281816 0.448445 -0.033592
v 0.261528 0.440264 -0.050923
v 0.261528 0.440264 -0.050923
v 0.241239 0.448445 -0.033592
v 0.261528 0.448445 -0.033592
v 0.241239 0.448445 0.030889
v 0.261528 0.440264 0.048221
v 0.261528 0.448445 0.030889
v 0.281816 0.337651 -0.025427
v 0.281816 0.344332 -0.001351
v 0.281816 0.332861 -0.001351
v 0.281816 0.337651 0.022725
v 0.281816 0.348248 -0.021038
v 0.281816 0.348248 0.018335
v 0.281816 0.359399 -0.037728
v 0.281816 0.359399 0.035025
v 0.281816 0.351289 -0.045838
v 0.281816 0.351289 0.043135
v 0.281816 0.371699 -0.059476
v 0.281816 0.376089 0.046176
v 0.281816 0.376089 -0.048879
v 0.281816 0.371699 0.056774
v 0.281816 0.395775 -0.052795
v 0.281816 0.395775 0.050092
v 0.281816 0.395775 -0.064266
v 0.281816 0.395775 0.061563
v 0.281816 0.419851 -0.059476
v 0.281816 0.419851 0.056774
v 0.281816 0.415462 -0.048879
v 0.281816 0.415462 0.046176
v 0.281816 0.432152 -0.037728
v 0.281816 0.440262 0.043135
v 0.281816 0.440262 -0.045838
v 0.281816 0.448445 -0.033592
v 0.281816 0.443303 -0.021038
v 0.281816 0.432152 0.035025
v 0.281816 0.448445 0.030889
v 0.281816 0.443303 0.018335
v -1.057648 0.352230 -0.045838
v -1.028466 0.348031 -0.050923
v -1.057648 0.344048 -0.033592
v -1.057648 0.352230 0.043135
v -1.057648 0.344048 0.030889
v -1.028466 0.348031 0.048221
v 0.241239 0.448445 -0.033592
v 0.241239 0.443303 -0.021038
v 0.261528 0.448445 -0.033592
v 0.261528 0.443303 -0.021038
v 0.261528 0.443303 -0.021038
v 0.281816 0.448445 -0.033592
v 0.281816 0.443303 0.018335
v 0.261528 0.443303 0.018335
v 0.281816 0.448445 0.030889
v 0.261528 0.448445 0.030889
v 0.261528 0.443303 0.018335
v 0.241239 0.443303 0.018335
v 0.261528 0.448445 0.030889
v 0.241239 0.443303 0.018335
v 0.241239 0.448445 0.030889
v 0.261528 0.448445 0.030889
v 0.281816 0.448445 -0.033592
v 0.261528 0.443303 -0.021038
v 0.281816 0.443303 -0.021038
v 0.241239 0.440262 0.043135
v 0.261528 0.440264 0.048221
v 0.241239 0.448445 0.030889
v 0.241239 0.440262 -0.045838
v 0.241239 0.448445 -0.033592
v 0.261528 0.440264 -0.050923
v -1.057648 0.454843 0.022725
v -1.057648 0.441205 0.043135
v -1.028466 0.446534 0.048465
v -0.999285 0.441205 0.043135
v -0.999285 0.454843 0.022725
v -1.028466 0.423678 0.063737
v -0.999285 0.441205 0.043135
v -0.999285 0.420794 0.056773
v -1.057648 0.441205 0.043135
v -1.057648 0.420794 0.056773
v -1.057648 0.420794 0.056773
v -1.028466 0.396718 0.069099
v -1.057648 0.396718 0.061563
v -0.999285 0.420794 0.056773
v -0.999285 0.396718 0.061563
v 1.018823 -0.339914 -0.085790
v 1.067540 -0.273846 -0.052314
v 1.113500 -0.342428 -0.085790
v 0.984522 -0.233602 -0.052314
v 0.949514 -0.310883 -0.085790
v 1.049432 -0.226985 -0.052263
v 0.876742 -0.251365 -0.085790
v 0.971053 -0.147055 -0.052314
v 0.925459 -0.185296 -0.052314
v 1.032295 -0.110715 -0.052263
v 0.832400 -0.176538 -0.085790
v 0.960286 0.007133 -0.052314
v 0.881116 -0.110469 -0.052314
v 1.027184 0.007133 -0.052263
v 0.791849 -0.034076 -0.085790
v 0.966998 0.055038 -0.052314
v 0.840566 0.031994 -0.052314
v 1.032820 0.046860 -0.052263
v 0.727921 0.070720 -0.085790
v 1.038455 0.086585 -0.052263
v 0.776638 0.136789 -0.052314
v 0.973711 0.102942 -0.052314
v 0.690583 0.177543 -0.052314
v 0.989693 0.143706 -0.052314
v 0.641866 0.111473 -0.085790
v 1.053418 0.120425 -0.052263
v 1.107469 0.242654 -0.052263
v 1.047421 0.290942 -0.052314
v 0.567949 0.203465 -0.052314
v 0.519232 0.137396 -0.085790
v 0.474417 0.248239 -0.052314
v 0.425700 0.182170 -0.085790
v 0.373499 0.222092 -0.085790
v 0.332168 0.282123 -0.085790
v 1.018823 -0.339914 0.083088
v 1.113500 -0.342428 0.083088
v 1.067540 -0.273846 0.049612
v 0.984522 -0.233602 0.049612
v 0.949514 -0.310883 0.083088
v 1.049432 -0.226985 0.049561
v 0.876742 -0.251365 0.083088
v 0.971053 -0.147055 0.049612
v 0.925459 -0.185296 0.049612
v 1.032295 -0.110715 0.049561
v 0.832400 -0.176538 0.083088
v 0.960286 0.007133 0.049612
v 0.881116 -0.110469 0.049612
v 1.027184 0.007133 0.049561
v 0.791849 -0.034076 0.083088
v 0.966998 0.055038 0.049612
v 0.840566 0.031994 0.049612
v 1.032820 0.046860 0.049561
v 0.727921 0.070720 0.083088
v 1.038455 0.086585 0.049561
v 0.776638 0.136789 0.049612
v 0.973711 0.102942 0.049612
v 0.690583 0.177543 0.049612
v 0.989693 0.143706 0.049612
v 0.641866 0.111473 0.083088
v 1.053418 0.120425 0.049561
v 1.107469 0.242654 0.049561
v 1.047421 0.290942 0.049612
v 0.567949 0.203465 0.049612
v 0.519232 0.137396 0.083088
v 0.474417 0.248239 0.049612
v 0.425700 0.182170 0.083088
v 0.373499 0.222092 0.083088
v 0.332168 0.282123 0.083088
v 0.241239 0.419851 -0.059476
v 0.261528 0.422736 -0.066439
v 0.261528 0.395775 -0.071801
v 0.241239 0.395775 -0.064266
v 0.281816 0.419851 -0.059476
v 0.281816 0.395775 -0.064266
v 0.281816 0.440262 -0.045838
v 0.281816 0.419851 -0.059476
v 0.261528 0.440264 -0.050923
v 0.241239 0.440262 -0.045838
v 0.241239 0.419851 -0.059476
v 0.281816 0.443303 0.018335
v 0.261528 0.432152 0.035025
v 0.261528 0.443303 0.018335
v 0.281816 0.432152 0.035025
v 0.241239 0.432152 0.035025
v 0.241239 0.443303 0.018335
v 0.241239 0.415462 0.046176
v 0.261528 0.415462 0.046176
v 0.281816 0.415462 0.046176
v 0.241239 0.395775 0.050092
v 0.261528 0.395775 0.050092
v 0.281816 0.395775 0.050092
v 0.241239 0.376089 0.046176
v 0.261528 0.376089 0.046176
v 0.281816 0.376089 0.046176
v 0.241239 0.359399 0.035025
v 0.261528 0.359399 0.035025
v 0.281816 0.359399 0.035025
v 0.281816 0.348248 0.018335
v 0.261528 0.348248 0.018335
v 0.241239 0.348248 0.018335
v 0.281816 0.344332 -0.001351
v 0.261528 0.344332 -0.001351
v 0.241239 0.344332 -0.001351
v 0.281816 0.348248 -0.021038
v 0.261528 0.348248 -0.021038
v 0.241239 0.348248 -0.021038
v 0.281816 0.359399 -0.037728
v 0.261528 0.359399 -0.037728
v 0.241239 0.359399 -0.037728
v 0.281816 0.376089 -0.048879
v 0.261528 0.376089 -0.048879
v 0.281816 0.395775 -0.052795
v 0.241239 0.376089 -0.048879
v 0.261528 0.395775 -0.052795
v 0.241239 0.395775 -0.052795
v 0.261528 0.422736 0.063737
v 0.241239 0.440262 0.043135
v 0.241239 0.419851 0.056774
v 0.261528 0.440264 0.048221
v 0.281816 0.448445 0.030889
v 0.261528 0.448445 0.030889
v 0.281816 0.440262 0.043135
v 0.281816 0.419851 0.056774
v 0.261528 0.395775 0.069099
v 0.281816 0.419851 0.056774
v 0.281816 0.395775 0.061563
v 0.241239 0.419851 0.056774
v 0.241239 0.395775 0.061563
v 0.281816 0.371699 0.056774
v 0.281816 0.395775 0.061563
v 0.261528 0.368815 0.063737
v 0.241239 0.371699 0.056774
v 0.241239 0.395775 0.061563
v 0.281816 0.351289 0.043135
v 0.281816 0.371699 0.056774
v 0.261528 0.345959 0.048465
v 0.241239 0.351289 0.043135
v 0.241239 0.371699 0.056774
v -1.028466 0.369757 -0.066439
v -1.057648 0.352230 -0.045838
v -1.057648 0.372642 -0.059476
v -1.028466 0.348031 -0.050923
v -0.999285 0.344048 -0.033592
v -1.028467 0.344048 -0.033592
v -0.999285 0.352230 -0.045838
v -0.999285 0.372642 -0.059476
v -1.028466 0.396718 -0.071801
v -0.999285 0.372642 -0.059476
v -0.999285 0.396718 -0.064266
v -1.057648 0.372642 -0.059476
v -1.057648 0.396718 -0.064266
v -0.999285 0.420794 -0.059476
v -0.999285 0.396718 -0.064266
v -1.028466 0.423678 -0.066439
v -1.057648 0.420794 -0.059476
v -1.057648 0.396718 -0.064266
v -0.999285 0.441205 -0.045838
v -0.999285 0.420794 -0.059476
v -1.057648 0.441205 -0.045838
v -1.057648 0.420794 -0.059476
v -1.057648 0.396718 0.050092
v -1.028467 0.396718 0.050092
v -1.028467 0.377031 0.046176
v -1.057648 0.377031 0.046176
v -1.057648 0.360342 0.035025
v -0.999285 0.377031 0.046176
v -0.999285 0.396718 0.050092
v -1.028467 0.360342 0.035025
v -1.057648 0.349190 0.018335
v -0.999285 0.360342 0.035025
v -1.028467 0.349190 0.018335
v -0.999285 0.349190 0.018335
v -1.057648 0.372642 0.056773
v -1.028466 0.369757 0.063737
v -1.028466 0.396718 0.069099
v -1.057648 0.396718 0.061563
v -0.999285 0.372642 0.056773
v -0.999285 0.396718 0.061563
v -0.999285 0.352230 0.043135
v -0.999285 0.372642 0.056773
v -1.028466 0.348031 0.048221
v -1.057648 0.352230 0.043135
v -1.057648 0.372642 0.056773
v 0.261528 0.330688 -0.028312
v 0.281816 0.351289 -0.045838
v 0.281816 0.337651 -0.025427
v 0.261528 0.345959 -0.051167
v 0.241239 0.351289 -0.045838
v 0.241239 0.337651 -0.025427
v 0.261528 0.368815 -0.066439
v 0.281816 0.351289 -0.045838
v 0.281816 0.371699 -0.059476
v 0.241239 0.351289 -0.045838
v 0.241239 0.371699 -0.059476
v 0.241239 0.371699 -0.059476
v 0.261528 0.395775 -0.071801
v 0.241239 0.395775 -0.064266
v 0.281816 0.371699 -0.059476
v 0.281816 0.395775 -0.064266
v 0.261528 0.330688 0.025609
v 0.281816 0.351289 0.043135
v 0.281816 0.337651 0.022725
v 0.241239 0.351289 0.043135
v 0.241239 0.337651 0.022725
v 0.241239 0.337651 0.022725
v 0.261528 0.325325 -0.001351
v 0.241239 0.332861 -0.001351
v 0.281816 0.337651 0.022725
v 0.281816 0.332861 -0.001351
v 0.281816 0.337651 -0.025427
v 0.281816 0.332861 -0.001351
v 0.241239 0.337651 -0.025427
v 0.241239 0.332861 -0.001351
v -1.028467 0.344048 0.030889
v -0.999285 0.344048 0.030889
v -1.028466 0.348031 0.048221
v -1.028466 0.348031 0.048221
v -1.057648 0.344048 0.030889
v -1.028467 0.344048 0.030889
v -1.057648 0.344048 -0.033592
v -1.028466 0.348031 -0.050923
v -1.028467 0.344048 -0.033592
v -1.057648 0.349190 0.018335
v -1.028467 0.349190 0.018335
v -1.028467 0.344048 0.030889
v -1.057648 0.344048 0.030889
v -0.999285 0.344048 -0.033592
v -1.028467 0.349190 -0.021038
v -1.028467 0.344048 -0.033592
v -0.999285 0.349190 -0.021038
v -1.028467 0.344048 -0.033592
v -1.057648 0.349190 -0.021038
v -1.057648 0.344048 -0.033592
v -1.057648 0.349190 -0.021038
v -1.028467 0.344048 -0.033592
v -1.028467 0.349190 -0.021038
v -1.028467 0.349190 0.018335
v -0.999285 0.349190 0.018335
v -0.999285 0.344048 0.030889
v -1.028467 0.349190 0.018335
v -0.999285 0.344048 0.030889
v -1.028467 0.344048 0.030889
v 0.960286 0.007133 -0.052314
v 0.928430 -0.077911 -0.039148
v 0.887820 0.064934 -0.025982
v 0.971053 -0.147055 -0.052314
v 0.966998 0.055038 -0.052314
v 0.831411 0.157227 -0.025982
v 0.973711 0.102942 -0.052314
v 0.989693 0.143706 -0.052314
v 0.820017 0.194170 -0.025982
v 0.842250 0.322306 -0.025982
v 1.047421 0.290942 -0.052314
v 0.960286 0.007133 0.049612
v 0.887820 0.064934 0.023280
v 0.928430 -0.077911 0.036446
v 0.971053 -0.147055 0.049612
v 0.966998 0.055038 0.049612
v 0.831411 0.157227 0.023280
v 0.973711 0.102942 0.049612
v 0.989693 0.143706 0.049612
v 0.820017 0.194170 0.023280
v 0.842250 0.322306 0.023280
v 1.047421 0.290942 0.049612
v 0.241239 0.395775 -0.052795
v 0.261528 0.395775 -0.052795
v 0.261528 0.415462 -0.048879
v 0.241239 0.415462 -0.048879
v 0.241239 0.432152 -0.037728
v 0.281816 0.415462 -0.048879
v 0.281816 0.395775 -0.052795
v 0.261528 0.432152 -0.037728
v 0.241239 0.443303 -0.021038
v 0.281816 0.432152 -0.037728
v 0.261528 0.443303 -0.021038
v 0.281816 0.443303 -0.021038
v -1.028467 0.349190 -0.021038
v -0.999285 0.349190 -0.021038
v -1.028467 0.360342 -0.037728
v -0.999285 0.360342 -0.037728
v -1.057648 0.360342 -0.037728
v -1.057648 0.349190 -0.021038
v -1.057648 0.377031 -0.048879
v -1.028467 0.377031 -0.048879
v -0.999285 0.377031 -0.048879
v -1.057648 0.396718 -0.052795
v -1.028467 0.396718 -0.052795
v -0.999285 0.396718 -0.052795
v -1.057648 0.416405 -0.048879
v -1.028467 0.416405 -0.048879
v -0.999285 0.416405 -0.048879
v -1.057648 0.433094 -0.037728
v -1.028467 0.433094 -0.037728
v -0.999285 0.433094 -0.037728
v -0.999285 0.444245 -0.021038
v -1.028467 0.444245 -0.021038
v -1.057648 0.444245 -0.021038
v -0.999285 0.448162 -0.001351
v -1.028467 0.448162 -0.001351
v -1.057648 0.448162 -0.001351
v -0.999285 0.444245 0.018335
v -1.028467 0.444245 0.018335
v -1.057648 0.444245 0.018335
v -0.999285 0.433094 0.035025
v -1.028467 0.433094 0.035025
v -1.057648 0.433094 0.035025
v -0.999285 0.416405 0.046176
v -1.028467 0.416405 0.046176
v -0.999285 0.396718 0.050092
v -1.057648 0.416405 0.046176
v -1.028467 0.396718 0.050092
v -1.057648 0.396718 0.050092
v 0.241239 0.448445 0.030889
v 0.241239 0.432152 0.035025
v 0.241239 0.440262 0.043135
v 0.241239 0.443303 0.018335
v 0.241239 0.415462 0.046176
v 0.241239 0.419851 0.056774
v 0.241239 0.395775 0.050092
v 0.241239 0.395775 0.061563
v 0.241239 0.371699 0.056774
v 0.241239 0.376089 0.046176
v 0.241239 0.351289 0.043135
v 0.241239 0.359399 0.035025
v 0.241239 0.337651 0.022725
v 0.241239 0.348248 0.018335
v 0.241239 0.344332 -0.001351
v 0.241239 0.332861 -0.001351
v 0.241239 0.337651 -0.025427
v 0.241239 0.348248 -0.021038
v 0.241239 0.359399 -0.037728
v 0.241239 0.351289 -0.045838
v 0.241239 0.371699 -0.059476
v 0.241239 0.376089 -0.048879
v 0.241239 0.395775 -0.052795
v 0.241239 0.395775 -0.064266
v 0.241239 0.419851 -0.059476
v 0.241239 0.415462 -0.048879
v 0.241239 0.432152 -0.037728
v 0.241239 0.440262 -0.045838
v 0.241239 0.448445 -0.033592
v 0.241239 0.443303 -0.021038
v 0.332168 0.282123 -0.085790
v 0.373499 0.222092 -0.085790
v 0.332168 0.282123 -0.001351
v 0.373499 0.222092 -0.001351
v 0.425700 0.182170 -0.085790
v 0.373499 0.222092 0.083088
v 0.332168 0.282123 0.083088
v 0.425700 0.182170 0.083088
v 0.425700 0.182170 -0.001351
v 0.519232 0.137396 -0.085790
v 0.519232 0.137396 0.083088
v 0.519232 0.137396 -0.001351
v 0.641866 0.111473 -0.085790
v 0.727921 0.070720 -0.085790
v 0.641866 0.111473 -0.001351
v 0.727921 0.070720 -0.001351
v 0.791849 -0.034076 -0.085790
v 0.727921 0.070720 0.083088
v 0.641866 0.111473 0.083088
v 0.791849 -0.034076 0.083088
v 0.791849 -0.034076 -0.001351
v 0.832400 -0.176538 0.083088
v 0.832400 -0.176538 -0.085790
v 0.832400 -0.176538 -0.001351
v 0.876742 -0.251365 0.083088
v 0.876742 -0.251365 -0.085790
v 0.876742 -0.251365 -0.001351
v 0.949514 -0.310883 -0.001351
v 0.949514 -0.310883 0.083088
v 0.949514 -0.310883 -0.085790
v 1.018823 -0.339914 -0.001351
v 1.018823 -0.339914 0.083088
v 1.018823 -0.339914 -0.085790
v 1.113500 -0.342428 -0.001351
v 1.113500 -0.342428 0.083088
v 1.113500 -0.342428 -0.085790
v -0.999285 0.344048 -0.033592
v -1.028466 0.348031 -0.050923
v -0.999285 0.352230 -0.045838
v -0.999285 0.344048 0.030889
v -0.999285 0.352230 0.043135
v -1.028466 0.348031 0.048221
v 0.971053 -0.147055 -0.052314
v 0.984522 -0.233602 -0.052314
v 0.971053 -0.147055 -0.001351
v 0.984522 -0.233602 -0.001351
v 0.984522 -0.233602 0.049612
v 0.971053 -0.147055 0.049612
v 0.928430 -0.077911 -0.039148
v 0.928430 -0.077911 0.036446
v 0.928430 -0.077911 -0.001351
v 0.887820 0.064934 -0.025982
v 0.887820 0.064934 0.023280
v 0.887820 0.064934 -0.001351
v 0.831411 0.157227 -0.001351
v 0.831411 0.157227 -0.025982
v 0.831411 0.157227 0.023280
v 0.820017 0.194170 -0.001351
v 0.820017 0.194170 -0.025982
v 0.820017 0.194170 0.023280
v 0.842250 0.322306 -0.001351
v 0.842250 0.322306 -0.025982
v 0.842250 0.322306 0.023280
v -0.999285 0.441205 -0.045838
v -0.999285 0.444245 -0.021038
v -0.999285 0.433094 -0.037728
v -0.999285 0.454843 -0.025427
v -0.999285 0.420794 -0.059476
v -0.999285 0.448162 -0.001351
v -0.999285 0.416405 -0.048879
v -0.999285 0.459631 -0.001351
v -0.999285 0.396718 -0.052795
v -0.999285 0.454843 0.022725
v -0.999285 0.396718 -0.064266
v -0.999285 0.444245 0.018335
v -0.999285 0.372642 -0.059476
v -0.999285 0.441205 0.043135
v -0.999285 0.377031 -0.048879
v -0.999285 0.433094 0.035025
v -0.999285 0.360342 -0.037728
v -0.999285 0.420794 0.056773
v -0.999285 0.352230 -0.045838
v -0.999285 0.344048 -0.033592
v -0.999285 0.349190 -0.021038
v -0.999285 0.416405 0.046176
v -0.999285 0.396718 0.050092
v -0.999285 0.396718 0.061563
v -0.999285 0.372642 0.056773
v -0.999285 0.377031 0.046176
v -0.999285 0.360342 0.035025
v -0.999285 0.352230 0.043135
v -0.999285 0.344048 0.030889
v -0.999285 0.349190 0.018335
vn -1.0000 0.0005 0.0005
vn 0.9670 0.2547 -0.0000
vn 0.8872 0.4614 0.0006
vn 0.8815 0.4722 0.0004
vn 0.8309 0.5565 0.0004
vn 0.8307 0.5567 -0.0000
vn 0.8309 0.5564 0.0005
vn 0.9955 0.0943 0.0005
vn 0.9955 0.0944 0.0004
vn 0.9988 -0.0484 0.0004
vn 0.9901 -0.1403 0.0003
vn 0.9901 -0.1404 -0.0000
vn 0.9615 -0.2749 0.0005
vn 0.9147 -0.4042 0.0002
vn 0.9147 -0.4040 0.0004
vn 0.9147 -0.4041 0.0003
vn 0.6268 0.7792 0.0006
vn 0.4031 0.9152 0.0004
vn 0.6268 0.7792 0.0005
vn 0.4128 0.9108 0.0003
vn 0.4129 0.9108 -0.0000
vn 0.1511 0.9885 -0.0000
vn 0.1510 0.9885 0.0005
vn 0.3201 0.9474 0.0005
vn 0.6689 0.7434 -0.0000
vn 0.3200 0.9474 0.0004
vn 0.6688 0.7434 -0.0000
vn 0.9161 0.4009 -0.0000
vn 0.3217 0.9468 0.0003
vn 0.3218 0.9468 0.0004
vn 0.3216 0.9469 -0.0000
vn 0.9160 0.4011 0.0005
vn 0.9187 0.3951 -0.0000
vn 0.3336 0.9427 -0.0000
vn 0.3269 0.9451 -0.0000
vn 0.2320 0.9727 0.0004
vn 0.2320 0.9727 0.0005
vn 0.9186 0.3951 0.0005
vn 0.7583 0.6519 0.0005
vn 0.7583 0.6519 -0.0000
vn 0.6328 0.7743 0.0004
vn 0.0806 0.8613 0.5017
vn 0.0005 0.7900 0.6131
vn 0.1959 0.7342 0.6501
vn 0.0806 0.8613 -0.5017
vn 0.1959 0.7342 -0.6501
vn 0.0005 0.7900 -0.6131
vn 0.0005 0.7479 -0.6638
vn 0.0005 0.9513 -0.3083
vn 0.2497 0.6886 -0.6808
vn 0.2497 0.9045 -0.3456
vn -0.2497 0.6886 -0.6808
vn -0.2497 0.9046 -0.3455
vn 0.0005 1.0000 0.0003
vn 0.2497 0.9046 -0.3454
vn 0.2498 0.9683 0.0003
vn -0.2497 0.9046 -0.3454
vn -0.2498 0.9683 0.0003
vn 0.0005 1.0000 0.0005
vn 0.2497 0.9046 0.3454
vn 0.2498 0.9683 0.0005
vn 0.0005 0.9513 0.3083
vn -0.2498 0.9683 0.0006
vn -0.2497 0.9046 0.3454
vn 0.0006 0.9045 -0.4265
vn -0.0806 0.8613 -0.5017
vn 0.0005 0.9044 -0.4266
vn -0.0806 0.8613 0.5017
vn 0.0005 0.9044 0.4266
vn 1.0000 0.0005 0.0005
vn -0.2252 -0.7020 -0.6756
vn 0.0005 -0.8925 -0.4510
vn -0.1559 -0.8722 -0.4637
vn -0.2252 -0.7021 0.6756
vn -0.1559 -0.8722 0.4637
vn 0.0004 -0.8925 0.4510
vn 0.0004 0.9256 0.3786
vn 0.0003 0.9255 0.3787
vn 0.0004 0.9255 0.3786
vn 0.0004 0.9255 0.3787
vn 0.0002 0.9255 -0.3788
vn 0.0005 0.9256 -0.3785
vn 0.0004 0.9255 -0.3787
vn 0.0004 0.9256 -0.3786
vn 0.0002 0.9255 0.3788
vn -0.1959 0.7342 0.6501
vn 0.0004 0.7900 0.6131
vn -0.1959 0.7342 -0.6501
vn 0.0004 0.7900 -0.6131
vn -0.2497 0.9045 0.3456
vn -0.2497 0.6886 0.6808
vn 0.0005 0.7479 0.6638
vn 0.2497 0.6886 0.6808
vn 0.2497 0.9045 0.3456
vn 0.0005 0.4109 0.9117
vn 0.0005 0.7478 0.6639
vn 0.2497 0.3701 0.8948
vn -0.2497 0.3701 0.8948
vn -0.2497 0.3699 0.8949
vn 0.0005 0.0005 1.0000
vn 0.0005 0.4106 0.9118
vn -0.2498 0.0007 0.9683
vn 0.2497 0.3699 0.8949
vn 0.2498 0.0006 0.9683
vn 0.1038 0.3805 -0.9189
vn 0.0718 0.3043 -0.9499
vn 0.0118 0.4450 -0.8955
vn 0.1244 0.1951 -0.9729
vn 0.1948 0.3198 -0.9272
vn 0.0004 0.0004 -1.0000
vn 0.2865 0.2565 -0.9231
vn 0.0005 0.0005 -1.0000
vn 0.3011 0.2449 -0.9216
vn 0.3798 0.1798 -0.9074
vn 0.0008 -0.0000 -1.0000
vn 0.4085 0.1546 -0.8996
vn 0.4069 0.1560 -0.9001
vn 0.0005 -0.0005 -1.0000
vn 0.3767 0.1822 -0.9082
vn 0.2602 0.2768 -0.9250
vn 0.2496 0.2849 -0.9255
vn 0.1323 0.3686 -0.9201
vn 0.1177 0.3784 -0.9181
vn 0.0007 -0.0003 -1.0000
vn 0.1184 0.3780 -0.9182
vn 0.1331 0.3681 -0.9202
vn 0.1968 0.3091 -0.9304
vn 0.1994 0.3219 -0.9255
vn 0.2546 0.2224 -0.9411
vn 0.2664 0.1834 -0.9463
vn 0.1038 0.3805 0.9189
vn 0.0118 0.4450 0.8955
vn 0.0718 0.3043 0.9499
vn 0.1244 0.1951 0.9729
vn 0.1948 0.3198 0.9272
vn 0.0004 0.0004 1.0000
vn 0.2869 0.2565 0.9230
vn 0.3011 0.2449 0.9216
vn 0.3798 0.1798 0.9074
vn 0.0008 -0.0000 1.0000
vn 0.4085 0.1546 0.8996
vn 0.4069 0.1560 0.9001
vn 0.0005 -0.0005 1.0000
vn 0.3767 0.1822 0.9082
vn 0.2602 0.2768 0.9250
vn 0.2496 0.2849 0.9255
vn 0.1323 0.3686 0.9201
vn 0.1177 0.3784 0.9181
vn 0.0007 -0.0003 1.0000
vn 0.1184 0.3780 0.9182
vn 0.1331 0.3681 0.9202
vn 0.1968 0.3091 0.9304
vn 0.1994 0.3219 0.9255
vn 0.2546 0.2224 0.9411
vn 0.2664 0.1834 0.9463
vn -0.3142 0.3883 -0.8663
vn 0.0005 0.4560 -0.8900
vn -0.3483 0.0005 -0.9374
vn 0.3142 0.3883 -0.8663
vn 0.3483 0.0005 -0.9374
vn 0.1959 0.7341 -0.6502
vn 0.3142 0.3885 -0.8662
vn 0.0005 0.7899 -0.6132
vn -0.1959 0.7341 -0.6501
vn -0.3142 0.3885 -0.8662
vn 0.0007 -0.8318 -0.5551
vn 0.0005 -0.7301 -0.6833
vn 0.0004 -0.8316 -0.5553
vn 0.0005 -0.8317 -0.5553
vn 0.0005 -0.3963 -0.9181
vn 0.0003 0.0003 -1.0000
vn 0.0005 0.3963 -0.9181
vn 0.0005 0.7302 -0.6833
vn 0.0005 0.7301 -0.6833
vn 0.0005 0.9441 -0.3297
vn -0.0000 0.9441 -0.3297
vn 0.0003 1.0000 0.0003
vn -0.0000 0.9441 0.3297
vn 0.0005 0.9441 0.3297
vn 0.0005 0.7301 0.6833
vn 0.0005 0.3963 0.9181
vn -0.0000 0.0005 1.0000
vn 0.0005 0.4560 0.8900
vn -0.1959 0.7341 0.6502
vn -0.3142 0.3886 0.8662
vn 0.0005 0.7899 0.6132
vn 0.0006 0.9045 0.4265
vn 0.1959 0.7341 0.6502
vn 0.3142 0.3886 0.8662
vn 0.0005 0.0006 1.0000
vn 0.3142 0.3883 0.8663
vn 0.3483 0.0005 0.9374
vn -0.3142 0.3883 0.8663
vn -0.3483 0.0005 0.9374
vn 0.0005 0.0004 1.0000
vn 0.3482 -0.3520 0.8688
vn 0.0005 -0.4166 0.9091
vn -0.3482 -0.3520 0.8688
vn 0.0005 -0.4167 0.9090
vn 0.3483 -0.6589 0.6668
vn 0.3482 -0.3521 0.8688
vn 0.0005 -0.7547 0.6561
vn -0.3483 -0.6589 0.6668
vn -0.3482 -0.3521 0.8688
vn 0.0005 -0.4199 -0.9076
vn -0.2252 -0.7019 -0.6757
vn -0.2437 -0.3784 -0.8930
vn 0.0005 -0.8926 -0.4509
vn 0.0005 -0.8926 -0.4508
vn 0.1558 -0.8722 -0.4637
vn 0.0006 -0.9745 -0.2243
vn 0.2252 -0.7019 -0.6757
vn 0.2436 -0.3784 -0.8930
vn 0.0005 0.0003 -1.0000
vn 0.0005 -0.4198 -0.9076
vn 0.2498 0.0005 -0.9683
vn -0.2436 -0.3784 -0.8930
vn -0.2498 0.0005 -0.9683
vn 0.2497 0.3699 -0.8949
vn 0.2498 0.0006 -0.9683
vn 0.0005 0.4106 -0.9118
vn -0.2497 0.3699 -0.8949
vn -0.2498 0.0007 -0.9683
vn 0.0005 0.4109 -0.9117
vn 0.2497 0.3701 -0.8948
vn 0.0005 0.7478 -0.6639
vn -0.2497 0.3701 -0.8948
vn -0.0000 0.0005 -1.0000
vn 0.0005 0.8317 -0.5553
vn -0.0000 0.8315 -0.5556
vn 0.0004 0.8316 -0.5553
vn -0.2437 -0.3783 0.8930
vn 0.0005 -0.4198 0.9076
vn 0.0005 0.0003 1.0000
vn -0.2498 0.0005 0.9683
vn 0.2436 -0.3784 0.8930
vn 0.2498 0.0005 0.9683
vn 0.0005 -0.4199 0.9076
vn 0.2252 -0.7019 0.6757
vn 0.0005 -0.8926 0.4509
vn -0.2252 -0.7019 0.6757
vn -0.2436 -0.3785 0.8930
vn 0.0005 -0.9535 -0.3014
vn 0.3483 -0.6590 -0.6666
vn 0.3481 -0.8716 -0.3453
vn 0.0005 -0.7548 -0.6560
vn -0.3483 -0.6590 -0.6666
vn -0.3481 -0.8715 -0.3454
vn 0.0005 -0.4168 -0.9090
vn 0.3483 -0.6588 -0.6668
vn 0.0005 -0.7547 -0.6561
vn 0.3482 -0.3522 -0.8688
vn -0.3483 -0.6588 -0.6668
vn -0.3482 -0.3521 -0.8688
vn 0.0005 -0.4166 -0.9091
vn -0.3483 0.0004 -0.9374
vn 0.3482 -0.3521 -0.8688
vn 0.3483 0.0004 -0.9374
vn 0.0005 -0.9535 0.3014
vn 0.3483 -0.6589 0.6667
vn 0.0005 -0.7548 0.6560
vn 0.3481 -0.8715 0.3454
vn -0.3483 -0.6590 0.6666
vn -0.3481 -0.8715 0.3454
vn -0.3481 -0.8716 0.3451
vn 0.0005 -1.0000 0.0005
vn 0.0005 -0.9536 0.3012
vn -0.3483 -0.9374 0.0005
vn 0.3481 -0.8716 0.3451
vn 0.3483 -0.9374 0.0005
vn 0.0005 -1.0000 0.0003
vn 0.3481 -0.8716 -0.3451
vn 0.3483 -0.9374 0.0004
vn 0.0005 -0.9536 -0.3012
vn -0.3481 -0.8716 -0.3451
vn 0.0006 -0.9745 0.2243
vn 0.1558 -0.8722 0.4637
vn 0.0005 -0.8926 0.4508
vn -0.1558 -0.8722 0.4637
vn -0.0000 -0.9746 0.2240
vn -0.1558 -0.8722 -0.4637
vn 0.0004 -0.9745 -0.2242
vn 0.0004 -0.9255 -0.3787
vn 0.0004 -0.9256 -0.3786
vn 0.0004 -0.9255 -0.3786
vn 0.0002 -0.9255 0.3788
vn 0.0005 -0.9256 0.3786
vn 0.0004 -0.9255 0.3786
vn 0.0003 -0.9255 0.3787
vn 0.0004 -0.9256 0.3786
vn 0.0003 -0.9255 -0.3787
vn -0.3353 0.0033 -0.9421
vn -0.3337 -0.0210 -0.9424
vn -0.3339 -0.1292 -0.9337
vn -0.3289 -0.0230 -0.9441
vn -0.2692 -0.0045 -0.9631
vn -0.1891 -0.0191 -0.9818
vn -0.1686 0.0171 -0.9855
vn -0.1460 0.0249 -0.9890
vn -0.1431 0.0279 -0.9893
vn -0.1305 0.0376 -0.9907
vn -0.3353 0.0033 0.9421
vn -0.3339 -0.1292 0.9337
vn -0.3338 -0.0209 0.9424
vn -0.3289 -0.0230 0.9441
vn -0.2692 -0.0045 0.9631
vn -0.1891 -0.0191 0.9818
vn -0.1686 0.0171 0.9855
vn -0.1460 0.0249 0.9890
vn -0.1431 0.0279 0.9893
vn -0.1305 0.0376 0.9907
vn 0.0005 -0.3963 0.9181
vn 0.0005 -0.7301 0.6833
vn 0.0006 -0.8317 0.5552
vn 0.0004 -0.8316 0.5553
vn -0.0000 0.8315 0.5556
vn 0.0005 0.8317 0.5552
vn 0.0005 0.8317 0.5553
vn 0.0003 0.0003 1.0000
vn 0.0005 -0.7302 0.6833
vn 0.0005 -0.9441 0.3297
vn -0.0000 -0.9441 0.3297
vn 0.0003 -1.0000 0.0003
vn -0.0000 -0.9441 -0.3297
vn 0.0005 -0.9441 -0.3297
vn 0.0005 -0.7302 -0.6833
vn 0.0005 0.0004 -1.0000
vn -0.0000 0.0004 -1.0000
vn -0.8237 -0.5671 -0.0000
vn -0.7245 -0.6892 -0.0000
vn -0.5224 -0.8527 -0.0000
vn -0.8238 -0.5669 0.0003
vn -0.3218 -0.9468 0.0005
vn -0.3196 -0.9476 -0.0000
vn -0.6688 -0.7434 -0.0000
vn -0.3199 -0.9474 0.0004
vn -0.6689 -0.7434 -0.0000
vn -0.9161 -0.4009 -0.0000
vn -0.9187 -0.3951 -0.0000
vn -0.7583 -0.6519 0.0005
vn -0.5152 -0.8571 0.0006
vn -0.5151 -0.8571 -0.0000
vn -0.2097 -0.9778 0.0005
vn -0.2096 -0.9778 0.0005
vn -0.0267 -0.9996 0.0003
vn 0.1559 -0.8722 -0.4637
vn 0.0006 -0.8925 -0.4510
vn 0.2252 -0.7020 -0.6756
vn 0.1559 -0.8722 0.4637
vn 0.2252 -0.7020 0.6756
vn 0.0006 -0.8925 0.4510
vn -0.9420 -0.3356 0.0004
vn -0.9881 -0.1538 -0.0000
vn -0.9382 -0.3461 -0.0000
vn -0.9881 -0.1539 0.0003
vn -0.9109 -0.4127 0.0004
vn -0.9109 -0.4127 -0.0000
vn -0.9152 -0.4031 0.0005
vn -0.9174 -0.3979 0.0003
vn -0.9160 -0.4011 0.0005
vn -0.9116 -0.4111 0.0004
vn -0.9115 -0.4113 -0.0000
vn -0.9980 -0.0639 0.0003
vn -0.9980 -0.0638 0.0003
vn -0.9980 -0.0636 -0.0000
vn -0.9852 0.1713 0.0004
vn -0.9852 0.1713 0.0003
vt 0.431306 0.174901
vt 0.388765 0.111235
vt 0.450921 0.127011
vt 0.419706 0.080294
vt 0.341844 0.028269
vt 0.325099 0.068694
vt 0.250000 0.053756
vt 0.250000 0.010000
vt 0.158156 0.028269
vt 0.174901 0.068694
vt 0.111235 0.111235
vt 0.080294 0.080294
vt 0.068694 0.174901
vt 0.028269 0.158156
vt 0.053756 0.250000
vt 0.010000 0.250000
vt 0.028269 0.341844
vt 0.068694 0.325099
vt 0.080294 0.419706
vt 0.111235 0.388765
vt 0.158156 0.471731
vt 0.174901 0.431306
vt 0.250000 0.446244
vt 0.250000 0.490000
vt 0.341844 0.471731
vt 0.325099 0.431306
vt 0.388765 0.388765
vt 0.419706 0.419706
vt 0.450921 0.372989
vt 0.431306 0.325099
vt 0.000000 0.000000
vt 0.662500 0.527700
vt 0.625000 0.750000
vt 0.625000 0.500000
vt 0.950921 0.372989
vt 0.875000 0.500000
vt 0.375000 0.750000
vt 0.312500 0.750000
vt 0.375000 0.500000
vt 0.312500 0.500000
vt 0.375000 1.000000
vt 0.312500 1.000000
vt 0.250000 0.750000
vt 0.250000 0.500000
vt 0.250000 1.000000
vt 0.187500 0.500000
vt 0.187500 0.750000
vt 0.187500 1.000000
vt 0.794322 0.446275
vt 0.662500 0.750000
vt 0.528269 0.341844
vt 0.553756 0.250000
vt 0.510000 0.250000
vt 0.528269 0.158156
vt 0.568694 0.325099
vt 0.568694 0.174901
vt 0.611235 0.388765
vt 0.611235 0.111235
vt 0.580294 0.419706
vt 0.580294 0.080294
vt 0.658156 0.471731
vt 0.674901 0.068694
vt 0.674901 0.431306
vt 0.658156 0.028269
vt 0.750000 0.446244
vt 0.750000 0.053756
vt 0.750000 0.490000
vt 0.750000 0.010000
vt 0.841844 0.471731
vt 0.841844 0.028269
vt 0.825099 0.431306
vt 0.825099 0.068694
vt 0.888765 0.388765
vt 0.919706 0.080294
vt 0.919706 0.419706
vt 0.931306 0.325099
vt 0.888765 0.111235
vt 0.950921 0.127011
vt 0.931306 0.174901
vt 0.625000 1.000000
vt 0.875000 1.000000
vt 0.875000 0.750000
vt 0.812500 0.790667
vt 0.871903 0.557883
vt 0.681306 0.174901
vt 0.662500 0.500000
vt 0.628771 0.254551
vt 0.125000 1.000000
vt 0.125000 0.750000
vt 0.125000 0.500000
vt 0.062500 0.750000
vt 0.062500 0.500000
vt 0.062500 1.000000
vt 0.000000 0.750000
vt 0.000000 1.000000
vt 0.000000 0.500000
vt 0.937500 1.000000
vt 0.937500 0.750000
vt 1.000000 0.750000
vt 1.000000 1.000000
vt 0.937500 0.500000
vt 1.000000 0.500000
vt 0.687500 0.719257
vt 0.625000 0.754962
vt 0.687500 0.754962
vt 0.625000 0.719257
vt 0.625000 0.790667
vt 0.687500 0.790667
vt 0.562500 0.790667
vt 0.562500 0.754962
vt 0.562500 0.719257
vt 0.500000 0.790667
vt 0.500000 0.754962
vt 0.500000 0.719257
vt 0.437500 0.790667
vt 0.437500 0.754962
vt 0.437500 0.719257
vt 0.375000 0.790667
vt 0.375000 0.754962
vt 0.375000 0.719257
vt 0.312500 0.719257
vt 0.312500 0.754962
vt 0.312500 0.790667
vt 0.250000 0.719257
vt 0.250000 0.754962
vt 0.250000 0.790667
vt 0.187500 0.719257
vt 0.187500 0.754962
vt 0.187500 0.790667
vt 0.125000 0.719257
vt 0.125000 0.754962
vt 0.125000 0.790667
vt 0.062500 0.719257
vt 0.062500 0.754962
vt 0.000000 0.719257
vt 0.062500 0.790667
vt 0.000000 0.754962
vt 0.000000 0.790667
vt 0.562500 0.750000
vt 0.562500 1.000000
vt 0.562500 0.500000
vt 0.500000 0.750000
vt 0.500000 0.500000
vt 0.500000 1.000000
vt 0.437500 0.500000
vt 0.437500 0.750000
vt 0.437500 1.000000
vt 1.000000 0.790667
vt 1.000000 0.754962
vt 0.937500 0.754962
vt 0.937500 0.790667
vt 0.875000 0.790667
vt 0.937500 0.719257
vt 1.000000 0.719257
vt 0.875000 0.754962
vt 0.875000 0.719257
vt 0.812500 0.754962
vt 0.812500 0.719258
s 1
f 1/1/1 2/2/1 3/3/1
f 2/2/1 4/4/1 3/3/1
f 2/2/1 5/5/1 4/4/1
f 5/5/1 2/2/1 6/6/1
f 7/7/1 5/5/1 6/6/1
f 5/5/1 7/7/1 8/8/1
f 8/8/1 7/7/1 9/9/1
f 10/10/1 9/9/1 7/7/1
f 11/11/1 9/9/1 10/10/1
f 9/9/1 11/11/1 12/12/1
f 13/13/1 12/12/1 11/11/1
f 12/12/1 13/13/1 14/14/1
f 15/15/1 14/14/1 13/13/1
f 14/14/1 15/15/1 16/16/1
f 17/17/1 16/16/1 15/15/1
f 18/18/1 17/17/1 15/15/1
f 17/17/1 18/18/1 19/19/1
f 20/20/1 19/19/1 18/18/1
f 19/19/1 20/20/1 21/21/1
f 21/21/1 20/20/1 22/22/1
f 23/23/1 21/21/1 22/22/1
f 21/21/1 23/23/1 24/24/1
f 23/23/1 25/25/1 24/24/1
f 25/25/1 23/23/1 26/26/1
f 27/27/1 25/25/1 26/26/1
f 25/25/1 27/27/1 28/28/1
f 27/27/1 29/29/1 28/28/1
f 29/29/1 27/27/1 30/30/1
f 31/31/2 32/31/3 33/31/4
f 33/31/4 34/31/5 35/31/6
f 34/31/5 33/31/4 32/31/3
f 36/31/4 34/31/5 32/31/3
f 34/31/5 36/31/4 37/31/7
f 32/31/3 38/31/2 36/31/4
f 32/31/3 31/31/2 39/31/2
f 38/31/2 32/31/3 39/31/2
f 40/31/8 39/31/2 31/31/2
f 39/31/2 41/31/8 38/31/2
f 39/31/2 40/31/8 42/31/9
f 41/31/8 39/31/2 42/31/9
f 43/31/10 42/31/9 40/31/8
f 42/31/9 44/31/10 41/31/8
f 42/31/9 43/31/10 45/31/10
f 44/31/10 42/31/9 45/31/10
f 46/31/11 45/31/10 43/31/10
f 45/31/10 47/31/11 44/31/10
f 45/31/10 46/31/11 48/31/12
f 48/31/12 47/31/11 45/31/10
f 49/31/13 48/31/12 46/31/11
f 48/31/12 50/31/13 47/31/11
f 48/31/12 49/31/13 51/31/13
f 51/31/13 50/31/13 48/31/12
f 52/31/14 51/31/13 49/31/13
f 51/31/13 53/31/15 50/31/13
f 51/31/13 52/31/14 54/31/14
f 54/31/14 53/31/15 51/31/13
f 55/31/16 54/31/14 52/31/14
f 54/31/14 56/31/15 53/31/15
f 54/31/14 55/31/16 57/31/16
f 54/31/14 57/31/16 56/31/15
f 58/31/17 59/31/18 60/31/19
f 59/31/18 61/31/17 60/31/19
f 59/31/18 58/31/17 62/31/20
f 61/31/17 59/31/18 63/31/21
f 64/31/22 59/31/18 62/31/20
f 59/31/18 65/31/22 63/31/21
f 59/31/18 64/31/22 66/31/23
f 65/31/22 59/31/18 66/31/23
f 67/31/24 68/31/25 69/31/26
f 68/31/25 67/31/24 70/31/27
f 71/31/28 68/31/25 70/31/27
f 69/31/26 72/31/29 67/31/24
f 69/31/26 73/31/30 72/31/29
f 67/31/24 74/31/25 70/31/27
f 74/31/25 67/31/24 75/31/26
f 72/31/29 75/31/26 67/31/24
f 76/31/28 70/31/27 74/31/25
f 75/31/26 72/31/29 77/31/31
f 70/31/27 76/31/28 78/31/32
f 71/31/28 70/31/27 78/31/32
f 79/31/33 78/31/32 76/31/28
f 78/31/32 80/31/33 71/31/28
f 81/31/34 77/31/31 72/31/29
f 73/31/30 81/31/34 72/31/29
f 77/31/31 81/31/34 82/31/35
f 81/31/34 73/31/30 83/31/35
f 84/31/36 82/31/35 81/31/34
f 83/31/35 84/31/36 81/31/34
f 82/31/35 84/31/36 85/31/37
f 83/31/35 86/31/37 84/31/36
f 80/31/33 78/31/32 87/31/38
f 78/31/32 79/31/33 87/31/38
f 80/31/33 87/31/38 88/31/39
f 89/31/40 87/31/38 79/31/33
f 88/31/39 87/31/38 90/31/39
f 87/31/38 89/31/40 90/31/39
f 88/31/39 90/31/39 91/31/41
f 91/31/41 90/31/39 89/31/40
f 92/31/41 88/31/39 91/31/41
f 91/31/41 89/31/40 93/31/41
f 94/32/42 95/33/43 96/34/44
f 97/35/45 98/36/46 99/31/47
f 100/37/48 101/38/49 102/39/50
f 102/39/50 101/38/49 103/40/51
f 104/41/52 101/38/49 100/37/48
f 101/38/49 104/41/52 105/42/53
f 101/38/49 106/43/54 107/40/55
f 107/40/55 106/43/54 108/44/56
f 109/42/57 106/43/54 101/38/49
f 106/43/54 109/42/57 110/45/58
f 106/43/59 111/46/60 112/44/61
f 111/46/60 106/43/59 113/47/62
f 114/45/63 115/48/64 106/43/59
f 106/43/59 115/48/64 113/47/62
f 116/49/65 117/35/45 118/31/47
f 119/31/47 120/29/66 121/49/67
f 122/3/68 123/33/43 124/50/69
f 125/51/70 126/52/70 127/53/70
f 127/53/70 126/52/70 128/54/70
f 126/52/70 125/51/70 129/55/70
f 128/54/70 126/52/70 130/56/70
f 125/51/70 131/57/70 129/55/70
f 132/58/70 128/54/70 130/56/70
f 131/57/70 125/51/70 133/59/70
f 128/54/70 132/58/70 134/60/70
f 135/61/70 131/57/70 133/59/70
f 136/62/70 134/60/70 132/58/70
f 131/57/70 135/61/70 137/63/70
f 134/60/70 136/62/70 138/64/70
f 135/61/70 139/65/70 137/63/70
f 140/66/70 138/64/70 136/62/70
f 141/67/70 139/65/70 135/61/70
f 138/64/70 140/66/70 142/68/70
f 143/69/70 139/65/70 141/67/70
f 142/68/70 140/66/70 144/70/70
f 139/65/70 143/69/70 145/71/70
f 146/72/70 144/70/70 140/66/70
f 145/71/70 143/69/70 147/73/70
f 144/70/70 146/72/70 148/74/70
f 149/75/70 147/73/70 143/69/70
f 150/35/70 147/73/70 149/75/70
f 147/73/70 150/35/70 151/76/70
f 148/74/70 146/72/70 152/77/70
f 152/77/70 153/78/70 148/74/70
f 153/78/70 152/77/70 154/79/70
f 155/80/71 156/33/72 157/3/73
f 158/81/74 159/29/75 160/82/76
f 161/29/77 162/83/78 163/49/79
f 163/49/79 162/83/78 164/84/77
f 163/49/80 165/84/80 166/35/80
f 167/79/81 168/85/82 169/86/82
f 168/85/82 170/87/83 169/86/82
f 171/85/84 172/1/84 173/87/84
f 174/1/84 175/3/84 176/87/84
f 177/35/85 178/84/85 179/76/85
f 180/80/86 181/33/87 182/3/68
f 183/81/88 184/29/66 185/82/89
f 186/48/90 187/88/91 113/47/62
f 113/47/62 187/88/91 188/89/92
f 189/90/93 113/47/62 188/89/92
f 113/47/62 189/90/93 190/46/94
f 191/91/95 192/90/93 188/89/96
f 191/91/95 193/92/97 192/90/93
f 194/88/91 191/91/95 188/89/96
f 191/91/95 194/88/91 195/93/98
f 196/93/99 197/94/100 191/91/101
f 197/94/100 196/93/99 198/95/102
f 197/94/100 199/92/103 191/91/101
f 197/94/100 200/96/104 199/92/103
f 201/31/105 202/31/106 203/31/107
f 201/31/105 204/31/108 202/31/106
f 204/31/108 201/31/105 205/31/109
f 202/31/106 204/31/108 206/31/110
f 204/31/108 205/31/109 207/31/111
f 208/31/112 206/31/110 204/31/108
f 207/31/111 209/31/113 204/31/108
f 206/31/110 208/31/112 210/31/112
f 207/31/111 211/31/114 209/31/113
f 212/31/115 210/31/112 208/31/112
f 211/31/114 213/31/116 209/31/113
f 212/31/115 214/31/112 210/31/112
f 211/31/114 215/31/117 213/31/116
f 216/31/118 214/31/112 212/31/115
f 217/31/119 213/31/116 215/31/117
f 216/31/118 218/31/118 214/31/112
f 215/31/117 219/31/120 217/31/119
f 216/31/118 220/31/118 218/31/118
f 219/31/120 221/31/121 217/31/119
f 220/31/118 216/31/118 222/31/118
f 219/31/120 223/31/122 221/31/121
f 220/31/118 222/31/118 224/31/118
f 223/31/122 219/31/120 225/31/123
f 224/31/118 226/31/124 220/31/118
f 224/31/118 227/31/124 226/31/124
f 227/31/124 224/31/118 228/31/118
f 225/31/123 229/31/125 223/31/122
f 229/31/125 225/31/123 230/31/126
f 230/31/126 231/31/127 229/31/125
f 231/31/127 230/31/126 232/31/128
f 233/31/129 231/31/127 232/31/128
f 234/31/130 231/31/127 233/31/129
f 235/31/131 236/31/132 237/31/133
f 238/31/134 235/31/131 237/31/133
f 235/31/131 238/31/134 239/31/135
f 237/31/133 240/31/136 238/31/134
f 241/31/137 239/31/135 238/31/134
f 240/31/136 242/31/100 238/31/134
f 243/31/138 241/31/137 238/31/134
f 240/31/136 244/31/100 242/31/100
f 245/31/139 241/31/137 243/31/138
f 246/31/140 242/31/100 244/31/100
f 243/31/138 247/31/141 245/31/139
f 244/31/100 248/31/100 246/31/140
f 249/31/142 245/31/139 247/31/141
f 246/31/140 248/31/100 250/31/143
f 247/31/141 251/31/144 249/31/142
f 248/31/100 252/31/143 250/31/143
f 253/31/145 249/31/142 251/31/144
f 254/31/143 250/31/143 252/31/143
f 251/31/144 255/31/146 253/31/145
f 250/31/143 254/31/143 256/31/143
f 257/31/147 253/31/145 255/31/146
f 256/31/143 254/31/143 258/31/143
f 253/31/145 257/31/147 259/31/148
f 254/31/143 260/31/149 258/31/143
f 261/31/149 258/31/143 260/31/149
f 258/31/143 261/31/149 262/31/143
f 263/31/150 259/31/148 257/31/147
f 259/31/148 263/31/150 264/31/151
f 265/31/152 264/31/151 263/31/150
f 264/31/151 265/31/152 266/31/153
f 267/31/154 266/31/153 265/31/152
f 268/31/155 267/31/154 265/31/152
f 269/97/156 270/98/157 271/99/112
f 269/97/156 271/99/112 272/100/158
f 273/101/159 271/99/112 270/98/157
f 271/99/112 273/101/159 274/102/160
f 270/98/157 275/36/161 276/101/162
f 275/36/161 270/98/157 277/82/163
f 278/81/164 277/82/163 270/98/157
f 278/81/164 270/98/157 279/97/165
f 280/103/166 281/104/167 282/105/168
f 281/104/167 280/103/166 283/106/167
f 284/107/167 282/105/168 281/104/167
f 282/105/168 284/107/167 285/108/169
f 281/104/167 286/109/170 284/107/167
f 283/106/167 287/110/170 281/104/167
f 286/109/170 281/104/167 287/110/170
f 287/110/170 283/106/167 288/111/170
f 287/110/170 289/112/112 286/109/170
f 288/111/170 290/113/171 287/110/170
f 289/112/112 287/110/170 290/113/171
f 290/113/171 288/111/170 291/114/112
f 290/113/171 292/115/172 289/112/112
f 291/114/112 293/116/172 290/113/171
f 292/115/172 290/113/171 293/116/172
f 293/116/172 291/114/112 294/117/172
f 293/116/172 295/118/173 292/115/172
f 294/117/172 296/119/174 293/116/172
f 295/118/173 293/116/172 296/119/174
f 296/119/174 294/117/172 297/120/174
f 298/121/175 296/119/174 297/120/174
f 299/122/175 295/118/173 296/119/174
f 299/122/175 296/119/174 298/121/175
f 300/123/176 295/118/173 299/122/175
f 301/124/59 299/122/175 298/121/175
f 302/125/177 300/123/176 299/122/175
f 302/125/177 299/122/175 301/124/59
f 303/126/59 300/123/176 302/125/177
f 304/127/178 302/125/177 301/124/59
f 305/128/179 303/126/59 302/125/177
f 305/128/179 302/125/177 304/127/178
f 306/129/179 303/126/59 305/128/179
f 307/130/180 305/128/179 304/127/178
f 308/131/180 306/129/179 305/128/179
f 308/131/180 305/128/179 307/130/180
f 309/132/180 306/129/179 308/131/180
f 308/131/180 307/130/180 310/133/181
f 309/132/180 308/131/180 311/134/181
f 308/131/180 310/133/181 311/134/181
f 311/134/181 310/133/181 312/135/100
f 309/132/180 311/134/181 313/136/181
f 311/134/181 312/135/100 314/137/100
f 313/136/181 311/134/181 314/137/100
f 313/136/181 314/137/100 315/138/182
f 316/139/183 317/80/184 318/140/185
f 317/80/184 316/139/183 319/33/186
f 319/33/43 320/32/42 321/50/187
f 316/139/183 322/34/188 319/33/186
f 316/139/183 323/141/189 322/34/188
f 324/142/190 325/141/191 316/139/183
f 324/142/190 326/143/192 325/141/191
f 327/140/193 324/142/190 316/139/183
f 324/142/190 327/140/193 328/144/194
f 324/142/195 329/145/196 330/143/192
f 329/145/196 324/142/195 331/146/197
f 332/147/198 324/142/195 333/144/194
f 332/147/198 331/146/197 324/142/195
f 331/146/199 334/39/200 335/145/201
f 334/39/200 331/146/199 336/37/202
f 337/41/203 336/37/202 331/146/199
f 337/41/203 331/146/199 338/147/204
f 339/139/205 340/80/206 341/140/207
f 340/80/206 339/139/205 342/33/208
f 342/33/209 343/32/210 344/50/211
f 339/139/205 345/34/212 342/33/208
f 339/139/205 346/141/213 345/34/212
f 347/142/214 348/141/213 339/139/215
f 347/142/214 349/143/216 348/141/213
f 350/140/217 347/142/214 339/139/215
f 347/142/214 350/140/217 351/144/218
f 347/142/112 352/145/219 353/143/220
f 352/145/219 347/142/112 354/146/221
f 355/147/222 347/142/112 356/144/223
f 355/147/222 354/146/221 347/142/112
f 354/146/224 357/39/50 358/145/225
f 357/39/50 354/146/224 100/37/226
f 359/41/52 100/37/226 354/146/224
f 359/41/52 354/146/224 360/147/227
f 361/148/112 362/149/112 363/150/172
f 361/148/112 363/150/172 364/151/172
f 363/150/172 365/152/174 364/151/172
f 362/149/112 366/153/172 363/150/172
f 362/149/112 367/154/228 366/153/172
f 365/152/174 363/150/172 368/155/174
f 366/153/172 368/155/174 363/150/172
f 365/152/174 368/155/174 369/83/229
f 368/155/174 366/153/172 370/156/174
f 371/157/230 369/83/229 368/155/174
f 368/155/174 370/156/174 371/157/230
f 372/158/231 371/157/230 370/156/174
f 373/97/232 374/98/233 375/99/234
f 373/97/232 375/99/234 376/100/235
f 377/101/236 375/99/234 374/98/233
f 375/99/234 377/101/236 378/102/237
f 374/98/238 379/36/239 380/101/236
f 379/36/239 374/98/238 381/82/240
f 382/81/241 381/82/240 374/98/238
f 382/81/241 374/98/238 383/97/242
f 384/47/243 385/90/244 386/46/245
f 385/90/244 384/47/243 387/89/246
f 388/88/247 387/89/246 384/47/243
f 388/88/247 384/47/243 389/48/248
f 390/91/249 391/90/250 387/89/251
f 390/91/249 392/92/252 391/90/250
f 393/88/253 390/91/249 387/89/251
f 390/91/249 393/88/253 394/93/254
f 395/93/254 396/94/112 390/91/255
f 396/94/112 395/93/254 397/95/256
f 396/94/112 398/92/257 390/91/255
f 396/94/112 399/96/258 398/92/257
f 400/38/259 401/39/260 336/37/261
f 400/38/259 402/40/262 401/39/260
f 403/41/263 400/38/259 336/37/261
f 400/38/259 403/41/263 404/42/264
f 405/42/265 406/43/266 400/38/267
f 406/43/266 405/42/265 407/45/268
f 406/43/266 408/40/269 400/38/267
f 406/43/266 409/44/270 408/40/269
f 406/43/271 410/46/272 411/44/273
f 410/46/272 406/43/271 384/47/274
f 412/48/275 406/43/271 413/45/268
f 412/48/275 384/47/274 406/43/271
f 414/49/276 415/35/277 416/31/278
f 417/31/278 418/29/279 419/49/280
f 420/3/281 421/33/209 422/50/282
f 423/83/283 424/84/284 425/49/284
f 423/83/283 425/49/284 426/29/285
f 427/86/286 428/85/287 429/87/288
f 428/85/287 427/86/286 430/79/289
f 431/87/288 432/1/288 433/3/288
f 434/1/290 435/87/290 436/85/290
f 437/84/291 438/76/291 439/35/291
f 440/84/285 441/35/285 442/49/285
f 443/31/292 444/31/293 445/31/294
f 444/31/293 443/31/292 446/31/295
f 445/31/294 447/31/296 443/31/292
f 447/31/296 445/31/294 448/31/297
f 449/31/298 447/31/296 448/31/297
f 449/31/298 448/31/297 450/31/299
f 451/31/300 450/31/299 448/31/297
f 452/31/301 450/31/299 451/31/300
f 450/31/299 452/31/301 453/31/301
f 454/31/302 455/31/303 456/31/304
f 456/31/304 457/31/305 454/31/302
f 455/31/303 454/31/302 458/31/306
f 458/31/306 459/31/307 455/31/303
f 460/31/308 459/31/307 458/31/306
f 461/31/309 459/31/307 460/31/308
f 461/31/309 462/31/310 459/31/307
f 461/31/309 463/31/311 462/31/310
f 463/31/311 461/31/309 464/31/311
f 465/148/100 466/149/100 467/150/312
f 465/148/100 467/150/312 468/151/312
f 467/150/312 469/152/313 468/151/312
f 466/149/100 470/153/312 467/150/312
f 466/149/100 471/154/182 470/153/312
f 469/152/313 467/150/312 472/155/313
f 470/153/312 472/155/313 467/150/312
f 472/155/313 473/83/314 469/152/313
f 472/155/313 470/153/312 474/156/313
f 473/83/314 472/155/313 475/157/315
f 474/156/313 475/157/315 472/155/313
f 475/157/315 474/156/313 476/158/314
f 477/105/316 478/103/317 479/104/180
f 480/106/180 479/104/180 478/103/317
f 479/104/180 481/107/180 477/105/316
f 482/108/318 477/105/316 481/107/180
f 479/104/180 483/109/181 481/107/180
f 480/106/180 484/110/181 479/104/180
f 483/109/181 479/104/180 484/110/181
f 484/110/181 480/106/180 485/111/181
f 484/110/181 486/112/100 483/109/181
f 485/111/181 487/113/319 484/110/181
f 486/112/100 484/110/181 487/113/319
f 487/113/319 485/111/181 488/114/100
f 487/113/319 489/115/312 486/112/100
f 488/114/100 490/116/312 487/113/319
f 489/115/312 487/113/319 490/116/312
f 490/116/312 488/114/100 491/117/312
f 490/116/312 492/118/313 489/115/312
f 491/117/312 493/119/320 490/116/312
f 492/118/313 490/116/312 493/119/320
f 493/119/320 491/117/312 494/120/320
f 493/119/320 494/120/320 495/121/321
f 492/118/313 493/119/320 496/122/321
f 493/119/320 495/121/321 496/122/321
f 492/118/313 496/122/321 497/123/322
f 496/122/321 495/121/321 498/124/266
f 497/123/322 496/122/321 499/125/323
f 496/122/321 498/124/266 499/125/323
f 497/123/322 499/125/323 500/126/266
f 499/125/323 498/124/266 501/127/324
f 500/126/266 499/125/323 502/128/325
f 499/125/323 501/127/324 502/128/325
f 500/126/266 502/128/325 503/129/325
f 502/128/325 501/127/324 504/130/326
f 503/129/325 502/128/325 505/131/326
f 502/128/325 504/130/326 505/131/326
f 503/129/325 505/131/326 506/132/326
f 505/131/326 504/130/326 507/133/170
f 506/132/326 505/131/326 508/134/170
f 505/131/326 507/133/170 508/134/170
f 508/134/170 507/133/170 509/135/112
f 506/132/326 508/134/170 510/136/170
f 508/134/170 509/135/112 511/137/327
f 510/136/170 508/134/170 511/137/327
f 510/136/170 511/137/327 512/138/328
f 513/3/1 514/2/1 515/4/1
f 514/2/1 513/3/1 516/1/1
f 517/6/1 515/4/1 514/2/1
f 515/4/1 517/6/1 518/5/1
f 519/7/1 518/5/1 517/6/1
f 518/5/1 519/7/1 520/8/1
f 520/8/1 519/7/1 521/9/1
f 522/10/1 521/9/1 519/7/1
f 521/9/1 522/10/1 523/12/1
f 524/11/1 523/12/1 522/10/1
f 523/12/1 524/11/1 525/14/1
f 525/14/1 524/11/1 526/13/1
f 527/15/1 525/14/1 526/13/1
f 525/14/1 527/15/1 528/16/1
f 527/15/1 529/17/1 528/16/1
f 530/18/1 529/17/1 527/15/1
f 531/20/1 529/17/1 530/18/1
f 529/17/1 531/20/1 532/19/1
f 532/19/1 531/20/1 533/21/1
f 533/21/1 531/20/1 534/22/1
f 535/23/1 533/21/1 534/22/1
f 533/21/1 535/23/1 536/24/1
f 535/23/1 537/25/1 536/24/1
f 537/25/1 535/23/1 538/26/1
f 539/27/1 537/25/1 538/26/1
f 537/25/1 539/27/1 540/28/1
f 539/27/1 541/29/1 540/28/1
f 541/29/1 539/27/1 542/30/1
f 543/31/329 544/31/330 545/31/329
f 544/31/330 546/31/330 545/31/329
f 544/31/330 547/31/331 546/31/330
f 545/31/329 546/31/330 548/31/330
f 545/31/329 548/31/330 549/31/332
f 546/31/330 550/31/331 548/31/330
f 547/31/331 551/31/331 546/31/330
f 546/31/330 551/31/331 550/31/331
f 547/31/331 552/31/333 551/31/331
f 551/31/331 553/31/333 550/31/331
f 552/31/333 554/31/333 551/31/331
f 551/31/331 554/31/333 553/31/333
f 555/31/334 556/31/335 557/31/336
f 556/31/335 558/31/337 557/31/336
f 556/31/335 559/31/338 558/31/337
f 555/31/334 557/31/336 554/31/333
f 552/31/333 555/31/334 554/31/333
f 557/31/336 558/31/337 560/31/335
f 557/31/336 560/31/335 561/31/334
f 554/31/333 557/31/336 561/31/334
f 558/31/337 562/31/338 560/31/335
f 554/31/333 561/31/334 553/31/333
f 558/31/337 563/31/338 562/31/338
f 559/31/338 563/31/338 558/31/337
f 563/31/338 564/31/339 562/31/338
f 559/31/338 565/31/339 563/31/338
f 563/31/338 566/31/339 564/31/339
f 565/31/339 566/31/339 563/31/338
f 566/31/339 567/31/340 564/31/339
f 565/31/339 568/31/340 566/31/339
f 566/31/339 569/31/340 567/31/340
f 568/31/340 569/31/340 566/31/339
f 570/31/341 567/31/340 569/31/340
f 568/31/340 570/31/341 569/31/340
f 567/31/340 570/31/341 571/31/342
f 570/31/341 568/31/340 572/31/342
f 573/31/343 571/31/342 570/31/341
f 572/31/342 573/31/343 570/31/341
f 571/31/342 573/31/343 574/31/344
f 573/31/343 572/31/342 575/31/344
f 576/31/345 574/31/344 573/31/343
f 575/31/344 576/31/345 573/31/343
f 574/31/344 576/31/345 577/31/345
f 578/31/345 576/31/345 575/31/344
f 579/32/346 580/33/347 581/34/348
f 582/35/349 583/36/350 584/31/351
f 585/31/352 586/31/353 587/31/354
f 586/31/353 588/31/355 587/31/354
f 587/31/354 588/31/355 589/31/355
f 587/31/354 589/31/355 590/31/352
f 587/31/354 591/31/356 585/31/352
f 592/31/357 587/31/354 590/31/352
f 591/31/356 587/31/354 593/31/358
f 587/31/354 592/31/357 593/31/358
f 593/31/358 594/31/359 591/31/356
f 595/31/359 593/31/358 592/31/357
f 594/31/359 593/31/358 596/31/360
f 593/31/358 595/31/359 596/31/360
f 596/31/360 597/31/361 594/31/359
f 597/31/361 596/31/360 595/31/359
f 598/31/362 594/31/359 597/31/361
f 597/31/361 595/31/359 599/31/362
f 598/31/362 597/31/361 600/31/363
f 600/31/363 597/31/361 599/31/362
f 601/31/364 598/31/362 600/31/363
f 600/31/363 599/31/362 602/31/365
f 600/31/363 603/31/366 601/31/364
f 603/31/366 600/31/363 602/31/365
f 604/31/367 601/31/364 603/31/366
f 603/31/366 602/31/365 605/31/367
f 606/60/70 607/56/70 608/58/70
f 607/56/70 606/60/70 609/54/70
f 608/58/70 610/64/70 606/60/70
f 609/54/70 611/52/70 607/56/70
f 610/64/70 608/58/70 612/62/70
f 613/53/70 611/52/70 609/54/70
f 614/66/70 610/64/70 612/62/70
f 615/51/70 611/52/70 613/53/70
f 610/64/70 614/66/70 616/68/70
f 611/52/70 615/51/70 617/55/70
f 616/68/70 614/66/70 618/70/70
f 619/59/70 617/55/70 615/51/70
f 618/70/70 614/66/70 620/72/70
f 617/55/70 619/59/70 621/57/70
f 622/77/70 618/70/70 620/72/70
f 623/61/70 621/57/70 619/59/70
f 618/70/70 622/77/70 624/74/70
f 622/77/70 625/78/70 624/74/70
f 625/78/70 622/77/70 626/79/70
f 621/57/70 623/61/70 627/63/70
f 623/61/70 628/65/70 627/63/70
f 629/67/70 628/65/70 623/61/70
f 630/69/70 628/65/70 629/67/70
f 628/65/70 630/69/70 631/71/70
f 631/71/70 630/69/70 632/73/70
f 633/75/70 632/73/70 630/69/70
f 634/35/70 632/73/70 633/75/70
f 632/73/70 634/35/70 635/76/70
o RenderMesh_118667362685687
v -1.016904 0.330687 -0.012887
v -1.016904 0.317118 -0.052596
v -1.029518 0.317118 -0.052596
v -1.029518 0.330687 -0.012887
v -1.016904 0.370395 0.000682
v -1.029518 0.370395 0.000682
v -1.016904 0.303548 -0.012887
v -1.029518 0.263840 0.000682
v -1.029518 0.303548 -0.012887
v -1.016904 0.263840 0.000682
v -1.016904 0.317118 -0.052596
v -1.029518 0.317118 -0.052596
v -1.042131 0.317118 -0.052596
v -1.042131 0.330687 -0.012887
v -1.029518 0.317118 -0.052596
v -1.029518 0.330687 -0.012887
v -1.042131 0.370395 0.000682
v -1.029518 0.370395 0.000682
v -1.029518 0.303548 -0.012887
v -1.029518 0.263840 0.000682
v -1.042131 0.303548 -0.012887
v -1.042131 0.263840 0.000682
v -1.042131 0.317118 -0.052596
v -1.029518 0.317118 -0.052596
v -1.007713 0.317118 0.000682
v -1.016904 0.370395 0.000682
v -1.016904 0.330687 0.014252
v -1.016904 0.330687 -0.012887
v -1.016904 0.263840 0.000682
v -1.007713 0.317118 0.000682
v -1.016904 0.303548 0.014252
v -1.016904 0.303548 -0.012887
v -1.016904 0.317118 -0.052596
v -1.016904 0.330687 -0.012887
v -1.007713 0.317118 0.000682
v -1.016904 0.330687 0.014252
v -1.016904 0.317118 0.053960
v -1.007713 0.317118 0.000682
v -1.007713 0.317118 0.000682
v -1.016904 0.303548 -0.012887
v -1.016904 0.317118 -0.052596
v -1.016904 0.303548 0.014252
v -1.007713 0.317118 0.000682
v -1.016904 0.317118 0.053960
v -1.051323 0.317118 0.000682
v -1.042131 0.330687 0.014252
v -1.042131 0.370395 0.000682
v -1.042131 0.330687 -0.012887
v -1.042131 0.263840 0.000682
v -1.042131 0.303548 0.014252
v -1.051323 0.317118 0.000682
v -1.042131 0.303548 -0.012887
v -1.042131 0.317118 -0.052596
v -1.051323 0.317118 0.000682
v -1.042131 0.330687 -0.012887
v -1.042131 0.330687 0.014252
v -1.051323 0.317118 0.000682
v -1.042131 0.317118 0.053960
v -1.051323 0.317118 0.000682
v -1.042131 0.317118 -0.052596
v -1.042131 0.303548 -0.012887
v -1.042131 0.303548 0.014252
v -1.042131 0.317118 0.053960
v -1.051323 0.317118 0.000682
v -1.016904 0.330687 0.014252
v -1.029518 0.370395 0.000682
v -1.029518 0.330687 0.014252
v -1.016904 0.370395 0.000682
v -1.029518 0.330687 0.014252
v -1.016904 0.317118 0.053960
v -1.016904 0.330687 0.014252
v -1.029518 0.317118 0.053960
v -1.029518 0.317118 0.053960
v -1.029518 0.303548 0.014252
v -1.016904 0.303548 0.014252
v -1.016904 0.317118 0.053960
v -1.016904 0.263840 0.000682
v -1.029518 0.303548 0.014252
v -1.029518 0.263840 0.000682
v -1.016904 0.303548 0.014252
v -1.029518 0.330687 0.014252
v -1.029518 0.370395 0.000682
v -1.042131 0.330687 0.014252
v -1.042131 0.370395 0.000682
v -1.042131 0.330687 0.014252
v -1.042131 0.317118 0.053960
v -1.029518 0.330687 0.014252
v -1.029518 0.317118 0.053960
v -1.029518 0.317118 0.053960
v -1.042131 0.303548 0.014252
v -1.029518 0.303548 0.014252
v -1.042131 0.317118 0.053960
v -1.029518 0.263840 0.000682
v -1.029518 0.303548 0.014252
v -1.042131 0.263840 0.000682
v -1.042131 0.303548 0.014252
vn 0.0003 0.7070 -0.7072
vn -0.0000 0.9463 -0.3234
vn -0.0000 0.7071 -0.7071
vn 0.0004 0.3236 -0.9462
vn -0.0000 -0.7071 -0.7071
vn 0.0006 -0.3233 -0.9463
vn 0.0007 -0.9463 -0.3233
vn 0.0006 -0.9463 -0.3233
vn 0.0005 0.9463 -0.3232
vn 0.0005 0.3237 -0.9462
vn 0.0005 -0.7071 -0.7071
vn 0.0003 -0.3233 -0.9463
vn 0.0005 -0.3233 -0.9463
vn 0.0005 -0.9463 -0.3233
vn 0.9854 0.1700 -0.0000
vn 0.8823 0.1522 0.4454
vn 0.8823 0.1522 -0.4454
vn 0.9854 -0.1700 -0.0000
vn 0.8823 -0.1522 0.4454
vn 0.8823 -0.1522 -0.4454
vn 0.9854 0.0002 -0.1703
vn 0.8826 0.4449 -0.1519
vn 0.9854 0.0002 -0.1702
vn 0.8823 0.4454 0.1522
vn 0.9855 0.0002 0.1696
vn 0.9855 0.0002 0.1697
vn 0.8823 -0.4454 -0.1522
vn 0.8823 -0.4454 0.1522
vn -0.9854 0.1700 -0.0000
vn -0.8823 0.1522 0.4454
vn -0.8823 0.1522 -0.4454
vn -0.9854 -0.1700 -0.0000
vn -0.8824 -0.1520 0.4452
vn -0.8823 -0.1522 -0.4454
vn -0.9854 0.0002 -0.1702
vn -0.9854 0.0002 -0.1703
vn -0.8826 0.4449 -0.1519
vn -0.8823 0.4454 0.1522
vn -0.9855 0.0002 0.1697
vn -0.8823 -0.4454 -0.1522
vn -0.8823 -0.4454 0.1522
vn -0.9855 0.0002 0.1696
vn -0.0000 0.7071 0.7071
vn -0.0000 0.3234 0.9463
vn 0.0005 0.7071 0.7071
vn 0.0003 0.3235 0.9462
vn 0.0003 0.9462 0.3235
vn 0.0005 -0.9462 0.3237
vn 0.0005 -0.7074 0.7068
vn -0.0000 -0.7074 0.7068
vn 0.0003 -0.9462 0.3235
vn 0.0006 -0.3232 0.9463
vn 0.0005 -0.3232 0.9463
vn 0.0005 0.3235 0.9462
vn 0.0005 0.9462 0.3235
vn 0.0004 -0.9462 0.3236
vt 0.625000 0.750000
vt 0.500000 0.750000
vt 0.500000 0.625000
vt 0.625000 0.625000
vt 0.750000 0.750000
vt 0.750000 0.625000
vt 0.375000 0.750000
vt 0.250000 0.625000
vt 0.375000 0.625000
vt 0.250000 0.750000
vt 0.500000 0.875000
vt 0.625000 0.875000
vt 0.625000 1.000000
vt 0.375000 0.875000
vt 0.375000 1.000000
vt 0.500000 1.000000
vt 0.875000 0.750000
vt 0.875000 0.625000
vt 0.625000 0.125000
vt 0.500000 0.000000
vt 0.625000 0.000000
vt 0.500000 0.125000
vt 0.375000 0.125000
vt 0.375000 0.000000
vt 0.125000 0.625000
vt 0.125000 0.750000
s 1
f 636/159/368 637/160/369 638/161/369
f 638/161/369 639/162/370 636/159/368
f 639/162/370 640/163/371 636/159/368
f 640/163/371 639/162/370 641/164/371
f 642/165/372 643/166/373 644/167/372
f 643/166/373 642/165/372 645/168/373
f 644/167/372 646/160/374 642/165/372
f 646/160/374 644/167/372 647/161/375
f 648/160/376 649/159/368 650/161/376
f 650/161/376 649/159/368 651/162/368
f 652/163/371 651/162/368 649/159/368
f 653/164/377 651/162/368 652/163/371
f 654/167/378 655/166/379 656/165/372
f 656/165/372 655/166/379 657/168/380
f 658/160/375 654/167/378 656/165/372
f 659/161/381 654/167/378 658/160/375
f 660/169/382 661/170/382 662/171/383
f 660/169/382 663/159/384 661/170/382
f 664/172/385 665/169/385 666/173/386
f 667/165/387 665/169/385 664/172/385
f 668/160/388 669/159/389 670/169/390
f 671/171/391 672/174/392 673/169/393
f 674/169/388 675/165/394 676/160/390
f 677/173/395 678/169/393 679/174/393
f 680/169/396 681/171/397 682/170/396
f 680/169/396 682/170/396 683/159/398
f 684/172/399 685/173/400 686/169/399
f 687/165/401 684/172/399 686/169/399
f 688/160/402 689/169/403 690/159/404
f 691/171/405 692/169/406 693/174/406
f 694/169/402 695/160/403 696/165/407
f 697/173/408 698/174/409 699/169/406
f 700/175/410 701/164/411 702/176/412
f 701/164/411 700/175/410 703/163/413
f 704/177/410 705/178/414 706/179/412
f 705/178/414 704/177/410 707/180/414
f 708/180/415 709/181/416 710/182/417
f 710/182/417 711/178/418 708/180/415
f 712/168/419 713/183/417 714/166/420
f 713/183/417 712/168/419 715/184/416
f 716/176/410 717/164/421 718/175/412
f 718/175/412 717/164/421 719/163/421
f 720/179/410 721/178/422 722/177/412
f 722/177/412 721/178/422 723/180/414
f 724/180/415 725/182/416 726/181/417
f 725/182/416 724/180/415 727/178/423
f 728/166/419 729/183/416 730/168/419
f 730/168/419 729/183/416 731/184/417
o RenderMesh_86382540209376
v 0.494572 -0.334122 -0.045714
v 0.352718 -0.114006 -0.045722
v 0.352718 -0.114006 0.000837
v 0.494572 -0.334122 0.000837
v 0.352718 -0.114006 0.047395
v 0.494572 -0.334122 0.047388
v 0.352718 -0.114006 0.000837
v 0.494572 -0.334122 0.000837
v 0.489551 -0.384424 -0.045692
v 0.494572 -0.334122 0.000837
v 0.489551 -0.384424 0.000837
v 0.494572 -0.334122 -0.045714
v 0.494572 -0.334122 0.000837
v 0.489551 -0.384424 0.047365
v 0.489551 -0.384424 0.000837
v 0.494572 -0.334122 0.047388
v 0.189540 -0.460142 -0.045639
v 0.189540 -0.460142 0.000837
v 0.195855 -0.409418 -0.057594
v 0.195855 -0.409418 -0.057594
v 0.189540 -0.460142 0.000837
v 0.195855 -0.409418 0.000837
v 0.189540 -0.460142 0.047313
v 0.195855 -0.409418 0.059268
v 0.189540 -0.460142 0.000837
v 0.195855 -0.409418 0.059268
v 0.195855 -0.409418 0.000837
v 0.189540 -0.460142 0.000837
v 0.336116 -0.131139 -0.057595
v 0.494572 -0.334122 -0.045714
v 0.474433 -0.343050 -0.057595
v 0.352718 -0.114006 -0.045722
v 0.494572 -0.334122 0.047388
v 0.336116 -0.131139 0.059269
v 0.474433 -0.343050 0.059269
v 0.352718 -0.114006 0.047395
v 0.489551 -0.384424 -0.045692
v 0.474433 -0.343050 -0.057595
v 0.494572 -0.334122 -0.045714
v 0.470728 -0.371666 -0.057595
v 0.489551 -0.384424 0.047365
v 0.474433 -0.343050 0.059269
v 0.470728 -0.371666 0.059269
v 0.494572 -0.334122 0.047388
v 0.210002 -0.450402 -0.057594
v 0.189540 -0.460142 -0.045639
v 0.195855 -0.409418 -0.057594
v 0.210002 -0.450402 0.059268
v 0.195855 -0.409418 0.059268
v 0.189540 -0.460142 0.047313
v 0.223207 -0.459002 -0.057594
v 0.221541 -0.480987 -0.045628
v 0.210002 -0.450402 -0.057594
v 0.189540 -0.460142 -0.045639
v 0.221541 -0.480987 0.047302
v 0.210002 -0.450402 0.059268
v 0.189540 -0.460142 0.047313
v 0.223207 -0.459002 0.059268
v 0.221541 -0.480987 -0.045628
v 0.189540 -0.460142 0.000837
v 0.189540 -0.460142 -0.045639
v 0.221541 -0.480987 0.000837
v 0.277910 -0.475297 -0.045596
v 0.277910 -0.475297 0.000837
v 0.221541 -0.480987 0.000837
v 0.221541 -0.480987 0.047302
v 0.189540 -0.460142 0.000837
v 0.189540 -0.460142 0.047313
v 0.277910 -0.475297 0.047270
v 0.277910 -0.475297 0.000837
v 0.400051 -0.400664 -0.047869
v 0.411395 -0.421937 -0.034269
v 0.387584 -0.431504 -0.057595
v 0.394673 -0.452240 -0.045596
v 0.387584 -0.431504 0.059269
v 0.394673 -0.452240 0.047270
v 0.411395 -0.421937 0.035942
v 0.400051 -0.400664 0.049543
v 0.445716 -0.415625 -0.045652
v 0.489551 -0.384424 0.000837
v 0.445716 -0.415625 0.000837
v 0.489551 -0.384424 -0.045692
v 0.489551 -0.384424 0.000837
v 0.445716 -0.415625 0.047326
v 0.445716 -0.415625 0.000837
v 0.489551 -0.384424 0.047365
v 0.445716 -0.415625 -0.045652
v 0.470728 -0.371666 -0.057595
v 0.489551 -0.384424 -0.045692
v 0.432444 -0.398877 -0.057595
v 0.470728 -0.371666 0.059269
v 0.445716 -0.415625 0.047326
v 0.489551 -0.384424 0.047365
v 0.432444 -0.398877 0.059269
v 0.411395 -0.421937 -0.034269
v 0.394673 -0.452240 0.000837
v 0.394673 -0.452240 -0.045596
v 0.411395 -0.421937 0.000837
v 0.411395 -0.421937 0.000837
v 0.411395 -0.421937 0.035942
v 0.394673 -0.452240 0.000837
v 0.394673 -0.452240 0.047270
v 0.318042 -0.447435 -0.057594
v 0.300907 -0.458700 -0.034225
v 0.292852 -0.436424 -0.048235
v 0.329456 -0.468268 -0.045580
v 0.318042 -0.447435 0.059268
v 0.300907 -0.458700 0.035898
v 0.329456 -0.468268 0.047254
v 0.292852 -0.436424 0.049908
v 0.223207 -0.459002 -0.057594
v 0.276162 -0.453619 -0.057594
v 0.277910 -0.475297 -0.045596
v 0.221541 -0.480987 -0.045628
v 0.276162 -0.453619 0.059268
v 0.223207 -0.459002 0.059268
v 0.277910 -0.475297 0.047270
v 0.221541 -0.480987 0.047302
v 0.387584 -0.431504 -0.057595
v 0.329456 -0.468268 -0.045580
v 0.318042 -0.447435 -0.057594
v 0.394673 -0.452240 -0.045596
v 0.387584 -0.431504 0.059269
v 0.329456 -0.468268 0.047254
v 0.394673 -0.452240 0.047270
v 0.318042 -0.447435 0.059268
v 0.300907 -0.458700 -0.034225
v 0.329456 -0.468268 0.000837
v 0.300907 -0.458700 0.000837
v 0.329456 -0.468268 -0.045580
v 0.329456 -0.468268 0.000837
v 0.300907 -0.458700 0.035898
v 0.300907 -0.458700 0.000837
v 0.329456 -0.468268 0.047254
v 0.292852 -0.436424 -0.048235
v 0.249750 -0.317239 -0.057594
v 0.318042 -0.447435 -0.057594
v 0.292852 -0.436424 0.049908
v 0.318042 -0.447435 0.059268
v 0.249750 -0.317239 0.059268
v 0.329456 -0.468268 -0.045580
v 0.394673 -0.452240 0.000837
v 0.329456 -0.468268 0.000837
v 0.394673 -0.452240 -0.045596
v 0.394673 -0.452240 0.000837
v 0.329456 -0.468268 0.047254
v 0.329456 -0.468268 0.000837
v 0.394673 -0.452240 0.047270
v 0.387584 -0.431504 -0.057595
v 0.312011 -0.235569 -0.057595
v 0.400051 -0.400664 -0.047869
v 0.387584 -0.431504 0.059269
v 0.400051 -0.400664 0.049543
v 0.312011 -0.235569 0.059269
v 0.336116 -0.131139 -0.057595
v 0.312011 -0.235569 -0.057595
v 0.284645 -0.184253 -0.057595
v 0.432444 -0.398877 -0.057595
v 0.474433 -0.343050 -0.057595
v 0.470728 -0.371666 -0.057595
v 0.474433 -0.343050 -0.057595
v 0.432444 -0.398877 -0.057595
v 0.312011 -0.235569 -0.057595
v 0.336116 -0.131139 -0.057595
v 0.234743 -0.275742 -0.057594
v 0.312011 -0.235569 -0.057595
v 0.249750 -0.317239 -0.057594
v 0.284645 -0.184253 -0.057595
v 0.387584 -0.431504 -0.057595
v 0.318042 -0.447435 -0.057594
v 0.474433 -0.343050 0.059269
v 0.432444 -0.398877 0.059269
v 0.470728 -0.371666 0.059269
v 0.432444 -0.398877 0.059269
v 0.474433 -0.343050 0.059269
v 0.312011 -0.235569 0.059269
v 0.336116 -0.131139 0.059269
v 0.312011 -0.235569 0.059269
v 0.336116 -0.131139 0.059269
v 0.284645 -0.184253 0.059269
v 0.387584 -0.431504 0.059269
v 0.312011 -0.235569 0.059269
v 0.249750 -0.317239 0.059268
v 0.318042 -0.447435 0.059268
v 0.234743 -0.275742 0.059268
v 0.284645 -0.184253 0.059269
v 0.276162 -0.453619 -0.057594
v 0.195855 -0.409418 -0.057594
v 0.201100 -0.365144 -0.057594
v 0.223207 -0.459002 -0.057594
v 0.210002 -0.450402 -0.057594
v 0.249750 -0.317239 -0.057594
v 0.234743 -0.275742 -0.057594
v 0.276162 -0.453619 -0.057594
v 0.292852 -0.436424 -0.048235
v 0.276162 -0.453619 0.059268
v 0.249750 -0.317239 0.059268
v 0.201100 -0.365144 0.059268
v 0.234743 -0.275742 0.059268
v 0.195855 -0.409418 0.059268
v 0.223207 -0.459002 0.059268
v 0.210002 -0.450402 0.059268
v 0.276162 -0.453619 0.059268
v 0.292852 -0.436424 0.049908
v 0.411395 -0.421937 -0.034269
v 0.445716 -0.415625 0.000837
v 0.411395 -0.421937 0.000837
v 0.445716 -0.415625 -0.045652
v 0.445716 -0.415625 0.000837
v 0.411395 -0.421937 0.035942
v 0.411395 -0.421937 0.000837
v 0.445716 -0.415625 0.047326
v 0.432444 -0.398877 -0.057595
v 0.411395 -0.421937 -0.034269
v 0.400051 -0.400664 -0.047869
v 0.445716 -0.415625 -0.045652
v 0.432444 -0.398877 0.059269
v 0.411395 -0.421937 0.035942
v 0.445716 -0.415625 0.047326
v 0.400051 -0.400664 0.049543
v 0.300907 -0.458700 -0.034225
v 0.277910 -0.475297 0.000837
v 0.277910 -0.475297 -0.045596
v 0.300907 -0.458700 0.000837
v 0.300907 -0.458700 0.035898
v 0.277910 -0.475297 0.000837
v 0.300907 -0.458700 0.000837
v 0.277910 -0.475297 0.047270
v 0.400051 -0.400664 -0.047869
v 0.312011 -0.235569 -0.057595
v 0.432444 -0.398877 -0.057595
v 0.400051 -0.400664 0.049543
v 0.432444 -0.398877 0.059269
v 0.312011 -0.235569 0.059269
v 0.276162 -0.453619 -0.057594
v 0.300907 -0.458700 -0.034225
v 0.277910 -0.475297 -0.045596
v 0.292852 -0.436424 -0.048235
v 0.292852 -0.436424 0.049908
v 0.276162 -0.453619 0.059268
v 0.300907 -0.458700 0.035898
v 0.277910 -0.475297 0.047270
vn 0.9722 0.2340 0.0005
vn 0.8405 0.5418 0.0007
vn 0.8406 0.5417 -0.0000
vn 0.8406 0.5417 0.0005
vn 0.8405 0.5418 0.0005
vn 0.8650 -0.5017 0.0004
vn 0.9723 0.2339 0.0005
vn 0.8650 -0.5017 0.0005
vn -0.9923 0.1236 0.0003
vn -0.9923 0.1235 -0.0000
vn 0.2290 0.1481 -0.9621
vn 0.4527 0.1187 -0.8837
vn 0.2895 0.0533 -0.9557
vn 0.3911 0.2535 -0.8847
vn 0.4527 0.1187 0.8837
vn 0.2290 0.1481 0.9621
vn 0.2895 0.0533 0.9557
vn 0.3911 0.2535 0.8847
vn 0.4021 -0.2419 -0.8831
vn 0.2895 0.0532 -0.9557
vn 0.2623 -0.1460 -0.9539
vn 0.4021 -0.2419 0.8831
vn 0.2896 0.0532 0.9557
vn 0.2623 -0.1460 0.9539
vn -0.2226 -0.1940 -0.9554
vn -0.3651 -0.3102 -0.8778
vn -0.0710 -0.0249 -0.9972
vn -0.2226 -0.1940 0.9554
vn -0.0710 -0.0249 0.9972
vn -0.3651 -0.3102 0.8778
vn -0.0827 -0.2878 -0.9541
vn -0.1023 -0.4695 -0.8770
vn -0.2225 -0.1941 -0.9554
vn -0.3650 -0.3102 -0.8778
vn -0.1024 -0.4695 0.8770
vn -0.2225 -0.1941 0.9554
vn -0.3650 -0.3102 0.8778
vn -0.0827 -0.2878 0.9541
vn -0.2361 -0.9717 0.0005
vn -0.5458 -0.8379 -0.0000
vn 0.3198 -0.9475 0.0005
vn 0.3550 -0.9349 0.0005
vn -0.2361 -0.9717 -0.0000
vn -0.2361 -0.9717 0.0003
vn 0.5009 0.0582 -0.8635
vn 0.7171 -0.1050 -0.6890
vn 0.3589 -0.1587 -0.9198
vn 0.4000 -0.3288 -0.8555
vn 0.3589 -0.1587 0.9198
vn 0.4000 -0.3288 0.8555
vn 0.7171 -0.1050 0.6890
vn 0.5008 0.0581 0.8636
vn 0.4126 -0.9109 0.0005
vn 0.3894 -0.9211 0.0005
vn 0.0824 -0.5163 -0.8524
vn 0.2621 -0.1462 -0.9539
vn 0.4020 -0.2420 -0.8831
vn -0.0289 -0.3513 -0.9358
vn 0.2622 -0.1461 0.9539
vn 0.0824 -0.5163 0.8524
vn 0.4020 -0.2420 0.8831
vn -0.0288 -0.3514 0.9358
vn 0.8756 -0.4831 0.0003
vn 0.6081 -0.7939 0.0005
vn 0.5691 -0.8223 0.0004
vn 0.8756 -0.4831 0.0005
vn 0.8755 -0.4831 -0.0000
vn 0.5691 -0.8223 0.0005
vn -0.2136 -0.3706 -0.9039
vn -0.4772 -0.6021 -0.6401
vn -0.4521 -0.3600 -0.8161
vn -0.1189 -0.5419 -0.8320
vn -0.2135 -0.3707 0.9039
vn -0.4772 -0.6021 0.6401
vn -0.1189 -0.5418 0.8320
vn -0.4520 -0.3600 0.8161
vn -0.0827 -0.2879 -0.9541
vn 0.3080 -0.2203 -0.9255
vn 0.3276 -0.4137 -0.8494
vn 0.3080 -0.2203 0.9255
vn -0.0827 -0.2879 0.9541
vn 0.3276 -0.4137 0.8494
vn -0.1023 -0.4695 0.8770
vn 0.3589 -0.1588 -0.9198
vn -0.1188 -0.5418 -0.8321
vn -0.2135 -0.3706 -0.9039
vn 0.3588 -0.1588 0.9198
vn -0.1188 -0.5418 0.8321
vn -0.2135 -0.3706 0.9039
vn -0.3181 -0.9481 0.0004
vn -0.0417 -0.9991 0.0005
vn -0.3181 -0.9480 0.0004
vn -0.0036 -1.0000 0.0005
vn -0.4520 -0.3599 -0.8162
vn -0.0212 -0.0112 -0.9997
vn -0.4520 -0.3599 0.8162
vn -0.2136 -0.3706 0.9039
vn -0.0212 -0.0113 0.9997
vn -0.0034 -1.0000 0.0005
vn 0.6080 -0.7939 0.0005
vn -0.0415 -0.9991 0.0005
vn 0.5690 -0.8223 0.0005
vn 0.0161 0.0064 -0.9999
vn 0.5008 0.0582 -0.8636
vn 0.5008 0.0582 0.8636
vn 0.0160 0.0064 0.9999
vn 0.2290 0.1480 -0.9621
vn -0.0133 -0.0102 -0.9999
vn 0.0003 -0.0004 -1.0000
vn -0.0290 -0.3513 -0.9358
vn 0.2894 0.0532 -0.9557
vn 0.2621 -0.1460 -0.9539
vn 0.0159 0.0063 -0.9999
vn -0.0211 -0.0112 -0.9997
vn 0.3588 -0.1587 -0.9198
vn 0.2894 0.0532 0.9557
vn -0.0290 -0.3513 0.9358
vn 0.2621 -0.1460 0.9539
vn -0.0133 -0.0102 0.9999
vn 0.2290 0.1480 0.9621
vn 0.0003 -0.0004 1.0000
vn 0.3588 -0.1587 0.9198
vn 0.0159 0.0063 0.9999
vn -0.0211 -0.0112 0.9997
vn -0.0827 -0.2877 -0.9542
vn -0.2225 -0.1940 -0.9555
vn 0.0228 0.0044 -0.9997
vn 0.3080 -0.2202 -0.9255
vn 0.5202 -0.0747 -0.8508
vn 0.3080 -0.2202 0.9256
vn 0.0228 0.0044 0.9997
vn -0.0827 -0.2877 0.9542
vn -0.2225 -0.1940 0.9555
vn 0.3080 -0.2202 0.9255
vn 0.5202 -0.0746 0.8508
vn 0.1810 -0.9835 0.0003
vn 0.3892 -0.9212 0.0005
vn 0.1809 -0.9835 -0.0000
vn 0.4125 -0.9110 0.0005
vn -0.0290 -0.3514 -0.9358
vn -0.1667 -0.6217 -0.7653
vn -0.2352 -0.3826 -0.8935
vn -0.0290 -0.3514 0.9358
vn -0.1667 -0.6217 0.7653
vn -0.2352 -0.3827 0.8935
vn 0.5856 -0.8106 0.0004
vn 0.3551 -0.9348 0.0005
vn 0.3199 -0.9474 0.0005
vn 0.5855 -0.8107 0.0003
vn -0.2351 -0.3825 -0.8936
vn -0.0135 -0.0102 -0.9999
vn -0.2352 -0.3825 0.8935
vn -0.0134 -0.0103 0.9999
vn 0.3082 -0.2203 -0.9255
vn 0.6250 -0.2898 -0.7248
vn 0.5203 -0.0748 -0.8507
vn 0.5203 -0.0748 0.8507
vn 0.3081 -0.2203 0.9255
vn 0.6250 -0.2898 0.7248
vt 0.366007 0.920495
vt 0.415210 0.752679
vt 0.000000 0.000000
vt 0.100921 0.507392
vt 0.124859 0.719057
vt 0.124430 0.625201
vt 0.119021 0.689968
vt 0.368859 1.000000
vt 0.125000 0.625000
vt 0.405880 1.000000
vt 0.543500 1.000000
vt 0.409822 0.995523
vt 0.385371 1.002317
vt 0.392705 1.002137
vt 0.376118 1.000155
vt 0.374993 1.000263
vt 0.370931 1.000291
vt 0.124982 0.718850
vt 0.125000 0.718871
vt 0.124928 0.625025
vt 0.124960 0.718773
vt 0.124857 0.625050
vt 0.394093 1.001567
vt 0.381243 1.001738
vt 0.390031 1.001382
vt 0.380317 1.001608
vt 0.124880 0.718947
vt 0.124501 0.625176
vt 0.382223 1.001875
vt 0.388046 1.001796
vt 0.124860 0.709196
vt 0.124608 0.625138
vt 0.124906 0.718792
vt 0.124572 0.625151
vt 0.386602 1.000899
vt 0.375051 1.000869
vt 0.387337 1.000763
vt 0.376015 1.001004
vt 0.379251 1.000556
vt 0.372995 1.000580
vt 0.379179 1.001448
vt 0.124930 0.709022
vt 0.124751 0.625088
vt 0.124786 0.625075
vt 0.124933 0.718742
vt 0.452949 1.000195
vt 0.124644 0.625126
vt 0.124715 0.625100
vt 0.488903 1.000372
vt 0.518255 1.000000
vt 0.475461 1.000000
vt 0.434032 1.000000
vt 0.380180 1.000686
vt 0.124537 0.625163
vt 0.124822 0.625063
vt 0.374173 1.000746
s 1
f 732/185/424 733/186/425 734/187/426
f 732/185/424 734/187/426 735/188/424
f 736/186/427 737/185/424 738/187/428
f 739/188/424 738/187/428 737/185/424
f 740/189/429 741/188/430 742/190/431
f 741/188/430 740/189/429 743/191/430
f 744/188/430 745/189/431 746/190/431
f 745/189/431 744/188/430 747/191/430
f 748/192/432 749/193/432 750/194/432
f 751/194/432 752/193/432 753/187/432
f 754/192/432 755/194/432 756/193/432
f 757/194/433 758/187/433 759/193/433
f 760/195/434 761/185/435 762/196/436
f 761/185/435 760/195/434 763/186/437
f 764/185/438 765/195/439 766/196/440
f 765/195/439 764/185/438 767/186/441
f 768/197/442 769/196/443 770/185/435
f 769/196/443 768/197/442 771/198/444
f 772/197/445 773/196/446 774/198/447
f 773/196/446 772/197/445 775/185/438
f 776/199/448 777/192/449 778/194/450
f 779/199/451 780/194/452 781/192/453
f 782/200/454 783/201/455 784/199/456
f 783/201/455 785/192/457 784/199/456
f 786/201/458 787/199/459 788/192/460
f 787/199/459 786/201/458 789/200/461
f 790/202/462 791/193/463 792/203/463
f 791/193/463 790/202/462 793/204/462
f 794/205/464 793/204/462 790/202/462
f 793/204/462 794/205/464 795/206/465
f 796/204/466 797/202/467 798/193/463
f 798/193/463 797/202/467 799/203/463
f 796/204/466 800/205/464 797/202/467
f 801/206/465 800/205/464 796/204/466
f 802/207/468 803/208/469 804/209/470
f 803/208/469 805/210/471 804/209/470
f 806/209/472 807/210/473 808/208/474
f 808/208/474 809/207/475 806/209/472
f 810/211/476 811/190/431 812/212/477
f 811/190/431 810/211/476 813/189/431
f 814/190/431 815/211/476 816/212/477
f 815/211/476 814/190/431 817/189/429
f 818/213/478 819/198/479 820/197/480
f 819/198/479 818/213/478 821/214/481
f 822/198/482 823/213/483 824/197/484
f 823/213/483 822/198/482 825/214/485
f 826/215/486 827/216/487 828/217/488
f 827/216/487 826/215/486 829/218/489
f 830/218/490 831/215/486 832/216/487
f 832/216/487 831/215/486 833/217/491
f 834/219/492 835/220/493 836/221/494
f 835/220/493 834/219/492 837/222/495
f 838/219/496 839/220/497 840/222/498
f 839/220/497 838/219/496 841/221/499
f 842/200/500 843/223/501 844/224/502
f 842/200/500 844/224/502 845/201/455
f 846/223/503 847/200/504 848/224/505
f 849/201/506 848/224/505 847/200/504
f 850/209/507 851/222/508 852/219/509
f 851/222/508 850/209/507 853/225/471
f 854/209/510 855/222/511 856/225/473
f 855/222/511 854/209/510 857/219/512
f 858/226/513 859/227/514 860/228/515
f 859/227/514 858/226/513 861/229/516
f 862/227/514 863/226/513 864/228/515
f 863/226/513 862/227/514 865/229/516
f 866/221/517 867/230/518 868/219/492
f 869/221/519 870/219/520 871/230/521
f 872/229/522 873/231/523 874/232/524
f 873/231/523 872/229/522 875/217/525
f 876/231/523 877/229/522 878/232/524
f 877/229/522 876/231/523 879/217/525
f 880/209/470 881/233/526 882/207/527
f 883/209/472 884/207/528 885/233/529
f 886/195/530 887/233/531 888/234/532
f 889/214/533 890/196/534 891/198/535
f 892/196/534 893/214/533 894/233/531
f 892/196/534 894/233/531 895/195/434
f 896/235/532 897/233/536 898/230/537
f 897/233/536 896/235/532 899/234/532
f 898/230/537 897/233/536 900/209/538
f 898/230/537 900/209/538 901/219/509
f 902/196/539 903/214/540 904/198/541
f 905/214/540 906/196/539 907/233/542
f 906/196/539 908/195/543 907/233/542
f 909/233/542 910/195/439 911/234/544
f 912/209/545 913/233/546 914/230/547
f 912/209/545 914/230/547 915/219/512
f 913/233/546 916/235/544 914/230/547
f 916/235/544 913/233/546 917/234/544
f 918/223/501 919/194/450 920/236/532
f 921/200/548 919/194/450 918/223/501
f 919/194/450 921/200/548 922/199/549
f 920/236/532 923/230/550 918/223/501
f 923/230/550 920/236/532 924/235/532
f 925/237/551 923/230/550 926/221/552
f 927/223/553 928/230/554 929/236/544
f 930/235/544 929/236/544 928/230/554
f 931/194/452 927/223/553 929/236/544
f 931/194/452 932/200/555 927/223/553
f 932/200/555 931/194/452 933/199/556
f 934/237/557 935/221/558 928/230/554
f 936/215/559 937/238/560 938/218/561
f 937/238/560 936/215/559 939/211/562
f 940/238/560 941/215/559 942/218/561
f 941/215/559 940/238/560 943/211/562
f 944/214/563 945/208/564 946/207/565
f 945/208/564 944/214/563 947/213/478
f 948/214/566 949/208/567 950/213/483
f 949/208/567 948/214/566 951/207/568
f 952/226/569 953/239/570 954/205/571
f 953/239/570 952/226/569 955/228/569
f 956/226/572 957/239/570 958/228/569
f 959/205/571 957/239/570 956/226/572
f 960/207/573 961/233/574 962/214/533
f 963/207/575 964/214/540 965/233/576
f 966/237/577 967/220/578 968/240/502
f 967/220/578 966/237/577 969/221/579
f 970/221/580 971/237/581 972/220/582
f 973/240/505 972/220/582 971/237/581
o RenderMesh_87187218521577
v -0.331700 -0.082528 0.074297
v -0.331700 0.029547 0.003509
v -0.331595 -0.112222 0.003509
v -0.331700 0.029547 0.099654
v 0.198352 -0.411746 -0.067278
v 0.179555 -0.426343 0.003510
v 0.178789 -0.426447 -0.067278
v 0.198352 -0.411746 0.003510
v 0.198352 -0.411746 0.003510
v 0.198352 -0.411746 0.074298
v 0.179555 -0.426343 0.003510
v 0.178789 -0.426447 0.074298
v 0.237239 -0.278071 0.003510
v 0.203597 -0.367473 -0.067278
v 0.237239 -0.278071 -0.067278
v 0.203597 -0.367473 0.003510
v 0.198352 -0.411746 -0.067278
v 0.203597 -0.367473 0.074298
v 0.287142 -0.186582 0.003509
v 0.287142 -0.186582 -0.067279
v 0.237239 -0.278071 0.074297
v 0.287142 -0.186582 0.074297
v 0.198352 -0.411746 0.074298
v 0.203597 -0.367473 0.003510
v 0.198352 -0.411746 0.003510
v -0.331700 0.029547 -0.092635
v -0.226072 0.029547 0.003509
v -0.226072 0.029547 -0.092635
v -0.331700 0.029547 0.003509
v -0.039008 0.029547 -0.092635
v -0.039008 0.029547 0.003509
v 0.046658 0.029547 0.003509
v 0.046658 0.029547 -0.092635
v 0.111531 0.029547 0.003509
v 0.111531 0.029547 -0.092635
v 0.194703 0.029547 0.003509
v 0.194703 0.029547 -0.092635
v -0.331700 0.029547 0.003509
v -0.331700 0.029547 0.099654
v -0.226072 0.029547 0.003509
v -0.226072 0.029547 0.099654
v -0.226072 0.029547 0.099654
v -0.039008 0.029547 0.099654
v -0.226072 0.029547 0.003509
v -0.039008 0.029547 0.003509
v 0.046658 0.029547 0.003509
v -0.039008 0.029547 0.003509
v -0.039008 0.029547 0.099654
v 0.046658 0.029547 0.099654
v 0.111531 0.029547 0.003509
v 0.111531 0.029547 0.099654
v 0.194703 0.029547 0.003509
v 0.194703 0.029547 0.099654
v 0.178789 -0.426447 -0.067278
v 0.157068 -0.417332 0.003510
v 0.157068 -0.417332 -0.067278
v 0.179555 -0.426343 0.003510
v 0.179555 -0.426343 0.003510
v 0.178789 -0.426447 0.074298
v 0.157068 -0.417332 0.003510
v 0.157068 -0.417332 0.074298
v 0.358801 -0.112635 0.003509
v 0.287142 -0.186582 -0.067279
v 0.358801 -0.112635 -0.067279
v 0.287142 -0.186582 0.003509
v 0.358801 -0.112635 0.003509
v 0.287142 -0.186582 0.074297
v 0.287142 -0.186582 0.074297
v 0.358801 -0.112635 0.003509
v 0.358801 -0.112635 0.074297
v 0.198352 -0.411746 -0.067278
v 0.203597 -0.367473 0.003510
v 0.198352 -0.411746 0.003510
v -0.331595 -0.112222 0.003509
v -0.282682 -0.126442 0.003509
v -0.282682 -0.126442 0.074297
v -0.331700 -0.082528 0.074297
v -0.282682 -0.126442 -0.067279
v -0.039008 -0.192448 -0.067279
v -0.039008 -0.192448 0.003509
v -0.282682 -0.126442 0.003509
v 0.046658 -0.235697 -0.067279
v 0.046658 -0.235697 0.003510
v 0.111531 -0.305560 -0.067278
v 0.111531 -0.305560 0.003510
v 0.157068 -0.417332 -0.067278
v 0.157068 -0.417332 0.003510
v -0.282682 -0.126442 -0.067279
v -0.331595 -0.112222 0.003509
v -0.331700 -0.082528 -0.067279
v -0.331700 0.029547 0.003509
v -0.331700 -0.082528 -0.067279
v -0.331700 0.029547 -0.092635
v -0.226072 0.029547 -0.092635
v -0.253036 -0.056029 -0.092635
v -0.331700 0.029547 -0.092635
v -0.331700 -0.082528 -0.067279
v -0.282682 -0.126442 -0.067279
v -0.226072 0.029547 0.099654
v -0.331700 0.029547 0.099654
v -0.253036 -0.056029 0.099654
v -0.331700 -0.082528 0.074297
v -0.282682 -0.126442 0.074297
v -0.226072 0.029547 -0.092635
v -0.039008 0.029547 -0.092635
v -0.039008 -0.096954 -0.092635
v -0.253036 -0.056029 -0.092635
v 0.083967 -0.155311 -0.092635
v 0.046658 0.029547 -0.092635
v 0.111531 0.029547 -0.092635
v -0.039008 -0.096954 -0.092635
v -0.039008 0.029547 -0.092635
v 0.227879 -0.119537 -0.092635
v 0.194703 0.029547 -0.092635
v 0.227879 -0.119537 -0.092635
v 0.294853 -0.052322 -0.092635
v 0.083967 -0.155311 -0.092635
v 0.179897 -0.194441 -0.092635
v 0.129564 -0.200113 -0.092635
v 0.156177 -0.210117 -0.092635
v -0.253036 -0.056029 0.099654
v -0.039008 -0.096954 0.099654
v -0.226072 0.029547 0.099654
v -0.039008 0.029547 0.099654
v 0.083967 -0.155311 0.099654
v 0.111531 0.029547 0.099654
v 0.046658 0.029547 0.099654
v -0.039008 -0.096954 0.099654
v -0.039008 0.029547 0.099654
v 0.227879 -0.119537 0.099654
v 0.194703 0.029547 0.099654
v 0.227879 -0.119537 0.099654
v 0.294853 -0.052322 0.099654
v 0.083967 -0.155311 0.099654
v 0.179897 -0.194441 0.099654
v 0.129564 -0.200113 0.099654
v 0.156177 -0.210117 0.099654
v 0.083967 -0.155311 -0.092635
v -0.039008 -0.192448 -0.067279
v -0.039008 -0.096954 -0.092635
v 0.046658 -0.235697 -0.067279
v 0.129564 -0.200113 -0.092635
v 0.111531 -0.305560 -0.067278
v 0.156177 -0.210117 -0.092635
v 0.129564 -0.200113 -0.092635
v 0.157068 -0.417332 -0.067278
v 0.176619 -0.402865 -0.071489
v 0.178789 -0.426447 -0.067278
v 0.198352 -0.411746 -0.067278
v 0.156177 -0.210117 -0.092635
v 0.203597 -0.367473 -0.067278
v 0.156177 -0.210117 -0.092635
v 0.237239 -0.278071 -0.067278
v 0.179897 -0.194441 -0.092635
v 0.179897 -0.194441 -0.092635
v 0.287142 -0.186582 -0.067279
v 0.227879 -0.119537 -0.092635
v 0.358801 -0.112635 -0.067279
v 0.294853 -0.052322 -0.092635
v -0.039008 -0.096954 0.099654
v -0.039008 -0.192448 0.074297
v 0.083967 -0.155311 0.099654
v 0.046658 -0.235697 0.074297
v 0.129564 -0.200113 0.099654
v 0.111531 -0.305560 0.074297
v 0.156177 -0.210117 0.099654
v 0.129564 -0.200113 0.099654
v 0.157068 -0.417332 0.074298
v 0.176619 -0.402865 0.078510
v 0.178789 -0.426447 0.074298
v 0.198352 -0.411746 0.074298
v 0.156177 -0.210117 0.099654
v 0.203597 -0.367473 0.074298
v 0.156177 -0.210117 0.099654
v 0.237239 -0.278071 0.074297
v 0.179897 -0.194441 0.099654
v 0.287142 -0.186582 0.074297
v 0.179897 -0.194441 0.099654
v 0.227879 -0.119537 0.099654
v 0.358801 -0.112635 0.074297
v 0.294853 -0.052322 0.099654
v -0.282682 -0.126442 -0.067279
v -0.039008 -0.096954 -0.092635
v -0.039008 -0.192448 -0.067279
v -0.253036 -0.056029 -0.092635
v -0.282682 -0.126442 0.074297
v -0.039008 -0.192448 0.074297
v -0.039008 -0.096954 0.099654
v -0.253036 -0.056029 0.099654
v 0.046658 -0.235697 0.003510
v 0.046658 -0.235697 0.074297
v -0.039008 -0.192448 0.003509
v -0.039008 -0.192448 0.074297
v 0.111531 -0.305560 0.074297
v 0.111531 -0.305560 0.003510
v 0.157068 -0.417332 0.074298
v 0.157068 -0.417332 0.003510
v -0.039008 -0.192448 0.074297
v -0.282682 -0.126442 0.074297
v -0.039008 -0.192448 0.003509
v -0.282682 -0.126442 0.003509
v -0.039008 -0.192448 0.003509
v 0.046658 0.029547 0.003509
v -0.039008 0.029547 0.003509
v 0.046658 -0.235697 0.003510
v 0.111531 0.029547 0.003509
v 0.111531 -0.305560 0.003510
v 0.194703 0.029547 0.003509
v 0.189519 -0.411174 0.003510
v 0.157068 -0.417332 0.003510
v 0.179555 -0.426343 0.003510
v 0.198352 -0.411746 0.003510
vn -0.9294 -0.3615 0.0747
vn -1.0000 -0.0001 0.0006
vn -0.8171 -0.5765 0.0005
vn -1.0000 -0.0001 -0.0005
vn 0.8687 -0.4953 -0.0015
vn 0.1343 -0.9909 0.0005
vn 0.1275 -0.9918 0.0005
vn 0.8687 -0.4953 0.0005
vn 0.8687 -0.4953 0.0015
vn 0.9091 -0.4165 -0.0000
vn 0.9716 -0.2367 -0.0000
vn 0.9716 -0.2366 0.0005
vn 0.8688 -0.4952 -0.0015
vn 0.8053 -0.5929 0.0005
vn 0.8053 -0.5929 -0.0000
vn 0.8688 -0.4952 0.0014
vn 0.9716 -0.2365 0.0005
vn 0.9716 -0.2365 -0.0000
vn 0.8688 -0.4952 0.0005
vn -0.0005 1.0000 0.0005
vn -0.7078 -0.7065 0.0014
vn -0.7077 -0.7065 0.0015
vn 0.1344 -0.9909 0.0005
vn -0.7078 -0.7065 -0.0014
vn -0.7077 -0.7065 -0.0015
vn 0.7181 -0.6959 -0.0000
vn 0.8052 -0.5930 -0.0000
vn 0.8052 -0.5930 0.0005
vn 0.7180 -0.6960 0.0003
vn -0.3884 -0.9215 0.0005
vn -0.3874 -0.9176 0.0894
vn -0.9294 -0.3615 0.0748
vn -0.3873 -0.9176 -0.0894
vn -0.3579 -0.9338 0.0006
vn -0.3579 -0.9338 0.0005
vn -0.6012 -0.7991 -0.0000
vn -0.8432 -0.5376 -0.0000
vn -0.8433 -0.5374 0.0004
vn -0.7078 -0.7064 0.0015
vn -0.3874 -0.9176 -0.0894
vn -0.3884 -0.9215 -0.0000
vn -0.8171 -0.5764 0.0005
vn -0.9294 -0.3615 -0.0748
vn -1.0000 0.0004 0.0007
vn -0.9294 -0.3615 -0.0747
vn -1.0000 -0.0001 0.0005
vn -0.0005 -0.0001 -1.0000
vn -0.0924 -0.1536 -0.9838
vn -0.1140 -0.1048 -0.9879
vn -0.2271 -0.2298 -0.9464
vn -0.1383 -0.2658 -0.9541
vn -0.0005 -0.0001 1.0000
vn -0.1140 -0.1048 0.9879
vn -0.0924 -0.1536 0.9838
vn -0.2273 -0.2298 0.9463
vn -0.1383 -0.2658 0.9541
vn -0.0006 -0.0001 -1.0000
vn -0.0923 -0.1536 -0.9838
vn -0.0924 -0.1535 0.9838
vn -0.0006 -0.0001 1.0000
vn -0.1598 -0.2288 -0.9603
vn -0.1001 -0.2628 -0.9596
vn -0.0884 -0.2688 -0.9591
vn -0.1695 -0.2227 -0.9600
vn -0.2204 -0.1770 -0.9592
vn -0.2320 -0.1583 -0.9597
vn -0.0103 -0.1291 -0.9916
vn -0.2203 -0.1770 -0.9592
vn -0.1226 -0.1516 -0.9808
vn 0.0181 -0.1300 -0.9913
vn 0.0204 -0.1740 -0.9845
vn 0.1706 -0.1168 -0.9784
vn -0.0102 -0.1291 -0.9916
vn 0.3289 -0.0568 -0.9427
vn 0.3288 -0.0568 -0.9427
vn 0.2185 -0.1223 -0.9681
vn 0.2243 -0.1282 -0.9661
vn 0.2243 -0.1281 -0.9661
vn 0.2194 -0.1630 -0.9619
vn 0.2145 -0.1691 -0.9620
vn 0.1968 -0.1928 -0.9613
vn 0.1969 -0.1927 -0.9613
vn -0.0884 -0.2688 0.9591
vn -0.1001 -0.2628 0.9596
vn -0.1598 -0.2288 0.9603
vn -0.1695 -0.2228 0.9600
vn -0.2204 -0.1770 0.9592
vn -0.2320 -0.1583 0.9597
vn -0.0103 -0.1291 0.9916
vn -0.2203 -0.1770 0.9592
vn -0.1226 -0.1516 0.9808
vn 0.0182 -0.1299 0.9914
vn 0.0204 -0.1740 0.9845
vn 0.1706 -0.1167 0.9784
vn -0.0102 -0.1291 0.9916
vn 0.3289 -0.0568 0.9427
vn 0.3288 -0.0568 0.9427
vn 0.2185 -0.1223 0.9681
vn 0.2243 -0.1281 0.9661
vn 0.2194 -0.1630 0.9619
vn 0.2145 -0.1691 0.9620
vn 0.1968 -0.1928 0.9613
vn 0.1969 -0.1927 0.9613
vn -0.1382 -0.2659 -0.9540
vn -0.1382 -0.2659 0.9540
vn -0.6012 -0.7991 0.0004
vn -0.3580 -0.9337 -0.0000
vn -0.3580 -0.9337 0.0005
vn -0.8434 -0.5373 0.0005
vn -0.7078 -0.7064 -0.0015
vn -0.3579 -0.9338 -0.0000
vn -0.3873 -0.9176 0.0894
vt 0.375000 0.750000
vt 0.625000 0.625000
vt 0.375000 0.625000
vt 0.625000 0.750000
vt 0.411331 1.000000
vt 0.234173 0.757478
vt 0.397525 1.000000
vt 0.326389 0.869379
vt 0.475461 1.000000
vt 0.434032 1.000000
vt 0.518255 1.000000
vt 0.875000 0.750000
vt 0.875000 0.625000
vt 0.125000 0.625000
vt 0.382353 1.000000
vt 0.553196 0.099730
vt 0.552991 0.000000
vt 0.125000 0.750000
vt 0.488325 0.750000
vt 0.625000 1.000000
vt 0.482541 1.000000
vt 0.467448 1.000000
vt 0.533224 1.000000
vt 0.552843 1.000000
vt 0.582235 1.000000
vt 0.466881 1.000000
vt 0.489155 1.000000
vt 0.468408 1.000000
vt 0.475708 1.000000
vt 0.375000 1.000000
vt 0.428872 1.000000
vt 0.479126 1.000000
vt 0.444579 1.000000
vt 0.419526 1.000000
vt 0.479775 1.000000
vt 0.489177 1.000000
vt 0.487899 1.000000
vt 0.514188 1.000000
vt 0.553449 1.000000
vt 0.000000 0.000000
s 1
f 974/241/583 975/242/584 976/243/585
f 975/242/584 974/241/583 977/244/586
f 978/245/587 979/246/588 980/247/589
f 979/246/588 978/245/587 981/248/590
f 982/248/590 983/245/591 984/246/588
f 984/246/588 983/245/591 985/247/589
f 986/249/592 987/250/593 988/249/592
f 989/250/594 990/245/595 987/250/593
f 987/250/593 986/249/592 989/250/594
f 986/249/592 991/250/594 989/250/594
f 988/249/592 992/251/596 986/249/592
f 992/251/596 988/249/592 993/251/596
f 991/250/594 986/249/592 994/249/592
f 992/251/596 994/249/592 986/249/592
f 994/249/592 992/251/596 995/251/597
f 996/245/598 997/250/599 991/250/600
f 997/250/599 996/245/598 998/248/601
f 999/244/602 1000/242/602 1001/244/602
f 1000/242/602 999/244/602 1002/242/602
f 1003/252/602 1001/244/602 1000/242/602
f 1003/252/602 1000/242/602 1004/253/602
f 1003/252/602 1004/253/602 1005/253/602
f 1006/252/602 1003/252/602 1005/253/602
f 1006/252/602 1005/253/602 1007/253/602
f 1008/252/602 1006/252/602 1007/253/602
f 1008/252/602 1007/253/602 1009/253/602
f 1010/252/602 1008/252/602 1009/253/602
f 1011/242/602 1012/244/602 1013/242/602
f 1013/242/602 1012/244/602 1014/244/602
f 1015/244/602 1016/252/602 1017/242/602
f 1018/253/602 1017/242/602 1016/252/602
f 1019/253/602 1020/253/602 1021/252/602
f 1019/253/602 1021/252/602 1022/252/602
f 1023/253/602 1019/253/602 1022/252/602
f 1023/253/602 1022/252/602 1024/252/602
f 1025/253/602 1023/253/602 1024/252/602
f 1025/253/602 1024/252/602 1026/252/602
f 1027/247/589 1028/254/603 1029/255/604
f 1028/254/603 1027/247/589 1030/246/605
f 1031/246/605 1032/247/589 1033/254/606
f 1033/254/606 1032/247/589 1034/255/607
f 1035/256/608 1036/251/609 1037/257/608
f 1036/251/609 1035/256/608 1038/251/610
f 1039/256/608 1040/251/610 1038/251/609
f 1041/251/610 1042/256/611 1043/257/611
f 1044/245/595 1045/250/600 1046/248/601
f 1047/243/585 1048/243/612 1049/241/613
f 1047/243/585 1049/241/613 1050/241/614
f 1051/241/615 1052/258/616 1053/254/617
f 1051/241/615 1053/254/617 1054/243/612
f 1055/258/618 1053/254/617 1052/258/616
f 1053/254/617 1055/258/618 1056/254/618
f 1057/258/619 1056/254/618 1055/258/618
f 1056/254/618 1057/258/619 1058/254/620
f 1059/258/621 1058/254/620 1057/258/619
f 1058/254/620 1059/258/621 1060/254/621
f 1061/241/622 1054/243/623 1062/243/624
f 1063/241/625 1061/241/622 1062/243/624
f 1064/242/626 1065/241/627 1062/243/585
f 1065/241/627 1064/242/626 1066/244/628
f 1067/244/629 1068/259/630 1069/244/631
f 1069/244/631 1068/259/630 1070/241/632
f 1070/241/632 1068/259/630 1071/241/633
f 1072/244/634 1073/244/635 1074/259/636
f 1073/244/635 1075/241/637 1074/259/636
f 1075/241/637 1076/241/638 1074/259/636
f 1077/244/629 1078/260/639 1079/261/629
f 1079/261/629 1080/259/640 1077/244/629
f 1081/262/629 1082/260/629 1083/260/629
f 1084/261/629 1082/260/629 1081/262/629
f 1082/260/629 1084/261/629 1085/260/629
f 1086/263/629 1083/260/629 1087/260/629
f 1088/264/629 1087/260/629 1089/265/629
f 1086/263/629 1090/266/629 1083/260/629
f 1091/267/629 1090/266/629 1086/263/629
f 1090/266/629 1091/267/629 1092/268/629
f 1092/268/629 1091/267/629 1093/269/629
f 1094/259/641 1095/261/634 1096/244/634
f 1095/261/634 1097/260/642 1096/244/634
f 1098/262/634 1099/260/634 1100/260/634
f 1100/260/634 1101/261/634 1098/262/634
f 1101/261/634 1100/260/634 1102/260/634
f 1099/260/634 1103/263/634 1104/260/634
f 1105/264/634 1106/265/634 1104/260/634
f 1107/266/634 1103/263/634 1099/260/634
f 1107/266/634 1108/267/634 1103/263/634
f 1108/267/634 1107/266/634 1109/268/634
f 1108/267/634 1109/268/634 1110/269/634
f 1111/262/643 1112/270/644 1113/261/645
f 1111/262/643 1114/270/646 1112/270/644
f 1114/270/646 1111/262/643 1115/271/647
f 1115/271/647 1116/270/648 1114/270/646
f 1117/272/649 1116/270/648 1118/273/650
f 1117/272/649 1119/255/651 1116/270/648
f 1120/274/652 1119/255/651 1117/272/649
f 1120/274/652 1121/247/653 1119/255/651
f 1122/245/654 1121/247/653 1120/274/652
f 1120/274/652 1123/275/655 1122/245/654
f 1122/245/654 1123/275/655 1124/250/656
f 1124/250/657 1125/276/655 1126/249/658
f 1127/277/659 1126/249/658 1125/276/655
f 1128/278/660 1129/251/661 1126/249/658
f 1129/251/661 1128/278/660 1130/264/662
f 1130/264/662 1131/279/663 1129/251/661
f 1131/279/663 1130/264/662 1132/265/664
f 1133/261/665 1134/270/666 1135/262/667
f 1134/270/666 1136/270/668 1135/262/667
f 1135/262/667 1136/270/668 1137/271/669
f 1136/270/668 1138/270/670 1137/271/669
f 1138/270/670 1139/272/671 1140/273/672
f 1141/255/673 1139/272/671 1138/270/670
f 1142/274/674 1139/272/671 1141/255/673
f 1142/274/674 1141/255/673 1143/247/675
f 1144/245/676 1142/274/674 1143/247/675
f 1142/274/674 1144/245/676 1145/275/677
f 1144/245/676 1146/250/678 1145/275/677
f 1147/276/677 1146/250/679 1148/249/680
f 1148/249/680 1149/277/681 1147/276/677
f 1150/251/682 1151/278/681 1148/249/680
f 1151/278/681 1150/251/682 1152/264/683
f 1153/279/684 1152/264/683 1150/251/682
f 1152/264/683 1153/279/684 1154/265/685
f 1155/241/686 1156/261/645 1157/270/644
f 1156/261/645 1155/241/686 1158/259/630
f 1159/241/687 1160/270/666 1161/261/665
f 1159/241/687 1161/261/665 1162/259/636
f 1163/254/688 1164/258/618 1165/254/689
f 1165/254/689 1164/258/618 1166/258/690
f 1163/254/688 1167/258/619 1164/258/618
f 1168/254/691 1167/258/619 1163/254/688
f 1168/254/691 1169/258/692 1167/258/619
f 1170/254/692 1169/258/692 1168/254/691
f 1171/258/693 1172/241/694 1173/254/617
f 1174/243/612 1173/254/617 1172/241/694
f 1175/280/634 1176/280/634 1177/280/634
f 1176/280/634 1175/280/634 1178/280/634
f 1178/280/634 1179/280/634 1176/280/634
f 1179/280/634 1178/280/634 1180/280/634
f 1180/280/634 1181/280/634 1179/280/634
f 1181/280/634 1180/280/634 1182/280/634
f 1182/280/634 1180/280/634 1183/280/634
f 1184/280/634 1182/280/634 1183/280/634
f 1182/280/634 1184/280/634 1185/280/634
o RenderMesh_96227256448320
v 0.248500 0.365296 -0.022746
v 0.268368 0.376114 -0.028817
v 0.252559 0.376114 -0.032444
v 0.279995 0.365776 -0.019489
v 0.246537 0.360062 0.002424
v 0.286422 0.360062 0.002424
v 0.279995 0.365776 0.024336
v 0.248500 0.365296 0.027593
v 0.268368 0.376114 0.033664
v 0.252559 0.376114 0.037292
v 0.106710 0.248597 -0.082015
v 0.106710 0.291756 0.002424
v 0.200855 0.309021 0.002424
v 0.200855 0.281786 -0.082015
v -0.065318 0.235342 -0.082015
v -0.267800 0.283282 0.002424
v -0.065318 0.235342 0.086863
v 0.106710 0.248597 0.086863
v 0.200855 0.281786 0.086863
v 0.235863 0.332413 -0.058396
v 0.235863 0.332413 0.063244
v 0.235863 0.332413 0.002424
v 0.246537 0.360062 -0.039534
v 0.246537 0.360062 0.044381
v 0.246537 0.360062 0.002424
v 0.248500 0.365296 -0.022746
v 0.252559 0.376114 -0.032444
v 0.248500 0.365296 0.027593
v 0.252559 0.376114 0.037292
v 0.431225 -0.063944 -0.054334
v 0.524756 -0.053547 -0.054334
v 0.431225 -0.063944 0.002424
v 0.524756 -0.053547 0.002424
v 0.524756 -0.053547 0.059182
v 0.346141 -0.100495 0.002424
v 0.431225 -0.063944 0.059182
v 0.346141 -0.100495 0.059182
v 0.346141 -0.100495 -0.054334
v 0.431225 -0.063944 -0.054334
v 0.346141 -0.100495 0.002424
v 0.431225 -0.063944 -0.054334
v 0.346141 -0.100495 -0.054334
v 0.345820 -0.081330 -0.069508
v 0.431225 -0.048927 -0.070897
v 0.517088 -0.045101 -0.073308
v 0.431225 -0.063944 -0.054334
v 0.524756 -0.053547 -0.054334
v 0.431225 -0.063944 0.059182
v 0.345820 -0.081330 0.074356
v 0.346141 -0.100495 0.059182
v 0.431225 -0.048927 0.075744
v 0.431225 -0.063944 0.059182
v 0.517088 -0.045101 0.078156
v 0.524756 -0.053547 0.059182
v 0.346141 -0.100495 0.002424
v 0.200855 0.000957 0.002424
v 0.334672 -0.092487 -0.069442
v 0.200855 0.000957 -0.082015
v 0.346141 -0.100495 0.002424
v 0.334672 -0.092487 -0.069442
v 0.346141 -0.100495 -0.054334
v 0.200855 0.000957 0.002424
v 0.346141 -0.100495 0.002424
v 0.334672 -0.092487 0.074289
v 0.346141 -0.100495 0.059182
v 0.200855 0.000957 0.086863
v 0.345820 -0.081330 -0.069508
v 0.346141 -0.100495 -0.054334
v 0.334672 -0.092487 -0.069442
v 0.345820 -0.081330 0.074356
v 0.334672 -0.092487 0.074289
v 0.346141 -0.100495 0.059182
v 0.524756 -0.053547 -0.054334
v 0.517088 -0.045101 -0.073308
v 0.647390 -0.071561 -0.082015
v 0.524756 -0.053547 0.059182
v 0.647390 -0.071561 0.086863
v 0.517088 -0.045101 0.078156
v 0.106710 0.000957 -0.082015
v 0.200855 0.000957 -0.082015
v 0.106710 0.000957 0.002424
v 0.200855 0.000957 0.002424
v 0.200855 0.000957 0.086863
v 0.106710 0.000957 0.086863
v -0.098330 0.000957 0.002424
v -0.098330 0.000957 -0.082015
v -0.098330 0.000957 0.086863
v 0.286422 0.360062 -0.030384
v 0.276114 0.332413 -0.049163
v 0.266481 0.360062 -0.034959
v 0.268368 0.376114 -0.028817
v 0.252559 0.376114 -0.032444
v 0.246537 0.360062 -0.039534
v 0.316363 0.332413 -0.039928
v 0.235863 0.332413 -0.058396
v 0.269274 0.281786 -0.070206
v 0.337693 0.281786 -0.058396
v 0.200855 0.281786 -0.082015
v 0.316363 0.332413 0.044776
v 0.286422 0.360062 0.035231
v 0.276114 0.332413 0.054010
v 0.269274 0.281786 0.075053
v 0.337693 0.281786 0.063244
v 0.235863 0.332413 0.063244
v 0.200855 0.281786 0.086863
v 0.246537 0.360062 0.044381
v 0.266481 0.360062 0.039807
v 0.268368 0.376114 0.033664
v 0.252559 0.376114 0.037292
v 0.524756 -0.018644 -0.082015
v 0.431225 -0.048927 -0.070897
v 0.431225 0.013713 -0.082015
v 0.517088 -0.045101 -0.073308
v 0.345820 -0.081330 -0.069508
v 0.431225 -0.048927 -0.070897
v 0.342316 0.072596 -0.082015
v 0.524756 -0.018644 0.086863
v 0.431225 -0.048927 0.075744
v 0.517088 -0.045101 0.078156
v 0.431225 0.013713 0.086863
v 0.342316 0.072596 0.086863
v 0.345820 -0.081330 0.074356
v 0.431225 -0.048927 0.075744
v 0.517088 -0.045101 -0.073308
v 0.598778 -0.035760 -0.082015
v 0.647390 -0.071561 -0.082015
v 0.524756 -0.018644 -0.082015
v 0.517088 -0.045101 0.078156
v 0.647390 -0.071561 0.086863
v 0.598778 -0.035760 0.086863
v 0.524756 -0.018644 0.086863
v 0.282811 0.041115 -0.082015
v 0.342316 0.072596 -0.082015
v 0.345820 -0.081330 -0.069508
v 0.308659 0.116752 -0.081281
v 0.282811 0.041115 0.086863
v 0.342316 0.072596 0.086863
v 0.308659 0.116752 0.086128
v 0.345820 -0.081330 0.074356
v 0.106710 0.000957 -0.082015
v 0.106710 0.248597 -0.082015
v 0.181327 0.142599 -0.082015
v 0.200855 0.281786 -0.082015
v 0.200855 0.000957 -0.082015
v -0.065318 0.235342 -0.082015
v -0.098330 0.000957 -0.082015
v 0.181327 0.142599 -0.082015
v 0.200855 0.281786 -0.082015
v 0.256965 0.168447 -0.082015
v 0.106710 0.248597 0.086863
v 0.106710 0.000957 0.086863
v 0.181327 0.142599 0.086863
v 0.200855 0.281786 0.086863
v 0.200855 0.000957 0.086863
v -0.065318 0.235342 0.086863
v -0.098330 0.000957 0.086863
v 0.181327 0.142599 0.086863
v 0.256965 0.168447 0.086863
v 0.200855 0.281786 0.086863
v 0.200855 0.000957 -0.082015
v 0.256965 0.116752 -0.082015
v 0.282811 0.041115 -0.082015
v 0.181327 0.142599 -0.082015
v 0.334672 -0.092487 -0.069442
v 0.345820 -0.081330 -0.069508
v 0.256965 0.116752 0.086863
v 0.200855 0.000957 0.086863
v 0.282811 0.041115 0.086863
v 0.181327 0.142599 0.086863
v 0.334672 -0.092487 0.074289
v 0.345820 -0.081330 0.074356
v 0.775164 -0.197864 0.002424
v 0.704901 -0.133661 -0.082015
v 0.775164 -0.169431 -0.082015
v 0.837924 -0.176874 -0.082015
v 0.837924 -0.205307 0.002424
v 0.837924 -0.176874 0.086863
v 0.775164 -0.169431 0.086863
v 0.704901 -0.133661 0.086863
v 0.704901 -0.162094 0.002424
v 0.611944 -0.066354 0.002424
v 0.647390 -0.071561 -0.082015
v 0.647390 -0.071561 0.086863
v 0.524756 -0.053547 -0.054334
v 0.524756 -0.053547 0.059182
v 0.524756 -0.053547 0.002424
v 0.286422 0.360062 -0.030384
v 0.316363 0.332413 0.002424
v 0.316363 0.332413 -0.039928
v 0.279995 0.365776 -0.019489
v 0.268368 0.376114 -0.028817
v 0.286422 0.360062 0.002424
v 0.286422 0.360062 0.035231
v 0.279995 0.365776 0.024336
v 0.268368 0.376114 0.033664
v 0.316363 0.332413 0.044776
v 0.337693 0.281786 0.002424
v 0.337693 0.281786 -0.058396
v 0.337693 0.281786 0.063244
v 0.647390 0.111137 -0.058396
v 0.524756 -0.018644 -0.082015
v 0.524756 0.137059 -0.058396
v 0.598778 -0.035760 -0.082015
v 0.647390 -0.071561 -0.082015
v 0.733446 0.070383 -0.058396
v 0.704901 -0.133661 -0.082015
v 0.733446 0.070383 -0.058396
v 0.775164 -0.169431 -0.082015
v 0.797374 -0.034412 -0.058396
v 0.837924 -0.176874 -0.082015
v 0.598778 -0.035760 0.086863
v 0.647390 0.111137 0.063244
v 0.524756 -0.018644 0.086863
v 0.524756 0.137059 0.063244
v 0.647390 -0.071561 0.086863
v 0.733446 0.070383 0.063244
v 0.704901 -0.133661 0.086863
v 0.775164 -0.169431 0.086863
v 0.733446 0.070383 0.063244
v 0.797374 -0.034412 0.063244
v 0.837924 -0.176874 0.086863
v 0.384297 0.142599 -0.068408
v 0.337693 0.281786 -0.058396
v 0.379024 0.221755 -0.058396
v 0.384297 0.142599 0.073256
v 0.379024 0.221755 0.063244
v 0.337693 0.281786 0.063244
v 0.384297 0.142599 -0.068408
v 0.342316 0.072596 -0.082015
v 0.308659 0.116752 -0.081281
v 0.384297 0.142599 0.073256
v 0.308659 0.116752 0.086128
v 0.342316 0.072596 0.086863
v 0.337693 0.281786 -0.058396
v 0.308659 0.168447 -0.075296
v 0.282811 0.244084 -0.071091
v 0.384297 0.142599 -0.068408
v 0.337693 0.281786 0.063244
v 0.308659 0.168447 0.080143
v 0.384297 0.142599 0.073256
v 0.282811 0.244084 0.075939
v 0.431225 0.181833 -0.058396
v 0.384297 0.142599 -0.068408
v 0.379024 0.221755 -0.058396
v 0.431225 0.013713 -0.082015
v 0.342316 0.072596 -0.082015
v 0.342316 0.072596 0.086863
v 0.431225 0.013713 0.086863
v 0.384297 0.142599 0.073256
v 0.431225 0.181833 0.063244
v 0.379024 0.221755 0.063244
v 0.524756 0.137059 -0.058396
v 0.431225 0.013713 -0.082015
v 0.431225 0.181833 -0.058396
v 0.524756 -0.018644 -0.082015
v 0.524756 -0.018644 0.086863
v 0.524756 0.137059 0.063244
v 0.431225 0.013713 0.086863
v 0.431225 0.181833 0.063244
v 0.269274 0.281786 -0.070206
v 0.256965 0.168447 -0.082015
v 0.200855 0.281786 -0.082015
v 0.256965 0.168447 -0.082015
v 0.269274 0.281786 -0.070206
v 0.282811 0.244084 -0.071091
v 0.337693 0.281786 -0.058396
v 0.269274 0.281786 0.075053
v 0.200855 0.281786 0.086863
v 0.256965 0.168447 0.086863
v 0.269274 0.281786 0.075053
v 0.256965 0.168447 0.086863
v 0.282811 0.244084 0.075939
v 0.337693 0.281786 0.063244
v 0.305613 0.142599 0.002424
v 0.384297 0.142599 -0.068408
v 0.308659 0.116752 -0.081281
v 0.288620 0.136793 0.002424
v 0.308659 0.116752 0.086128
v 0.384297 0.142599 0.073256
v 0.282811 0.119800 0.002424
v 0.282811 0.041115 -0.082015
v 0.282811 0.041115 0.086863
v 0.308659 0.168447 -0.075296
v 0.282811 0.165400 0.002424
v 0.282811 0.244084 -0.071091
v 0.288620 0.148407 0.002424
v 0.305613 0.142599 0.002424
v 0.384297 0.142599 -0.068408
v 0.308659 0.168447 0.080143
v 0.282811 0.244084 0.075939
v 0.384297 0.142599 0.073256
v 0.260011 0.142599 0.002424
v 0.256965 0.116752 -0.082015
v 0.181327 0.142599 -0.082015
v 0.277004 0.136793 0.002424
v 0.256965 0.116752 0.086863
v 0.181327 0.142599 0.086863
v 0.282811 0.119800 0.002424
v 0.282811 0.041115 -0.082015
v 0.282811 0.041115 0.086863
v 0.260011 0.142599 0.002424
v 0.181327 0.142599 -0.082015
v 0.256965 0.168447 -0.082015
v 0.277004 0.148407 0.002424
v 0.256965 0.168447 0.086863
v 0.181327 0.142599 0.086863
v 0.282811 0.165400 0.002424
v 0.282811 0.244084 -0.071091
v 0.282811 0.244084 0.075939
vn -0.0675 0.8624 0.5018
vn -0.1173 0.6406 0.7589
vn -0.1174 0.6406 0.7588
vn -0.0489 0.9139 0.4030
vn -0.0177 0.9998 0.0005
vn -0.0176 0.9998 0.0005
vn -0.0489 0.9139 -0.4030
vn -0.0675 0.8624 -0.5018
vn -0.1173 0.6406 -0.7589
vn -0.1174 0.6406 -0.7588
vn -0.1310 0.8845 -0.4478
vn -0.1135 0.9935 0.0005
vn -0.5228 0.8525 0.0005
vn -0.4682 0.8507 -0.2390
vn -0.0343 0.8621 -0.5055
vn -0.0401 0.9992 0.0005
vn -0.0343 0.8621 0.5055
vn -0.1310 0.8845 0.4478
vn -0.4682 0.8507 0.2390
vn -0.7963 0.5984 -0.0884
vn -0.7963 0.5984 0.0884
vn -0.8378 0.5460 0.0005
vn -0.9341 0.3570 -0.0000
vn -0.9341 0.3571 0.0005
vn -0.9333 0.3591 0.0005
vn -0.9363 0.3513 0.0005
vn -0.9363 0.3513 0.0003
vn -0.9363 0.3513 0.0007
vn 0.2255 -0.9069 -0.3560
vn -0.0626 -0.9760 -0.2085
vn 0.2549 -0.9670 0.0006
vn -0.0176 -0.9998 0.0005
vn -0.0626 -0.9760 0.2087
vn -0.1016 -0.9948 0.0005
vn 0.2256 -0.9069 0.3559
vn -0.0128 -0.9585 0.2847
vn -0.0128 -0.9585 -0.2847
vn 0.2255 -0.9069 -0.3559
vn 0.2255 -0.9068 -0.3560
vn 0.1709 -0.3289 -0.9288
vn 0.1504 -0.7588 -0.6337
vn -0.0470 -0.8786 -0.4752
vn -0.0626 -0.9760 -0.2087
vn 0.2256 -0.9068 0.3560
vn 0.1710 -0.3289 0.9287
vn 0.1504 -0.7588 0.6337
vn 0.2255 -0.9068 0.3561
vn -0.0470 -0.8786 0.4752
vn -0.0626 -0.9760 0.2088
vn -0.1016 -0.9948 0.0004
vn -0.3000 -0.9539 0.0005
vn -0.5725 -0.8199 0.0005
vn -0.2924 -0.9563 0.0005
vn -0.1017 -0.9948 0.0005
vn -0.5725 -0.8199 0.0003
vn -0.3000 -0.9539 -0.0000
vn -0.5725 -0.8199 -0.0000
vn -0.0128 -0.9586 -0.2846
vn 0.2677 -0.2800 -0.9219
vn 0.1709 -0.3289 0.9288
vn 0.2677 -0.2800 0.9219
vn -0.0627 -0.9760 -0.2087
vn -0.5274 -0.8307 -0.1783
vn -0.0627 -0.9760 0.2087
vn -0.5274 -0.8307 0.1783
vn -0.0001 -1.0000 0.0005
vn -0.2923 -0.9563 0.0005
vn -0.0000 -1.0000 -0.0000
vn -0.3000 -0.9540 0.0005
vn -0.2923 -0.9563 -0.0000
vn 0.1988 0.4582 -0.8663
vn 0.1856 0.4314 -0.8829
vn 0.2032 0.4158 -0.8865
vn 0.2113 0.3275 -0.9209
vn 0.2109 0.3279 -0.9209
vn 0.2009 0.4391 -0.8757
vn 0.1817 0.4187 -0.8898
vn 0.1846 0.3922 -0.9012
vn 0.1759 0.2214 -0.9592
vn 0.1641 0.2097 -0.9639
vn 0.1758 0.2008 -0.9637
vn 0.1817 0.4187 0.8898
vn 0.1985 0.4581 0.8665
vn 0.1856 0.4314 0.8829
vn 0.1758 0.2214 0.9592
vn 0.1641 0.2097 0.9639
vn 0.1846 0.3922 0.9012
vn 0.1758 0.2008 0.9637
vn 0.2009 0.4391 0.8757
vn 0.2033 0.4161 0.8863
vn 0.2109 0.3278 0.9209
vn 0.2109 0.3279 0.9209
vn -0.0645 -0.2017 -0.9773
vn -0.0343 -0.1549 -0.9873
vn -0.0323 -0.1471 -0.9886
vn -0.0626 -0.2037 -0.9770
vn 0.1709 -0.3288 -0.9288
vn 0.0136 -0.0689 -0.9975
vn -0.0645 -0.2017 0.9773
vn -0.0343 -0.1549 0.9873
vn -0.0626 -0.2037 0.9770
vn -0.0324 -0.1471 0.9886
vn 0.0136 -0.0689 0.9975
vn 0.1709 -0.3287 0.9288
vn -0.0323 -0.1471 0.9886
vn -0.0626 -0.2036 -0.9770
vn -0.0821 -0.1909 -0.9782
vn -0.0646 -0.2018 -0.9773
vn -0.0626 -0.2036 0.9770
vn -0.0821 -0.1909 0.9782
vn -0.0645 -0.2018 0.9773
vn 0.0234 -0.0435 -0.9988
vn 0.0283 -0.0542 -0.9981
vn 0.0234 -0.0435 0.9988
vn 0.0283 -0.0542 0.9981
vn 0.1708 -0.3288 0.9288
vn -0.0001 0.0005 -1.0000
vn 0.0038 -0.0083 -1.0000
vn -0.0001 0.0006 -1.0000
vn 0.0117 -0.0220 -0.9997
vn -0.0001 0.0005 1.0000
vn 0.0038 -0.0083 1.0000
vn -0.0001 0.0006 1.0000
vn 0.0116 -0.0220 0.9997
vn 0.0195 -0.0357 -0.9992
vn 0.2677 -0.2798 -0.9220
vn 0.0195 -0.0357 0.9992
vn 0.0117 -0.0220 0.9997
vn 0.2676 -0.2799 0.9220
vn 0.1709 -0.3288 0.9288
vn -0.2805 -0.9599 0.0005
vn -0.5924 -0.7610 -0.2645
vn -0.2864 -0.9081 -0.3054
vn -0.1117 -0.9418 -0.3171
vn -0.1174 -0.9931 0.0004
vn -0.1117 -0.9418 0.3171
vn -0.2864 -0.9082 0.3053
vn -0.5924 -0.7611 0.2643
vn -0.5815 -0.8135 0.0005
vn -0.3860 -0.9225 0.0004
vn -0.5275 -0.8307 -0.1782
vn -0.5275 -0.8307 0.1782
vn -0.0627 -0.9760 -0.2086
vn -0.0627 -0.9760 0.2086
vn -0.0177 -0.9998 0.0005
vn 0.6723 0.7403 0.0004
vn 0.8185 0.5745 -0.0000
vn 0.8393 0.5437 -0.0000
vn 0.6645 0.7473 -0.0000
vn 0.6759 0.7370 0.0006
vn 0.6721 0.7405 -0.0000
vn 0.6646 0.7472 0.0003
vn 0.8393 0.5437 0.0005
vn 0.9215 0.3884 0.0005
vn 0.9215 0.3884 0.0003
vn 0.9215 0.3885 0.0004
vn 0.0585 0.1334 -0.9893
vn 0.0439 0.1470 -0.9882
vn 0.0488 0.1463 -0.9880
vn 0.0660 0.1371 -0.9884
vn 0.0859 0.1187 -0.9892
vn 0.0869 0.1197 -0.9890
vn 0.0634 0.1099 -0.9919
vn 0.1064 0.1353 -0.9851
vn 0.1328 0.1500 -0.9797
vn 0.0655 0.1372 0.9884
vn 0.0585 0.1334 0.9893
vn 0.0439 0.1470 0.9882
vn 0.0488 0.1460 0.9881
vn 0.0859 0.1187 0.9892
vn 0.0869 0.1197 0.9890
vn 0.0634 0.1099 0.9919
vn 0.1064 0.1353 0.9851
vn 0.1328 0.1500 0.9797
vn 0.1152 0.1275 -0.9851
vn 0.1641 0.2096 -0.9639
vn 0.1719 0.1363 -0.9756
vn 0.1152 0.1275 0.9851
vn 0.1719 0.1363 0.9756
vn 0.1641 0.2096 0.9639
vn 0.1083 0.1275 -0.9859
vn 0.1288 0.1148 -0.9850
vn 0.1288 0.1148 0.9850
vn 0.1083 0.1275 0.9859
vn 0.1641 0.2095 -0.9639
vn 0.1376 0.1118 -0.9842
vn 0.1562 0.0952 -0.9831
vn 0.1641 0.2095 0.9639
vn 0.1377 0.1118 0.9841
vn 0.1562 0.0952 0.9831
vn 0.0820 0.1392 -0.9869
vn 0.0713 0.1412 -0.9874
vn 0.0713 0.1412 0.9874
vn 0.0820 0.1392 0.9869
vn 0.0488 0.1460 -0.9881
vn 0.0712 0.1410 0.9874
vn 0.1758 0.2213 -0.9592
vn 0.1695 0.0839 -0.9820
vn 0.1758 0.2007 -0.9638
vn 0.1694 0.0839 -0.9820
vn 0.1758 0.2213 0.9592
vn 0.1758 0.2007 0.9638
vn 0.1695 0.0839 0.9820
vn 0.1697 0.0837 0.9819
vn -0.2852 0.9585 0.0005
vn -0.2726 0.9166 -0.2925
vn -0.6714 0.6661 -0.3249
vn -0.6921 0.7218 0.0005
vn -0.6714 0.6661 0.3249
vn -0.2726 0.9166 0.2925
vn -0.9454 0.3258 0.0005
vn -0.9048 0.3112 -0.2907
vn -0.9048 0.3113 0.2907
vn -0.6633 -0.6631 -0.3468
vn -0.9507 -0.3102 0.0005
vn -0.9031 -0.2948 -0.3123
vn -0.7040 -0.7102 0.0005
vn -0.3011 -0.9536 0.0005
vn -0.2863 -0.9059 -0.3121
vn -0.6637 -0.6630 0.3463
vn -0.9031 -0.2947 0.3123
vn -0.2863 -0.9059 0.3121
vn 0.3233 0.9463 0.0005
vn 0.6704 0.6704 -0.3182
vn 0.3096 0.9060 -0.2885
vn 0.7072 0.7070 0.0003
vn 0.6704 0.6704 0.3182
vn 0.3096 0.9060 0.2885
vn 0.9464 0.3229 0.0005
vn 0.9060 0.3096 -0.2885
vn 0.9060 0.3096 0.2885
vn 0.3233 -0.9463 0.0005
vn 0.3096 -0.9060 -0.2885
vn 0.6672 -0.6717 -0.3219
vn 0.7189 -0.6951 0.0005
vn 0.6672 -0.6717 0.3219
vn 0.3096 -0.9060 0.2885
vn 0.9565 -0.2917 0.0005
vn 0.9153 -0.2789 -0.2906
vn 0.9153 -0.2789 0.2906
vt 0.625000 0.750000
vt 0.375000 0.875000
vt 0.375000 1.000000
vt 0.375000 0.761291
vt 0.374792 0.761227
vt 0.381490 0.760863
vt 0.385029 0.875000
vt 0.384271 0.983672
vt 0.375000 0.750000
vt 0.375000 0.760400
vt 0.546088 0.750000
vt 0.406329 1.000000
vt 0.429058 0.875000
vt 0.452466 0.756179
vt 0.400454 1.000000
vt 0.438684 0.754307
vt 0.380737 0.760662
vt 0.467839 0.754127
vt 0.457227 0.750000
vt 0.465358 0.750000
vt 0.485041 0.751141
vt 0.459656 0.752179
vt 0.529028 1.000000
vt 0.546088 1.000000
vt 0.510841 1.000000
vt 0.399176 1.000000
vt 0.453294 1.000000
vt 0.490504 0.753668
vt 0.546088 0.806414
vt 0.477189 0.754547
vt 0.462691 0.755011
vt 0.486160 0.753479
vt 0.503546 0.752095
vt 0.546088 0.875000
vt 0.501303 0.782383
vt 0.471095 0.753693
vt 0.521129 0.751229
vt 0.000000 0.000000
s 1
f 1186/281/695 1187/281/696 1188/281/697
f 1187/281/696 1186/281/695 1189/281/698
f 1186/281/695 1190/281/699 1189/281/698
f 1189/281/698 1190/281/699 1191/281/700
f 1190/281/699 1192/281/701 1191/281/700
f 1192/281/701 1190/281/699 1193/281/702
f 1193/281/702 1194/281/703 1192/281/701
f 1194/281/703 1193/281/702 1195/281/704
f 1196/281/705 1197/281/706 1198/281/707
f 1198/281/707 1199/281/708 1196/281/705
f 1196/281/705 1200/281/709 1197/281/706
f 1201/281/710 1197/281/706 1200/281/709
f 1197/281/706 1201/281/710 1202/281/711
f 1197/281/706 1202/281/711 1203/281/712
f 1203/281/712 1198/281/707 1197/281/706
f 1198/281/707 1203/281/712 1204/281/713
f 1199/281/708 1198/281/707 1205/281/714
f 1198/281/707 1204/281/713 1206/281/715
f 1205/281/714 1198/281/707 1207/281/716
f 1207/281/716 1198/281/707 1206/281/715
f 1205/281/714 1207/281/716 1208/281/717
f 1207/281/716 1206/281/715 1209/281/718
f 1208/281/717 1207/281/716 1210/281/719
f 1210/281/719 1207/281/716 1209/281/718
f 1210/281/719 1211/281/720 1208/281/717
f 1208/281/717 1211/281/720 1212/281/721
f 1210/281/719 1209/281/718 1213/281/721
f 1209/281/718 1214/281/722 1213/281/721
f 1215/282/723 1216/283/724 1217/282/725
f 1216/283/724 1218/283/726 1217/282/725
f 1217/282/725 1218/283/726 1219/283/727
f 1215/282/723 1217/282/725 1220/284/728
f 1217/282/725 1219/283/727 1221/282/729
f 1220/284/728 1217/282/725 1221/282/729
f 1220/284/728 1221/282/729 1222/285/730
f 1223/285/731 1224/282/732 1225/284/728
f 1226/282/733 1227/285/731 1228/286/734
f 1228/286/734 1229/287/735 1226/282/733
f 1230/288/736 1231/282/733 1229/287/735
f 1231/282/733 1230/288/736 1232/283/737
f 1233/282/738 1234/286/739 1235/285/730
f 1236/287/740 1234/286/739 1233/282/738
f 1237/282/741 1238/288/742 1236/287/740
f 1238/288/742 1237/282/741 1239/283/743
f 1240/284/744 1241/289/745 1242/290/746
f 1243/289/747 1242/290/746 1241/289/745
f 1244/284/748 1245/290/749 1246/285/731
f 1247/289/750 1248/284/728 1249/290/751
f 1249/290/751 1248/284/728 1250/285/730
f 1247/289/750 1249/290/751 1251/289/747
f 1252/286/734 1253/285/752 1254/290/753
f 1255/286/754 1256/290/755 1257/285/730
f 1258/283/756 1259/288/736 1260/283/757
f 1261/283/758 1262/283/759 1263/288/742
f 1264/289/760 1265/289/761 1266/289/762
f 1265/289/761 1267/289/763 1266/289/762
f 1266/289/762 1267/289/763 1268/289/764
f 1266/289/762 1268/289/764 1269/289/760
f 1266/289/762 1270/289/760 1264/289/760
f 1270/289/760 1266/289/762 1269/289/760
f 1271/289/760 1264/289/760 1270/289/760
f 1270/289/760 1269/289/760 1272/289/760
f 1273/291/765 1274/291/766 1275/291/767
f 1275/291/767 1276/291/768 1273/291/765
f 1277/291/769 1276/291/768 1275/291/767
f 1278/291/770 1277/291/769 1275/291/767
f 1274/291/766 1278/291/770 1275/291/767
f 1274/291/766 1273/291/765 1279/291/771
f 1278/291/770 1274/291/766 1280/291/772
f 1279/291/771 1281/291/773 1274/291/766
f 1281/291/773 1280/291/772 1274/291/766
f 1281/291/773 1279/291/771 1282/291/774
f 1280/291/772 1281/291/773 1283/291/775
f 1284/291/776 1285/291/777 1286/291/778
f 1284/291/776 1287/291/779 1288/291/780
f 1287/291/779 1284/291/776 1286/291/778
f 1289/291/781 1287/291/779 1286/291/778
f 1287/291/779 1289/291/781 1290/291/782
f 1286/291/778 1291/291/783 1289/291/781
f 1286/291/778 1285/291/777 1292/291/784
f 1291/291/783 1286/291/778 1292/291/784
f 1285/291/777 1293/291/785 1292/291/784
f 1291/291/783 1292/291/784 1294/291/786
f 1292/291/784 1293/291/785 1294/291/786
f 1295/292/787 1296/287/788 1297/293/789
f 1296/287/788 1295/292/787 1298/288/790
f 1299/286/791 1297/293/789 1300/287/788
f 1297/293/789 1299/286/791 1301/294/792
f 1302/292/793 1303/287/794 1304/288/795
f 1303/287/794 1302/292/793 1305/293/796
f 1306/294/797 1307/286/798 1305/293/799
f 1305/293/799 1307/286/798 1308/287/794
f 1309/288/800 1310/295/801 1311/283/801
f 1310/295/801 1309/288/800 1312/292/802
f 1313/288/803 1314/283/804 1315/295/804
f 1313/288/803 1315/295/804 1316/292/805
f 1317/296/806 1318/294/792 1319/297/791
f 1318/294/792 1317/296/806 1320/298/807
f 1321/296/808 1322/294/797 1323/298/809
f 1322/294/797 1321/296/808 1324/297/810
f 1325/289/811 1326/291/811 1327/299/812
f 1326/291/811 1328/291/813 1327/299/812
f 1327/299/812 1329/289/814 1325/289/811
f 1325/289/811 1330/291/811 1326/291/811
f 1330/291/811 1325/289/811 1331/289/811
f 1332/300/812 1333/291/811 1334/301/811
f 1335/291/815 1336/289/815 1337/299/816
f 1337/299/816 1338/291/817 1335/291/815
f 1336/289/815 1339/289/818 1337/299/816
f 1340/291/815 1336/289/815 1335/291/815
f 1336/289/815 1340/291/815 1341/289/815
f 1342/300/816 1343/301/815 1344/291/815
f 1345/289/814 1346/302/819 1347/296/806
f 1346/302/819 1345/289/814 1348/299/812
f 1349/290/820 1345/289/814 1347/296/806
f 1349/290/820 1347/296/806 1350/297/791
f 1351/302/821 1352/289/822 1353/296/808
f 1352/289/822 1351/302/821 1354/299/816
f 1352/289/822 1355/290/823 1353/296/808
f 1353/296/808 1355/290/823 1356/297/824
f 1357/283/825 1358/283/826 1359/283/827
f 1359/283/827 1360/283/828 1357/283/825
f 1360/283/828 1361/283/829 1357/283/825
f 1357/283/825 1361/283/829 1362/283/830
f 1357/283/825 1362/283/830 1363/283/831
f 1364/283/832 1357/283/825 1363/283/831
f 1358/283/826 1357/283/825 1365/283/833
f 1357/283/825 1364/283/832 1365/283/833
f 1358/283/826 1365/283/833 1366/283/834
f 1366/283/834 1365/283/833 1364/283/832
f 1367/283/835 1358/283/826 1366/283/834
f 1366/283/834 1364/283/832 1368/283/836
f 1366/283/834 1369/283/837 1367/283/835
f 1370/283/838 1366/283/834 1368/283/836
f 1369/283/837 1366/283/834 1371/283/839
f 1366/283/834 1370/283/838 1371/283/839
f 1372/281/840 1373/281/841 1374/281/842
f 1375/281/843 1372/281/840 1376/281/843
f 1372/281/840 1375/281/843 1377/281/844
f 1373/281/841 1372/281/840 1377/281/844
f 1378/281/845 1373/281/841 1377/281/844
f 1378/281/845 1377/281/844 1379/281/843
f 1379/281/843 1380/281/846 1378/281/845
f 1373/281/841 1378/281/845 1381/281/847
f 1382/281/848 1374/281/842 1373/281/841
f 1381/281/847 1382/281/848 1373/281/841
f 1374/281/842 1382/281/848 1383/281/849
f 1382/281/848 1381/281/847 1384/281/850
f 1385/303/851 1386/292/852 1387/304/853
f 1386/292/852 1385/303/851 1388/295/854
f 1385/303/851 1389/283/855 1388/295/854
f 1390/305/856 1389/283/855 1385/303/851
f 1390/305/856 1391/283/857 1389/283/855
f 1391/283/857 1392/306/856 1393/283/858
f 1393/283/858 1392/306/856 1394/307/859
f 1394/307/859 1395/283/859 1393/283/858
f 1396/295/860 1397/303/861 1398/292/862
f 1398/292/862 1397/303/861 1399/304/863
f 1397/303/861 1396/295/860 1400/283/864
f 1397/303/861 1400/283/864 1401/305/865
f 1402/283/866 1401/305/865 1400/283/864
f 1402/283/866 1403/283/867 1404/306/865
f 1403/283/867 1405/307/868 1404/306/865
f 1405/307/868 1403/283/867 1406/283/868
f 1407/308/869 1408/291/870 1409/309/871
f 1410/308/872 1411/309/873 1412/291/874
f 1413/310/869 1414/294/875 1415/311/876
f 1416/310/872 1417/311/877 1418/294/878
f 1419/291/879 1420/312/880 1421/313/881
f 1420/312/880 1419/291/879 1422/308/869
f 1423/291/882 1424/312/883 1425/308/872
f 1424/312/883 1423/291/882 1426/313/884
f 1427/314/885 1428/315/869 1429/309/871
f 1427/314/885 1430/293/886 1428/315/869
f 1428/315/869 1430/293/886 1431/294/875
f 1432/294/878 1433/293/887 1434/315/872
f 1433/293/887 1435/314/888 1434/315/872
f 1436/309/873 1434/315/872 1435/314/888
f 1437/304/889 1438/293/886 1439/314/885
f 1438/293/886 1437/304/889 1440/292/852
f 1441/292/862 1442/304/863 1443/293/890
f 1444/314/888 1443/293/890 1442/304/863
f 1445/291/891 1446/316/892 1447/291/893
f 1448/316/894 1449/291/891 1450/317/881
f 1449/291/891 1451/291/870 1450/317/881
f 1452/291/895 1453/291/896 1454/316/897
f 1455/291/895 1456/316/898 1457/317/884
f 1457/317/884 1458/291/874 1455/291/895
f 1459/318/899 1460/318/900 1461/318/901
f 1461/318/901 1462/318/902 1459/318/899
f 1462/318/902 1463/318/903 1459/318/899
f 1464/318/904 1459/318/899 1463/318/903
f 1465/318/905 1462/318/902 1461/318/901
f 1463/318/903 1462/318/902 1465/318/905
f 1466/318/906 1465/318/905 1461/318/901
f 1465/318/905 1467/318/907 1463/318/903
f 1468/318/908 1469/318/909 1470/318/910
f 1469/318/909 1468/318/908 1471/318/911
f 1468/318/908 1472/318/912 1471/318/911
f 1472/318/912 1468/318/908 1473/318/913
f 1474/318/914 1469/318/909 1471/318/911
f 1472/318/912 1474/318/914 1471/318/911
f 1469/318/909 1474/318/914 1475/318/915
f 1474/318/914 1472/318/912 1476/318/916
f 1477/318/917 1478/318/918 1479/318/919
f 1478/318/918 1477/318/917 1480/318/920
f 1477/318/917 1481/318/921 1480/318/920
f 1481/318/921 1477/318/917 1482/318/922
f 1483/318/923 1478/318/918 1480/318/920
f 1481/318/921 1483/318/923 1480/318/920
f 1478/318/918 1483/318/923 1484/318/924
f 1483/318/923 1481/318/921 1485/318/925
f 1486/318/926 1487/318/927 1488/318/928
f 1488/318/928 1489/318/929 1486/318/926
f 1489/318/929 1490/318/930 1486/318/926
f 1491/318/931 1486/318/926 1490/318/930
f 1488/318/928 1492/318/932 1489/318/929
f 1492/318/932 1490/318/930 1489/318/929
f 1492/318/932 1488/318/928 1493/318/933
f 1490/318/930 1492/318/932 1494/318/934
o RenderMesh_97735792287390
v -1.808550 0.094093 -0.015224
v -1.808550 0.070465 -0.019652
v -1.825495 0.078087 0.002683
v -1.808550 0.062625 0.019899
v -1.808550 0.084424 0.025337
v -1.825495 0.078087 0.002683
v -1.707065 0.039519 0.044070
v -1.681213 0.040754 0.086581
v -1.658134 0.110189 0.068405
v -1.658134 0.110189 0.068405
v -1.630278 0.163002 0.049349
v -1.674800 0.139331 0.003715
v -1.641268 0.130624 -0.028859
v -1.611576 0.055069 -0.038804
v -1.674800 0.139331 0.003715
v -1.641268 0.130624 -0.028859
v -1.574507 0.114091 -0.088537
v -1.611576 0.055069 -0.038804
v -1.473948 0.095112 0.098440
v -1.413504 0.173388 0.077320
v -1.438006 0.161969 0.044046
v -1.482085 0.111578 0.018052
v -1.808550 0.070465 -0.019652
v -1.755445 0.028833 -0.008250
v -1.808550 0.055464 -0.002339
v -1.755445 0.061494 -0.045944
v -1.825495 0.078087 0.002683
v -1.808550 0.062625 0.019899
v -1.825495 0.078087 0.002683
v -1.808550 0.094093 -0.015224
v -1.755445 0.128960 0.014427
v -1.755445 0.112933 -0.036304
v -1.808550 0.101455 0.008077
v -1.808550 0.094093 -0.015224
v -1.825495 0.078087 0.002683
v -1.808550 0.084424 0.025337
v -1.808550 0.101455 0.008077
v -1.825495 0.078087 0.002683
v -1.755445 0.128960 0.014427
v -1.755445 0.091883 0.052004
v -1.396396 0.071926 -0.021948
v -1.440101 0.149651 -0.040159
v -1.396029 0.069792 -0.028530
v -1.391934 0.110674 -0.096899
v 0.075384 0.049396 -0.123965
v -0.107642 0.012955 -0.128573
v -0.090570 0.106557 -0.146741
v -0.269443 0.116672 -0.176453
v -0.269443 -0.027875 -0.127156
v -0.410718 0.100133 -0.184984
v 0.059590 -0.009808 -0.111899
v 0.052862 -0.035556 -0.067953
v -0.114876 -0.026133 -0.067953
v 0.189340 -0.049225 -0.067953
v -0.269443 -0.082635 0.002683
v 0.196162 -0.035346 -0.098233
v 0.212036 -0.003473 -0.105244
v 0.307662 -0.084587 -0.067953
v -0.410718 -0.110474 0.002683
v 0.313070 -0.078181 -0.089660
v 0.325599 -0.063495 -0.093462
v 0.348709 -0.113833 -0.068270
v -0.410718 -0.053897 -0.135101
v -0.463160 -0.053897 -0.135101
v -0.485775 0.090163 -0.184984
v 0.360197 -0.100279 -0.093742
v 0.352160 -0.109714 -0.089965
v 0.365042 -0.113856 -0.068369
v 0.369539 -0.108500 -0.091010
v 0.369539 -0.108500 -0.091010
v 0.373923 -0.103496 -0.068285
v 0.368151 -0.091024 -0.089046
v 0.369539 -0.108500 -0.091010
v 0.371162 -0.087611 -0.081318
v 0.325599 -0.063495 -0.093462
v 0.337970 -0.049080 -0.088789
v 0.342618 -0.043753 -0.081069
v 0.227748 0.027845 -0.096624
v 0.212036 -0.003473 -0.105244
v 0.233689 0.039453 -0.081069
v 0.075384 0.049396 -0.123965
v 0.097121 0.129224 -0.081069
v 0.091096 0.107608 -0.109133
v -0.090570 0.106557 -0.146741
v -0.066960 0.236723 -0.081756
v -0.073540 0.203578 -0.124599
v -0.269443 0.116672 -0.176453
v -0.269442 0.235752 -0.119406
v -0.269442 0.284663 0.002683
v -0.066963 0.236723 0.086435
v -0.269442 0.225200 0.138861
v -0.073540 0.203578 0.129966
v -0.090570 0.106557 0.152108
v -0.269442 0.103877 0.185448
v 0.091096 0.107608 0.114499
v -0.066960 0.236723 0.087122
v 0.075384 0.049396 0.129332
v 0.097121 0.129224 0.086435
v 0.227748 0.027845 0.101991
v 0.212036 -0.003473 0.110610
v 0.233689 0.039453 0.086435
v 0.325599 -0.063495 0.098828
v 0.342618 -0.043753 0.086435
v 0.337970 -0.049080 0.094154
v 0.371162 -0.087611 0.086685
v 0.368151 -0.091024 0.094413
v 0.373923 -0.103496 0.073651
v 0.369539 -0.108500 0.096376
v 0.365042 -0.113856 0.073735
v 0.360197 -0.100279 0.099109
v 0.369539 -0.108500 0.096376
v 0.352160 -0.109714 0.095332
v 0.369539 -0.108500 0.096376
v 0.348709 -0.113833 0.073634
v 0.313070 -0.078181 0.095026
v 0.325599 -0.063495 0.098828
v 0.307662 -0.084587 0.073319
v 0.212036 -0.003473 0.110610
v 0.196162 -0.035346 0.103597
v 0.189340 -0.049225 0.073319
v 0.075384 0.049396 0.129332
v 0.059590 -0.009808 0.117265
v 0.052862 -0.035556 0.073319
v -0.107642 0.012955 0.133940
v -0.114876 -0.026133 0.073319
v -0.090570 0.106557 0.152108
v -0.269442 0.103877 0.185448
v -0.269442 -0.033911 0.130293
v -0.114876 -0.026133 0.073471
v -1.611576 0.055069 -0.038804
v -1.517663 0.069483 -0.112445
v -1.562747 0.004784 -0.042910
v -1.574507 0.114091 -0.088537
v -1.681213 0.040754 0.086581
v -1.604334 0.079022 0.109401
v -1.658134 0.110189 0.068405
v -1.808550 0.094093 -0.015224
v -1.755445 0.061494 -0.045944
v -1.808550 0.070465 -0.019652
v -1.755445 0.112933 -0.036304
v -1.808550 0.062625 0.019899
v -1.755445 0.091883 0.052004
v -1.808550 0.084424 0.025337
v -1.755445 0.044421 0.040165
v -1.481505 0.107389 0.015770
v -1.473948 0.095112 0.098440
v -1.482085 0.111578 0.018052
v -1.498676 0.029941 0.077559
v -1.473948 0.095112 0.098440
v -1.422636 -0.009297 0.094554
v -1.349091 0.069191 0.134215
v -1.290968 -0.025545 -0.088161
v -1.384834 0.049539 -0.038485
v -1.325201 0.031352 -0.119077
v -1.331671 -0.012535 -0.025577
v -1.498676 0.029941 0.077559
v -1.492877 -0.033530 0.019563
v -1.422636 -0.009297 0.094554
v -1.545855 0.041380 0.041236
v -1.348544 0.212619 -0.001882
v -1.438006 0.161969 0.044046
v -1.413504 0.173388 0.077320
v -1.440101 0.149651 -0.040159
v -1.630278 0.163002 0.049349
v -1.553612 0.190433 0.000347
v -1.674800 0.139331 0.003715
v -1.755445 0.044421 0.040165
v -1.808550 0.062625 0.019899
v -1.755445 0.028833 -0.008250
v -1.671490 0.005312 0.007513
v -1.581503 -0.011176 0.053251
v -1.681213 0.040754 0.086581
v -1.707065 0.039519 0.044070
v -1.674800 0.139331 0.003715
v -1.553612 0.190433 0.000347
v -1.641268 0.130624 -0.028859
v -1.171991 0.087445 -0.034058
v -1.148272 0.063022 -0.130100
v -1.160290 0.057767 -0.047937
v -1.204099 0.172985 -0.064886
v -1.133237 0.236215 -0.001158
v -1.225721 0.173375 -0.018512
v -1.189216 0.188495 0.100339
v -1.255000 0.146607 0.038354
v -1.289756 0.011658 0.096431
v -1.296301 0.068139 0.024439
v -1.315031 -0.023207 0.031291
v -1.290557 0.073786 0.040613
v -1.229616 -0.070126 0.004627
v -1.289756 0.011658 0.096431
v -1.167071 -0.033563 0.108022
v -1.101998 -0.035564 -0.094922
v -1.160290 0.057767 -0.047937
v -1.148272 0.063022 -0.130100
v -1.142717 0.014488 -0.032136
v -1.469829 0.171438 -0.064358
v -1.574507 0.114091 -0.088537
v -1.553612 0.190433 0.000347
v -1.641268 0.130624 -0.028859
v -1.755445 0.028833 -0.008250
v -1.671490 0.005312 0.007513
v -1.707065 0.039519 0.044070
v -1.171991 0.087445 -0.034058
v -1.225721 0.173375 -0.018512
v -1.204099 0.172985 -0.064886
v -1.177971 0.094417 -0.014671
v -1.229616 -0.070126 0.004627
v -1.331671 -0.012535 -0.025577
v -1.290968 -0.025545 -0.088161
v -1.315031 -0.023207 0.031291
v -1.280699 0.181181 -0.093958
v -1.391934 0.110674 -0.096899
v -1.348544 0.212619 -0.001882
v -1.440101 0.149651 -0.040159
v -1.517663 0.069483 -0.112445
v -1.439100 -0.002621 -0.090060
v -1.562747 0.004784 -0.042910
v -1.325201 0.031352 -0.119077
v -1.384834 0.049539 -0.038485
v -1.391934 0.110674 -0.096899
v -1.396029 0.069792 -0.028530
v -1.325201 0.031352 -0.119077
v -1.280699 0.181181 -0.093958
v -1.213842 0.090246 -0.138250
v -1.492877 -0.033530 0.019563
v -1.562747 0.004784 -0.042910
v -1.439100 -0.002621 -0.090060
v -1.362046 -0.039453 -0.018990
v -1.492877 -0.033530 0.019563
v -1.556275 0.048394 0.028047
v -1.545855 0.041380 0.041236
v -1.101998 -0.035564 -0.094922
v -1.052492 -0.084228 0.010266
v -1.094364 -0.045944 -0.019074
v -1.142717 0.014488 -0.032136
v -1.630278 0.163002 0.049349
v -1.658134 0.110189 0.068405
v -1.604334 0.079022 0.109401
v -1.517239 0.133775 0.094621
v -1.242007 0.092374 0.134773
v -1.290557 0.073786 0.040613
v -1.289756 0.011658 0.096431
v -1.276777 0.102270 0.054198
v -1.167071 -0.033563 0.108022
v -1.242007 0.092374 0.134773
v -1.105639 0.068190 0.156338
v -1.075794 0.195551 -0.113374
v -1.204099 0.172985 -0.064886
v -1.133237 0.236215 -0.001158
v -1.225721 0.173375 -0.018512
v -1.073443 -0.020576 0.074051
v -1.094364 -0.045944 -0.019074
v -1.052492 -0.084228 0.010266
v -1.000756 -0.041049 0.127311
v -1.276777 0.102270 0.054198
v -1.189216 0.188495 0.100339
v -1.255000 0.146607 0.038354
v -1.242007 0.092374 0.134773
v -1.105639 0.068190 0.156338
v -1.189216 0.188495 0.100339
v -1.047163 0.173804 0.118495
v -1.148272 0.063022 -0.130100
v -1.204099 0.172985 -0.064886
v -1.075794 0.195551 -0.113374
v -1.018413 0.083402 -0.165645
v -1.574449 0.003448 -0.048704
v -1.671490 0.005312 0.007513
v -1.665540 0.037046 -0.056688
v -1.755445 0.028833 -0.008250
v -0.993002 0.220097 0.020037
v -1.017710 0.131432 0.032188
v -1.028929 0.160278 0.108018
v -1.001274 0.152801 -0.014535
v -1.056547 0.061287 0.127824
v -1.073443 -0.020576 0.074051
v -1.000756 -0.041049 0.127311
v -0.947846 0.078459 0.182226
v -1.001274 0.152801 -0.014535
v -0.950730 0.200247 -0.081757
v -0.980627 0.130601 -0.073946
v -0.993002 0.220097 0.020037
v -0.410718 -0.110474 0.002683
v -0.269442 -0.033911 0.130293
v -0.410717 -0.065687 0.130554
v -1.056547 0.061287 0.127824
v -0.947846 0.078459 0.182226
v -1.028929 0.160278 0.108018
v -0.894713 0.206143 0.134774
v -1.755445 0.128960 0.014427
v -1.674800 0.139331 0.003715
v -1.755445 0.112933 -0.036304
v -0.269442 -0.033911 0.130293
v -0.410718 -0.110474 0.002683
v -0.269443 -0.082635 0.002683
v -1.473948 0.095112 0.098440
v -1.349091 0.069191 0.134215
v -1.413504 0.173388 0.077320
v -1.278093 0.155102 0.105577
v -0.993002 0.220097 0.020037
v -0.894713 0.206143 0.134774
v -0.842190 0.263869 0.008408
v -1.028929 0.160278 0.108018
v -1.674800 0.139331 0.003715
v -1.586760 0.096608 -0.073958
v -1.668331 0.107767 -0.056350
v -1.665540 0.037046 -0.056688
v -1.668331 0.107767 -0.056350
v -1.755445 0.061494 -0.045944
v -1.665540 0.037046 -0.056688
v -1.755445 0.028833 -0.008250
v -0.980627 0.130601 -0.073946
v -0.903656 0.105921 -0.152782
v -0.962457 0.079925 -0.096987
v -0.950730 0.200247 -0.081757
v -0.950730 0.200247 -0.081757
v -0.842190 0.263869 0.008408
v -0.790977 0.214895 -0.122528
v -0.993002 0.220097 0.020037
v -0.739352 0.263604 0.015721
v -0.642911 0.220176 0.137794
v -0.595629 0.284164 0.000125
v -0.778875 0.214741 0.120813
v -1.674800 0.139331 0.003715
v -1.668331 0.107767 -0.056350
v -1.755445 0.112933 -0.036304
v -1.755445 0.061494 -0.045944
v -1.674800 0.139331 0.003715
v -1.755445 0.128960 0.014427
v -1.755445 0.091883 0.052004
v -1.658134 0.110189 0.068405
v -1.642932 0.106261 0.064575
v -1.674800 0.139331 0.003715
v -1.707065 0.039519 0.044070
v -1.755445 0.091883 0.052004
v -1.148272 0.063022 -0.130100
v -1.018413 0.083402 -0.165645
v -1.101998 -0.035564 -0.094922
v -0.962382 -0.034406 -0.122542
v -0.950730 0.200247 -0.081757
v -0.790977 0.214895 -0.122528
v -0.903656 0.105921 -0.152782
v -0.741647 0.088343 -0.180036
v -0.410717 -0.065687 0.130554
v -0.691272 0.079373 0.188624
v -0.740319 -0.065687 0.144575
v -0.410717 0.093851 0.188624
v -0.269442 -0.033911 0.130293
v -0.269442 0.103877 0.185448
v -0.822187 0.089048 0.169522
v -0.691272 0.079373 0.188624
v -0.778875 0.214741 0.120813
v -0.642911 0.220176 0.137794
v -0.936188 0.004622 -0.080026
v -0.962457 0.079925 -0.096987
v -0.903656 0.105921 -0.152782
v -0.854973 -0.017322 -0.135152
v -0.703874 0.226008 -0.106206
v -0.546554 0.228642 -0.127130
v -0.657625 0.082890 -0.181986
v -0.485775 0.090163 -0.184984
v -0.610677 -0.058842 -0.131048
v -0.463160 -0.053897 -0.135101
v -0.569330 -0.111965 -0.010188
v -0.410718 -0.110474 0.002683
v -0.657625 0.082890 -0.181986
v -0.485775 0.090163 -0.184984
v -0.610677 -0.058842 -0.131048
v -0.463160 -0.053897 -0.135101
v -0.569330 -0.111965 -0.010188
v -0.410717 -0.065687 0.130554
v -0.740319 -0.065687 0.144575
v -0.822187 0.089048 0.169522
v -0.858257 -0.044566 0.105116
v -0.740319 -0.065687 0.144575
v -0.691272 0.079373 0.188624
v -0.790977 0.214895 -0.122528
v -0.730315 0.210434 0.019900
v -0.696037 0.176294 -0.071407
v -0.842190 0.263869 0.008408
v -1.755445 0.044421 0.040165
v -1.707065 0.039519 0.044070
v -1.755445 0.091883 0.052004
v -1.755445 0.028833 -0.008250
v -1.707065 0.039519 0.044070
v -0.741647 0.088343 -0.180036
v -0.790977 0.214895 -0.122528
v -0.696037 0.176294 -0.071407
v -0.665837 0.094522 -0.108579
v -0.410717 0.093851 0.188624
v -0.642911 0.220176 0.137794
v -0.691272 0.079373 0.188624
v -0.410717 0.220176 0.137794
v -0.269442 0.103877 0.185448
v -0.269442 0.225200 0.138861
v -0.595629 0.284164 0.000125
v -0.410717 0.284164 0.000125
v -0.546554 0.228642 -0.127130
v -0.410717 0.228642 -0.127130
v -0.485775 0.090163 -0.184984
v -0.410718 0.100133 -0.184984
v -0.410717 -0.065687 0.130554
v -0.569330 -0.111965 -0.010188
v -0.410718 -0.110474 0.002683
v -0.842190 0.263869 0.008408
v -0.768801 0.166851 0.115286
v -0.730315 0.210434 0.019900
v -0.894713 0.206143 0.134774
v -0.650296 -0.094605 -0.010422
v -0.740319 -0.065687 0.144575
v -0.804124 -0.105009 -0.029363
v -0.904933 -0.046213 -0.006095
v -0.936188 0.004622 -0.080026
v -0.854973 -0.017322 -0.135152
v -0.804124 -0.105009 -0.029363
v -0.903656 0.105921 -0.152782
v -0.741647 0.088343 -0.180036
v -0.854973 -0.017322 -0.135152
v -0.694646 -0.039668 -0.131884
v -0.741647 0.088343 -0.180036
v -0.639478 0.017582 -0.079652
v -0.665837 0.094522 -0.108579
v -0.854973 -0.017322 -0.135152
v -0.694646 -0.039668 -0.131884
v -0.804124 -0.105009 -0.029363
v -0.650296 -0.094605 -0.010422
v -0.694646 -0.039668 -0.131884
v -0.616649 -0.013278 -0.012867
v -0.639478 0.017582 -0.079652
v -1.101998 -0.035564 -0.094922
v -0.962382 -0.034406 -0.122542
v -1.052492 -0.084228 0.010266
v -0.908734 -0.086782 -0.009321
v -0.858257 -0.044566 0.105116
v -0.904933 -0.046213 -0.006095
v -0.804124 -0.105009 -0.029363
v -0.740319 -0.065687 0.144575
v -0.703874 0.226008 -0.106206
v -0.595629 0.284164 0.000125
v -0.546554 0.228642 -0.127130
v -0.739352 0.263604 0.015721
v -0.703874 0.226008 -0.106206
v -0.789824 0.185417 0.012526
v -0.769284 0.164215 -0.077160
v -0.947846 0.078459 0.182226
v -0.811499 0.062185 0.154175
v -0.894713 0.206143 0.134774
v -0.768801 0.166851 0.115286
v -1.517663 0.069483 -0.112445
v -1.574507 0.114091 -0.088537
v -1.469829 0.171438 -0.064358
v -1.391934 0.110674 -0.096899
v 0.373923 -0.103496 -0.068285
v 0.365042 -0.113856 0.073735
v 0.365042 -0.113856 -0.068369
v 0.373923 -0.103496 0.073651
v 0.371162 -0.087611 -0.081318
v 0.371162 -0.087611 0.086685
v 0.348709 -0.113833 0.073634
v 0.348709 -0.113833 -0.068270
v 0.307662 -0.084587 -0.067953
v 0.307662 -0.084587 0.073319
v -1.213960 0.193869 0.027315
v -1.348544 0.212619 -0.001882
v -1.278093 0.155102 0.105577
v -1.413504 0.173388 0.077320
v -0.740319 -0.065687 0.144575
v -0.650296 -0.094605 -0.010422
v -0.569330 -0.111965 -0.010188
v -0.650296 -0.094605 -0.010422
v -0.694646 -0.039668 -0.131884
v -0.610677 -0.058842 -0.131048
v -0.569330 -0.111965 -0.010188
v -0.694646 -0.039668 -0.131884
v -0.744197 0.096798 -0.125330
v -0.657625 0.082890 -0.181986
v -0.610677 -0.058842 -0.131048
v -1.438165 0.162005 0.044170
v -1.553612 0.190433 0.000347
v -1.517239 0.133775 0.094621
v -1.630278 0.163002 0.049349
v -0.703874 0.226008 -0.106206
v -0.657625 0.082890 -0.181986
v -0.744197 0.096798 -0.125330
v -0.769284 0.164215 -0.077160
v -0.817333 0.151251 0.079708
v -0.831726 0.092465 0.088077
v -0.822187 0.089048 0.169522
v -0.778875 0.214741 0.120813
v -1.075794 0.195551 -0.113374
v -0.944058 0.184999 -0.076846
v -1.018413 0.083402 -0.165645
v -0.900836 0.098408 -0.117219
v -0.789824 0.185417 0.012526
v -0.778875 0.214741 0.120813
v -0.739352 0.263604 0.015721
v -0.817333 0.151251 0.079708
v -1.000756 -0.041049 0.127311
v -0.858257 -0.044566 0.105116
v -0.947846 0.078459 0.182226
v -0.811499 0.062185 0.154175
v -0.858257 -0.044566 0.105116
v -0.784371 0.061814 0.072072
v -0.805678 0.007823 0.047237
v 0.307662 -0.084587 -0.067953
v 0.371162 -0.087611 -0.081318
v 0.342618 -0.043753 -0.081069
v 0.348709 -0.113833 -0.068270
v 0.365042 -0.113856 -0.068369
v 0.373923 -0.103496 -0.068285
v -0.848159 0.037264 0.063199
v -0.822187 0.089048 0.169522
v -0.831726 0.092465 0.088077
v -0.858257 -0.044566 0.105116
v -1.325201 0.031352 -0.119077
v -1.213842 0.090246 -0.138250
v -1.290968 -0.025545 -0.088161
v -1.052492 -0.084228 0.010266
v -0.908734 -0.086782 -0.009321
v -1.000756 -0.041049 0.127311
v -0.858257 -0.044566 0.105116
v -0.908734 -0.086782 -0.009321
v -0.805678 0.007823 0.047237
v -0.831882 -0.015817 -0.016905
v -1.290968 -0.025545 -0.088161
v -1.132509 -0.018057 -0.077107
v -1.229616 -0.070126 0.004627
v -1.094364 -0.045944 -0.019074
v -1.604334 0.079022 0.109401
v -1.681213 0.040754 0.086581
v -1.581503 -0.011176 0.053251
v -1.498993 0.029735 0.077614
v -1.213842 0.090246 -0.138250
v -1.132509 -0.018057 -0.077107
v -1.290968 -0.025545 -0.088161
v 0.307662 -0.084587 0.073319
v 0.371162 -0.087611 0.086685
v 0.348709 -0.113833 0.073634
v 0.342618 -0.043753 0.086435
v 0.365042 -0.113856 0.073735
v 0.373923 -0.103496 0.073651
v -0.993002 0.220097 0.020037
v -1.133237 0.236215 -0.001158
v -1.047163 0.173804 0.118495
v -1.189216 0.188495 0.100339
v -1.047163 0.173804 0.118495
v -0.945252 0.141140 0.023878
v -0.970894 0.117225 0.074669
v -0.962382 -0.034406 -0.122542
v -1.018413 0.083402 -0.165645
v -0.900836 0.098408 -0.117219
v -0.863486 0.016804 -0.087379
v -1.075794 0.195551 -0.113374
v -0.993002 0.220097 0.020037
v -0.944058 0.184999 -0.076846
v -1.133237 0.236215 -0.001158
v -0.993002 0.220097 0.020037
v -0.926290 0.125670 -0.018924
v -0.945252 0.141140 0.023878
v -1.229616 -0.070126 0.004627
v -1.094364 -0.045944 -0.019074
v -1.167071 -0.033563 0.108022
v -1.045185 -0.016656 0.063799
v -0.908734 -0.086782 -0.009321
v -0.962382 -0.034406 -0.122542
v -0.863486 0.016804 -0.087379
v -0.831882 -0.015817 -0.016905
v -1.422636 -0.009297 0.094554
v -1.492877 -0.033530 0.019563
v -1.362046 -0.039453 -0.018990
v -1.315031 -0.023207 0.031291
v -1.258311 0.027483 0.096237
v -1.349091 0.069191 0.134215
v -1.422636 -0.009297 0.094554
v -1.574449 0.003448 -0.048704
v -1.586760 0.096608 -0.073958
v -1.540651 0.084342 -0.056937
v -1.665540 0.037046 -0.056688
v -1.581503 -0.011176 0.053251
v -1.671490 0.005312 0.007513
v -1.507546 0.011086 -0.015576
v -1.167071 -0.033563 0.108022
v -1.045185 -0.016656 0.063799
v -1.105639 0.068190 0.156338
v -1.004041 0.053905 0.097329
v -1.439100 -0.002621 -0.090060
v -1.517663 0.069483 -0.112445
v -1.391934 0.110674 -0.096899
v -1.328696 0.051799 -0.078663
v -1.280699 0.181181 -0.093958
v -1.159404 0.168203 -0.047924
v -1.213842 0.090246 -0.138250
v -1.115676 0.106637 -0.077949
v -1.047163 0.173804 0.118495
v -1.105639 0.068190 0.156338
v -1.004041 0.053905 0.097329
v -0.970894 0.117225 0.074669
v -1.379021 0.148361 -0.002590
v -1.469829 0.171438 -0.064358
v -1.438165 0.162005 0.044170
v -1.553612 0.190433 0.000347
v -1.156424 0.106019 0.007807
v -1.213960 0.193869 0.027315
v -1.170596 0.114148 0.031880
v -1.159404 0.168203 -0.047924
v -1.280699 0.181181 -0.093958
v -1.213960 0.193869 0.027315
v -1.348544 0.212619 -0.001882
v -1.517239 0.133775 0.094621
v -1.498993 0.029735 0.077614
v -1.439292 0.068238 0.067335
v -1.604334 0.079022 0.109401
v -1.094364 -0.045944 -0.019074
v -1.132509 -0.018057 -0.077107
v -1.071424 -0.003112 -0.037917
v -1.278093 0.155102 0.105577
v -1.349091 0.069191 0.134215
v -1.258311 0.027483 0.096237
v -1.197230 0.096405 0.067543
v -1.132509 -0.018057 -0.077107
v -1.213842 0.090246 -0.138250
v -1.115676 0.106637 -0.077949
v -1.071424 -0.003112 -0.037917
v -1.362046 -0.039453 -0.018990
v -1.328696 0.051799 -0.078663
v -1.284194 0.029535 -0.035870
v -1.439100 -0.002621 -0.090060
v -1.213960 0.193869 0.027315
v -1.197230 0.096405 0.067543
v -1.170596 0.114148 0.031880
v -1.278093 0.155102 0.105577
v -1.344217 0.119279 -0.018310
v -1.391934 0.110674 -0.096899
v -1.379021 0.148361 -0.002590
v -1.469829 0.171438 -0.064358
v -1.438165 0.162005 0.044170
v -1.439292 0.068238 0.067335
v -1.409422 0.080110 0.046505
v -1.517239 0.133775 0.094621
v -1.498993 0.029735 0.077614
v -1.507546 0.011086 -0.015576
v -1.474453 0.028801 -0.004745
v -1.581503 -0.011176 0.053251
v -1.315031 -0.023207 0.031291
v -1.362046 -0.039453 -0.018990
v -1.284194 0.029535 -0.035870
v -1.258547 0.039278 -0.005384
v -1.562747 0.004784 -0.042910
v -1.556275 0.048394 0.028047
v -1.547961 0.045501 0.029185
v -1.533298 0.085276 -0.051072
v -1.507546 0.011086 -0.015576
v -1.540651 0.084342 -0.056937
v -1.574449 0.003448 -0.048704
v -1.406601 0.078694 0.040767
v -1.379021 0.148361 -0.002590
v -1.409422 0.080110 0.046505
v -1.438165 0.162005 0.044170
v -1.474387 0.031929 -0.005225
v -1.439292 0.068238 0.067335
v -1.474453 0.028801 -0.004745
v -1.498993 0.029735 0.077614
vn -0.5937 0.5330 -0.6029
vn -0.5887 -0.2676 -0.7628
vn -1.0000 -0.0089 0.0037
vn -0.5831 -0.5569 0.5915
vn -0.5878 0.2186 0.7789
vn -1.0000 -0.0089 0.0035
vn -0.7928 0.3866 0.4712
vn -0.6481 0.3874 0.6556
vn -0.3614 0.4727 0.8037
vn -0.7255 0.5379 0.4293
vn -0.5691 0.8112 0.1343
vn -0.6037 0.7327 -0.3140
vn -0.5614 0.4042 -0.7221
vn -0.5956 -0.3047 -0.7433
vn -0.6038 0.7327 -0.3140
vn -0.3662 0.3037 -0.8796
vn -0.5955 -0.3047 -0.7433
vn -0.5384 0.2792 0.7951
vn -0.6562 0.7478 0.1012
vn -0.6346 0.7693 0.0740
vn -0.8807 0.4364 0.1842
vn -0.5886 -0.2676 -0.7628
vn -0.3388 -0.8917 -0.3002
vn -0.5832 -0.7965 -0.1596
vn -0.3309 -0.2823 -0.9005
vn -0.5830 -0.5570 0.5915
vn -0.5936 0.5330 -0.6029
vn -0.2888 0.9340 0.2104
vn -0.2831 0.6571 -0.6986
vn -0.5925 0.7828 0.1900
vn -1.0000 -0.0090 0.0035
vn -0.5925 0.7829 0.1900
vn -1.0000 -0.0089 0.0033
vn -0.2888 0.9340 0.2105
vn -0.2821 0.2615 0.9231
vn -0.8144 -0.4943 -0.3041
vn -0.6058 0.6095 -0.5114
vn -0.8004 -0.4882 -0.3478
vn -0.5497 0.1338 -0.8246
vn 0.0607 -0.2122 -0.9753
vn 0.0803 -0.5415 -0.8369
vn 0.0890 -0.2492 -0.9644
vn 0.1036 -0.2960 -0.9496
vn 0.1553 -0.6649 -0.7306
vn 0.0685 -0.3146 -0.9467
vn -0.0077 -0.5783 -0.8158
vn -0.0780 -0.8583 -0.5071
vn 0.0841 -0.8764 -0.4742
vn -0.1873 -0.8749 -0.4466
vn 0.1983 -0.9797 -0.0287
vn -0.0810 -0.5822 -0.8090
vn 0.0284 -0.2208 -0.9749
vn -0.4246 -0.8300 -0.3616
vn 0.0978 -0.9951 -0.0112
vn -0.2626 -0.5334 -0.8041
vn -0.0615 -0.2024 -0.9774
vn -0.2499 -0.9324 -0.2610
vn 0.0841 -0.6927 -0.7163
vn 0.0138 -0.6739 -0.7387
vn 0.0089 -0.3244 -0.9459
vn 0.0889 -0.0529 -0.9946
vn -0.2060 -0.7493 -0.6294
vn 0.3037 -0.9414 -0.1468
vn 0.3899 -0.6097 -0.6901
vn 0.3899 -0.6096 -0.6902
vn 0.9132 -0.3917 -0.1127
vn 0.3037 -0.9414 -0.1469
vn 0.5765 0.2207 -0.7867
vn 0.0890 -0.0528 -0.9946
vn 0.3897 -0.6098 -0.6901
vn 0.8400 0.2870 -0.4604
vn 0.2081 0.1805 -0.9613
vn 0.4026 0.3623 -0.8406
vn 0.5374 0.5567 -0.6334
vn 0.3333 0.4112 -0.8484
vn 0.1915 0.1727 -0.9662
vn 0.4455 0.6357 -0.6304
vn 0.1984 0.1845 -0.9626
vn 0.4406 0.6641 -0.6040
vn 0.3272 0.4305 -0.8412
vn 0.1524 0.2567 -0.9544
vn 0.2080 0.8941 -0.3967
vn 0.2218 0.5879 -0.7779
vn 0.0548 0.3827 -0.9223
vn 0.0470 0.7225 -0.6898
vn 0.0606 0.9981 0.0133
vn 0.1192 0.9362 0.3306
vn 0.0392 0.6778 0.7342
vn 0.2258 0.5899 0.7753
vn 0.1613 0.2373 0.9580
vn 0.0490 0.3319 0.9420
vn 0.3272 0.4305 0.8412
vn 0.4433 0.6695 0.5960
vn 0.1984 0.1845 0.9626
vn 0.4405 0.6640 0.6042
vn 0.3332 0.4111 0.8485
vn 0.1915 0.1727 0.9662
vn 0.4454 0.6356 0.6306
vn 0.2080 0.1805 0.9613
vn 0.5373 0.5566 0.6336
vn 0.4026 0.3623 0.8406
vn 0.8403 0.2871 0.4598
vn 0.5764 0.2206 0.7868
vn 0.9131 -0.3917 0.1129
vn 0.3898 -0.6097 0.6902
vn 0.3037 -0.9414 0.1470
vn 0.0890 -0.0528 0.9946
vn 0.3898 -0.6097 0.6901
vn -0.2060 -0.7492 0.6295
vn 0.3036 -0.9414 0.1470
vn 0.0889 -0.0529 0.9946
vn -0.2499 -0.9326 0.2603
vn -0.2626 -0.5333 0.8041
vn -0.0615 -0.2023 0.9774
vn -0.4247 -0.8302 0.3610
vn 0.0284 -0.2208 0.9749
vn -0.0810 -0.5821 0.8091
vn -0.1874 -0.8748 0.4467
vn 0.0607 -0.2121 0.9754
vn -0.0077 -0.5781 0.8159
vn -0.0780 -0.8582 0.5073
vn 0.0978 -0.5285 0.8433
vn -0.0546 -0.8450 0.5320
vn 0.1017 -0.2657 0.9587
vn 0.0958 -0.3322 0.9383
vn 0.1553 -0.6815 0.7152
vn 0.2023 -0.8802 0.4294
vn -0.5954 -0.3048 -0.7434
vn -0.4549 -0.4609 -0.7620
vn -0.4491 -0.7755 -0.4437
vn -0.3663 0.3038 -0.8795
vn -0.6480 0.3874 0.6557
vn -0.3262 0.4472 0.8328
vn -0.3308 -0.2822 -0.9005
vn -0.5830 -0.5569 0.5916
vn -0.2820 0.2615 0.9231
vn -0.2617 -0.6533 0.7104
vn -0.9492 0.2869 0.1295
vn -0.5383 0.2792 0.7951
vn -0.5431 -0.3518 0.7624
vn -0.5384 0.2793 0.7951
vn -0.5430 -0.3517 0.7625
vn -0.4072 -0.3731 0.8337
vn -0.2323 0.1473 0.9614
vn -0.6200 -0.7442 -0.2485
vn -0.7471 -0.5423 -0.3843
vn -0.3084 -0.3749 -0.8743
vn -0.5653 -0.8048 -0.1811
vn -0.5430 -0.3518 0.7625
vn -0.2959 -0.9369 0.1862
vn -0.4072 -0.3732 0.8336
vn -0.6249 -0.6007 0.4987
vn -0.4533 0.8246 -0.3384
vn -0.6346 0.7693 0.0738
vn -0.6561 0.7479 0.1012
vn -0.6057 0.6096 -0.5114
vn -0.5691 0.8112 0.1342
vn -0.3390 0.8215 -0.4585
vn -0.6037 0.7328 -0.3140
vn -0.2615 -0.6533 0.7105
vn -0.5830 -0.5569 0.5915
vn -0.3506 -0.8490 0.3952
vn -0.1561 -0.7099 0.6868
vn -0.1649 -0.7179 0.6763
vn -0.3565 -0.8529 0.3815
vn -0.3389 0.8215 -0.4586
vn -0.8889 -0.4114 -0.2016
vn -0.5418 -0.2022 -0.8158
vn -0.8967 -0.4143 -0.1557
vn -0.6600 0.4236 -0.6204
vn -0.4864 0.8526 -0.1908
vn -0.7285 0.6357 -0.2553
vn -0.6708 0.7041 0.2330
vn -0.6716 0.7030 0.2339
vn -0.5813 -0.3462 0.7364
vn -0.9434 0.2138 0.2536
vn -0.5645 -0.7589 0.3248
vn -0.9092 0.2616 0.3239
vn -0.5643 -0.7590 0.3248
vn -0.4170 -0.8820 0.2194
vn -0.5813 -0.3460 0.7364
vn -0.2734 -0.5813 0.7664
vn -0.3984 -0.7395 -0.5426
vn -0.8300 -0.5450 -0.1186
vn -0.1777 0.6250 -0.7601
vn -0.3663 0.3037 -0.8796
vn -0.5615 0.4042 -0.7221
vn -0.3187 -0.8268 0.4635
vn -0.3506 -0.8490 0.3953
vn -0.3564 -0.8529 0.3816
vn -0.7285 0.6357 -0.2554
vn -0.6600 0.4237 -0.6204
vn -0.8329 -0.4669 -0.2971
vn -0.4170 -0.8821 0.2192
vn -0.5653 -0.8048 -0.1810
vn -0.6199 -0.7443 -0.2484
vn -0.5644 -0.7589 0.3247
vn -0.2948 0.5224 -0.8001
vn -0.5497 0.1336 -0.8246
vn -0.4533 0.8246 -0.3386
vn -0.4549 -0.4610 -0.7619
vn -0.2381 -0.8123 -0.5324
vn -0.3084 -0.3751 -0.8742
vn -0.7472 -0.5422 -0.3843
vn -0.5497 0.1337 -0.8246
vn -0.8004 -0.4882 -0.3479
vn -0.2948 0.5223 -0.8002
vn -0.0908 -0.0489 -0.9947
vn -0.0624 -0.9978 -0.0229
vn -0.7053 -0.5872 0.3972
vn -0.6249 -0.6007 0.4986
vn -0.6679 -0.6583 0.3472
vn -0.7203 -0.6824 0.1245
vn -0.8300 -0.5451 -0.1185
vn -0.0957 0.7382 0.6677
vn -0.3261 0.4473 0.8328
vn -0.1064 0.7239 0.6817
vn -0.4189 0.1873 0.8885
vn -0.5814 -0.3461 0.7364
vn -0.8096 0.4305 0.3991
vn -0.5813 -0.3461 0.7364
vn -0.2734 -0.5812 0.7665
vn -0.4189 0.1874 0.8885
vn -0.1493 0.0418 0.9879
vn -0.3756 0.5064 -0.7762
vn -0.6599 0.4237 -0.6205
vn -0.4863 0.8527 -0.1909
vn -0.6052 -0.5186 0.6039
vn -0.7203 -0.6824 0.1247
vn -0.6679 -0.6583 0.3473
vn -0.5528 -0.3889 0.7370
vn -0.8095 0.4306 0.3991
vn -0.6709 0.7040 0.2331
vn -0.6717 0.7029 0.2340
vn -0.4188 0.1874 0.8885
vn -0.1493 0.0419 0.9879
vn -0.0233 0.6786 0.7341
vn 0.2422 0.5515 0.7983
vn -0.5419 -0.2023 -0.8158
vn -0.3756 0.5063 -0.7763
vn -0.2734 -0.0782 -0.9587
vn 0.1036 -0.7389 -0.6658
vn -0.1181 -0.9407 -0.3179
vn -0.1464 -0.4905 -0.8591
vn -0.3387 -0.8917 -0.3002
vn -0.5556 0.8300 -0.0490
vn -0.9457 0.2324 -0.2275
vn -0.5088 0.6180 0.5993
vn -0.8925 0.2880 -0.3470
vn -0.4748 -0.0090 0.8800
vn -0.6052 -0.5185 0.6041
vn -0.5527 -0.3888 0.7371
vn -0.4413 0.1737 0.8804
vn -0.8925 0.2880 -0.3471
vn -0.4542 0.6456 -0.6139
vn -0.7503 0.2139 -0.6255
vn -0.5556 0.8300 -0.0491
vn 0.0977 -0.9952 -0.0110
vn 0.1553 -0.6816 0.7151
vn 0.0822 -0.7355 0.6725
vn -0.4748 -0.0089 0.8800
vn -0.4413 0.1738 0.8804
vn -0.3477 0.7451 0.5691
vn -0.1064 0.9942 -0.0180
vn 0.1553 -0.6815 0.7151
vn 0.0977 -0.9952 -0.0111
vn 0.1984 -0.9797 -0.0287
vn -0.5383 0.2794 0.7951
vn -0.2323 0.1475 0.9614
vn -0.0702 0.6826 0.7274
vn -0.0663 0.6929 0.7180
vn -0.5556 0.8300 -0.0492
vn -0.3476 0.7452 0.5691
vn -0.2733 0.9575 -0.0921
vn -0.5087 0.6182 0.5992
vn -0.0058 0.0546 -0.9985
vn -0.1014 0.5594 -0.8227
vn -0.1465 -0.4905 -0.8590
vn -0.1465 -0.4906 -0.8590
vn -0.7502 0.2138 -0.6257
vn -0.3584 0.0780 -0.9303
vn -0.6425 -0.1349 -0.7543
vn -0.4541 0.6456 -0.6139
vn -0.2732 0.9575 -0.0923
vn -0.2129 0.6427 -0.7360
vn -0.3767 0.9262 -0.0140
vn -0.0566 0.6828 0.7284
vn -0.0556 0.9984 -0.0111
vn -0.4179 0.7090 0.5681
vn -0.1063 0.9942 -0.0180
vn -0.1015 0.5595 -0.8226
vn -0.2831 0.6570 -0.6987
vn 0.0479 0.7271 0.6849
vn 0.3121 0.8937 0.3222
vn -0.1269 -0.5595 0.8190
vn 0.0480 0.7271 0.6849
vn -0.5418 -0.2023 -0.8158
vn -0.2734 -0.0783 -0.9587
vn -0.3984 -0.7396 -0.5425
vn -0.1307 -0.7178 -0.6839
vn -0.2129 0.6426 -0.7360
vn -0.3584 0.0781 -0.9303
vn -0.1444 -0.0235 -0.9892
vn -0.0917 -0.3087 0.9467
vn -0.1376 -0.6928 0.7079
vn 0.0479 -0.3400 0.9392
vn 0.1553 -0.6814 0.7152
vn -0.4208 0.4286 0.7995
vn -0.0683 0.3721 0.9257
vn -0.4179 0.7090 0.5680
vn -0.0566 0.6827 0.7285
vn -0.5623 -0.5985 -0.5706
vn -0.6425 -0.1350 -0.7543
vn -0.2734 -0.5792 -0.7680
vn -0.3310 0.6777 -0.6567
vn -0.0537 0.6965 -0.7156
vn -0.2226 0.3769 -0.8991
vn -0.0468 0.3982 -0.9161
vn -0.1240 -0.7214 -0.6814
vn 0.0137 -0.6740 -0.7386
vn -0.0683 -0.9940 -0.0854
vn 0.0977 -0.9951 -0.0112
vn -0.1767 -0.3039 -0.9362
vn -0.1240 -0.7213 -0.6815
vn 0.0137 -0.6739 -0.7387
vn -0.0682 -0.9940 -0.0853
vn 0.0821 -0.7355 0.6725
vn -0.1377 -0.6928 0.7079
vn -0.5497 -0.1642 0.8191
vn -0.4844 -0.6525 0.5827
vn 0.5257 0.7434 -0.4136
vn 0.4075 0.8928 0.1921
vn 0.5265 0.7412 -0.4164
vn 0.4063 0.8925 0.1959
vn -0.2616 -0.6533 0.7105
vn -0.1269 -0.5596 0.8190
vn -0.2819 0.2615 0.9231
vn -0.1269 -0.5597 0.8190
vn 0.6497 0.2677 -0.7115
vn 0.5257 0.7433 -0.4138
vn 0.5265 0.7412 -0.4165
vn 0.6504 0.2666 -0.7113
vn -0.0116 0.3613 0.9324
vn -0.0126 0.6824 0.7309
vn 0.0489 0.3319 0.9420
vn 0.0391 0.6778 0.7342
vn -0.0097 0.9999 0.0084
vn -0.0536 0.6965 -0.7155
vn -0.0028 0.7020 -0.7122
vn -0.0028 0.4059 -0.9139
vn 0.2951 0.5586 0.7751
vn 0.4075 0.8928 0.1922
vn 0.2939 0.5545 0.7786
vn -0.0097 -0.9818 -0.1898
vn -0.1795 -0.9679 -0.1761
vn -0.4523 -0.8902 -0.0551
vn -0.5622 -0.5987 -0.5705
vn -0.2733 -0.5793 -0.7679
vn -0.1796 -0.9678 -0.1761
vn -0.1444 -0.0237 -0.9892
vn 0.2843 -0.5646 -0.7749
vn 0.6497 0.2675 -0.7116
vn 0.7703 -0.1875 -0.6095
vn 0.2841 -0.5646 -0.7749
vn 0.6504 0.2664 -0.7113
vn -0.2733 -0.5794 -0.7679
vn 0.2843 -0.5646 -0.7748
vn -0.1796 -0.9678 -0.1762
vn -0.0097 -0.9817 -0.1899
vn 0.2842 -0.5648 -0.7748
vn 0.8152 -0.3593 -0.4543
vn -0.0095 -0.9818 -0.1899
vn 0.7703 -0.1876 -0.6095
vn -0.0224 -0.9992 -0.0337
vn 0.2461 -0.9580 -0.1469
vn -0.4843 -0.6526 0.5827
vn -0.4522 -0.8902 -0.0550
vn -0.1796 -0.9679 -0.1761
vn -0.0556 0.9984 -0.0112
vn -0.0537 0.6965 -0.7155
vn -0.3767 0.9262 -0.0141
vn -0.8049 0.5567 -0.2056
vn -0.3766 0.9263 -0.0141
vn -0.6593 0.4229 -0.6217
vn 0.1866 -0.1192 0.9752
vn 0.3450 -0.2043 0.9161
vn 0.2939 0.5543 0.7787
vn 0.2951 0.5586 0.7752
vn 0.0636 0.1758 -0.9824
vn -0.1776 0.6249 -0.7603
vn 0.0694 0.1601 -0.9847
vn 0.9755 -0.2198 -0.0004
vn 0.3333 -0.9428 -0.0006
vn 0.3332 -0.9428 -0.0004
vn 0.9851 0.1717 -0.0003
vn 0.9852 0.1716 -0.0003
vn -0.2626 -0.9649 -0.0004
vn -0.2626 -0.9649 -0.0003
vn -0.5800 -0.8146 -0.0004
vn -0.5803 -0.8144 -0.0000
vn 0.3633 0.8729 0.3258
vn 0.1045 0.9830 0.1510
vn -0.0702 0.6827 0.7273
vn -0.1376 -0.6927 0.7080
vn -0.0097 -0.9818 -0.1899
vn -0.0683 -0.9940 -0.0852
vn -0.3213 -0.5657 -0.7594
vn -0.0682 -0.9940 -0.0855
vn -0.3213 -0.5656 -0.7595
vn -0.3456 -0.2637 -0.9006
vn -0.1768 -0.3039 -0.9362
vn 0.3456 0.7631 0.5462
vn 0.1251 0.9492 0.2887
vn -0.1064 0.7240 0.6816
vn -0.0956 0.7383 0.6677
vn -0.3310 0.6776 -0.6567
vn -0.2227 0.3769 -0.8991
vn -0.5373 0.2852 -0.7937
vn -0.8965 0.4345 0.0866
vn -0.9186 0.3464 0.1900
vn -0.4179 0.7091 0.5680
vn 0.2218 0.7927 -0.5678
vn 0.3800 0.8045 -0.4565
vn 0.3497 0.2128 -0.9124
vn 0.3506 0.2070 -0.9134
vn -0.8049 0.5567 -0.2055
vn -0.8965 0.4345 0.0864
vn 0.0821 -0.7579 0.6472
vn 0.3535 -0.7802 0.5161
vn 0.1866 -0.1193 0.9752
vn 0.3450 -0.2045 0.9161
vn 0.8256 -0.4837 0.2907
vn 0.7685 -0.6270 0.1276
vn 0.2109 0.1932 0.9582
vn 0.1358 0.2508 0.9585
vn 0.0100 0.3428 0.9394
vn -0.1922 0.4695 0.8617
vn -0.1924 0.4695 0.8617
vn -0.9692 0.2048 0.1370
vn -0.9690 0.2051 0.1374
vn -0.3084 -0.3750 -0.8742
vn -0.0907 -0.0490 -0.9947
vn 0.0821 -0.6403 -0.7637
vn -0.0224 -0.9992 -0.0336
vn 0.2462 -0.9580 -0.1469
vn 0.0821 -0.7580 0.6471
vn 0.2462 -0.9580 -0.1468
vn 0.7685 -0.6270 0.1275
vn 0.6292 -0.7123 -0.3110
vn 0.0821 -0.6405 -0.7636
vn 0.0812 -0.7436 -0.6637
vn 0.1485 -0.9773 -0.1508
vn 0.1504 -0.9785 -0.1410
vn 0.1202 -0.3448 0.9309
vn -0.1649 -0.7179 0.6764
vn -0.1561 -0.7098 0.6869
vn 0.3183 -0.6278 0.7103
vn -0.0908 -0.0490 -0.9947
vn 0.0812 -0.7435 -0.6638
vn 0.2110 0.1933 -0.9582
vn 0.1358 0.2509 -0.9584
vn 0.0100 0.3425 -0.9395
vn 0.2110 0.1932 -0.9582
vn -0.1923 0.4696 -0.8617
vn 0.3682 0.9011 0.2291
vn 0.0987 0.9899 0.1022
vn 0.2422 0.5515 0.7982
vn -0.0233 0.6787 0.7340
vn 0.7685 0.4832 0.4195
vn 0.3682 0.9011 0.2290
vn 0.6121 0.2381 0.7541
vn 0.4856 -0.4025 -0.7760
vn 0.3497 0.2127 -0.9124
vn 0.3507 0.2069 -0.9134
vn 0.4865 -0.4054 -0.7739
vn 0.2218 0.7928 -0.5677
vn 0.3799 0.8046 -0.4564
vn 0.0987 0.9899 0.1021
vn 0.8370 0.4979 0.2271
vn 0.7685 0.4832 0.4194
vn 0.1485 -0.9774 -0.1507
vn 0.1504 -0.9785 -0.1409
vn 0.2941 -0.8177 0.4948
vn 0.2961 -0.8128 0.5017
vn 0.2461 -0.9581 -0.1468
vn 0.4856 -0.4026 -0.7759
vn 0.4865 -0.4055 -0.7739
vn 0.6292 -0.7123 -0.3112
vn 0.1065 -0.8420 0.5288
vn -0.0624 -0.9978 -0.0228
vn 0.0831 -0.8921 0.4441
vn 0.0831 -0.8920 0.4442
vn 0.2745 -0.4582 0.8454
vn 0.3135 -0.3536 0.8813
vn 0.1066 -0.8419 0.5290
vn 0.1037 -0.7389 -0.6658
vn -0.0057 0.0545 -0.9985
vn 0.2681 -0.2600 -0.9276
vn 0.2070 -0.9783 -0.0092
vn -0.1181 -0.9408 -0.3178
vn 0.2082 -0.9781 -0.0082
vn 0.2941 -0.8177 0.4949
vn 0.4481 -0.3008 0.8419
vn 0.4492 -0.2951 0.8433
vn 0.2714 -0.3602 -0.8925
vn 0.0636 0.1756 -0.9824
vn 0.0694 0.1600 -0.9847
vn 0.2765 -0.3713 -0.8864
vn 0.2698 0.8391 -0.4723
vn 0.4259 0.8407 -0.3344
vn 0.4563 0.3291 -0.8267
vn 0.4631 0.3066 -0.8316
vn 0.4481 -0.3006 0.8419
vn 0.4493 -0.2949 0.8433
vn 0.6121 0.2380 0.7541
vn 0.4891 0.8717 0.0299
vn 0.3516 0.9207 -0.1693
vn 0.8027 0.4353 0.4077
vn 0.3633 0.8729 0.3257
vn 0.7141 0.4159 0.5630
vn 0.2697 0.8392 -0.4722
vn 0.3634 0.8728 0.3258
vn 0.1046 0.9830 0.1509
vn 0.3556 0.0282 0.9342
vn 0.4775 -0.1895 0.8580
vn 0.1202 -0.3447 0.9310
vn 0.5392 -0.5640 -0.6254
vn 0.5559 -0.2278 -0.7994
vn 0.5597 -0.3322 -0.7592
vn 0.5165 0.1794 0.8373
vn 0.3136 -0.3536 0.8813
vn 0.5207 0.1874 0.8329
vn 0.5559 -0.2277 -0.7995
vn 0.4563 0.3290 -0.8268
vn 0.5597 -0.3321 -0.7592
vn 0.4901 -0.6825 -0.5423
vn 0.2766 -0.3713 -0.8864
vn 0.4930 -0.6843 -0.5373
vn 0.2714 -0.3603 -0.8925
vn 0.5208 0.1875 0.8328
vn 0.7140 0.4159 0.5632
vn 0.5166 0.1796 0.8372
vn 0.4706 0.7954 -0.3820
vn 0.4701 0.7956 -0.3823
vn 0.4892 0.8717 0.0299
vn 0.3517 0.9207 -0.1694
vn 0.3456 0.7631 0.5461
vn 0.4776 -0.1894 0.8579
vn 0.5684 0.2137 0.7945
vn 0.3556 0.0283 0.9342
vn 0.2082 -0.9780 -0.0082
vn 0.4924 -0.8579 0.1471
vn 0.2071 -0.9783 -0.0091
vn 0.6017 -0.7385 -0.3041
vn 0.4902 -0.6825 -0.5421
vn 0.4930 -0.6844 -0.5371
vn 0.6018 -0.7385 -0.3041
vn 0.3438 0.7857 -0.5143
vn 0.4721 -0.2620 -0.8417
vn 0.2677 -0.2598 -0.9278
vn 0.6614 0.2216 0.7166
vn 0.5685 0.2136 0.7944
vn 0.5831 -0.7980 0.1520
vn 0.4775 -0.1896 0.8579
vn 0.4924 -0.8578 0.1472
vt 0.065217 0.833333
vt 0.065217 0.666667
vt 0.021739 0.333333
vt 0.021739 0.166667
vt 0.130435 0.333333
vt 0.152174 0.333333
vt 0.129628 0.176700
vt 0.170292 0.166753
vt 0.195652 0.166667
vt 0.188852 0.066268
vt 0.217391 1.000000
vt 0.217391 0.833333
vt 0.202458 0.079150
vt 0.243355 1.000000
vt 0.345564 0.666667
vt 0.369565 0.666667
vt 0.369565 0.500000
vt 0.347826 0.500000
vt 0.086957 0.666667
vt 0.086957 0.500000
vt 0.043478 0.833333
vt 0.043478 1.000000
vt 0.043478 0.166667
vt 0.043478 0.000000
vt 0.391304 0.333333
vt 0.395644 0.508418
vt 0.413043 0.333333
vt 0.413043 0.500000
vt 0.956522 1.000000
vt 0.978261 1.000000
vt 1.000000 1.000000
vt 0.934783 1.000000
vt 0.913043 1.000000
vt 0.239130 0.833333
vt 0.260870 1.000000
vt 0.273065 0.833333
vt 0.173913 0.333333
vt 0.150673 0.172595
vt 0.326087 0.500000
vt 0.326087 0.666667
vt 0.326087 0.833333
vt 0.347826 0.833333
vt 0.456522 0.500000
vt 0.434783 0.333333
vt 0.441753 0.508161
vt 0.456522 0.333333
vt 0.304348 0.833333
vt 0.304348 0.666667
vt 0.391304 0.666667
vt 0.217391 0.166667
vt 0.130435 0.500000
vt 0.152174 0.500000
vt 0.217391 0.000000
vt 0.586957 0.000000
vt 0.608696 0.164851
vt 0.608696 0.000000
vt 0.586957 0.166667
vt 0.565217 0.333333
vt 0.565217 0.166667
vt 0.543478 0.333333
vt 0.543478 0.166667
vt 0.500000 0.333333
vt 0.478261 0.166667
vt 0.478261 0.333333
vt 0.500000 0.166667
vt 0.478261 0.500000
vt 0.500000 0.500000
vt 0.630435 0.166667
vt 0.630435 0.000000
vt 0.239130 0.166667
vt 0.243355 0.000000
vt 0.108696 0.500000
vt 0.108696 0.333333
vt 0.565217 0.000000
vt 0.413043 0.666667
vt 0.282609 1.000000
vt 0.434783 0.666667
vt 0.282609 0.833333
vt 0.304348 1.000000
vt 0.282609 0.666667
vt 0.652174 0.166667
vt 0.652174 0.000000
vt 0.195652 0.333333
vt 0.521739 0.333333
vt 0.521739 0.166667
vt 0.521739 0.500000
vt 0.586957 0.333333
vt 0.673913 0.000000
vt 0.673913 0.166667
vt 0.543478 0.500000
vt 0.608696 0.333333
vt 0.130435 0.666667
vt 0.108696 0.666667
vt 0.739130 1.000000
vt 0.717391 0.833333
vt 0.717391 1.000000
vt 0.739130 0.833333
vt 0.695652 0.000000
vt 0.695652 0.166667
vt 0.754516 1.000000
vt 0.760870 0.833333
vt 0.000000 0.000000
vt 0.717391 0.000000
vt 0.717391 0.166667
vt 0.065217 1.000000
vt 0.369565 0.833333
vt 0.739130 0.000000
vt 0.739130 0.166667
vt 0.108696 1.000000
vt 0.108696 0.833333
vt 0.086957 0.833333
vt 0.775163 1.000000
vt 0.776847 0.833333
vt 0.754516 0.000000
vt 0.760870 0.166667
vt 0.913043 0.833333
vt 0.891304 1.000000
vt 0.893562 0.843402
vt 0.086957 1.000000
vt 0.065217 0.000000
vt 0.065217 0.166667
vt 0.086957 0.166667
vt 0.065217 0.333333
vt 0.630435 0.333333
vt 0.775163 0.000000
vt 0.782609 0.166667
vt 0.847826 1.000000
vt 0.869565 1.000000
vt 0.869565 0.829689
vt 0.797419 0.833333
vt 0.796995 1.000000
vt 0.930670 0.833333
vt 0.953181 0.833333
vt 0.975652 0.833333
vt 1.000000 0.833333
vt 0.847826 0.833333
vt 0.739130 0.333333
vt 0.760870 0.333333
vt 0.043478 0.333333
vt 0.086957 0.333333
vt 0.782609 0.333333
vt 0.717391 0.333333
vt 0.826087 0.166667
vt 0.819204 0.000000
vt 0.819305 0.833333
vt 0.819204 1.000000
vt 0.796995 0.000000
vt 0.804348 0.166667
vt 0.804348 0.333333
vt 0.826087 0.333333
vt 0.652174 0.333333
vt 0.913043 0.666667
vt 0.930670 0.666667
vt 0.695652 0.333333
vt 0.260870 0.000000
vt 0.260870 0.166667
vt 0.391304 0.833333
vt 1.000000 0.666667
vt 0.978261 0.666667
vt 0.950401 0.666667
vt 0.217391 0.333333
vt 0.886714 0.694115
vt 0.869565 0.666667
vt 0.586957 0.500000
vt 0.608696 0.500000
vt 0.673913 0.333333
vt 0.695652 0.500000
vt 0.673913 0.500000
vt 0.847826 0.666667
vt 0.652174 0.500000
vt 0.411905 0.594574
vt 0.478261 0.666667
vt 0.173913 0.500000
vt 0.565217 0.500000
vt 0.565217 0.666667
vt 0.543478 0.666667
vt 0.630435 0.500000
vt 0.586957 0.666667
vt 0.500000 0.666667
vt 0.326087 1.000000
vt 0.342119 1.000000
vt 0.130435 0.833333
vt 0.152174 0.666667
vt 0.521739 0.666667
vt 0.282609 0.000000
vt 0.282609 0.166667
vt 0.413043 0.833333
vt 0.434783 0.833333
vt 0.239130 0.333333
vt 0.413043 1.000000
vt 0.391304 1.000000
vt 0.195652 0.500000
vt 0.269654 0.487273
vt 0.369565 1.000000
vt 0.304348 0.000000
vt 0.304348 0.166667
vt 0.260870 0.333333
vt 0.217391 0.500000
vt 0.173913 0.666667
vt 0.326087 0.000000
vt 0.326087 0.166667
vt 0.260870 0.666667
vt 0.152174 0.833333
vt 0.239130 0.500000
vt 0.195652 0.666667
s 1
f 1495/319/935 1496/320/936 1497/319/937
f 1498/321/938 1499/322/939 1500/321/940
f 1501/323/941 1502/324/942 1503/325/943
f 1504/326/944 1505/327/945 1506/328/946
f 1507/329/947 1508/330/948 1509/331/949
f 1510/329/947 1511/332/950 1512/330/951
f 1513/333/952 1514/334/953 1515/335/954
f 1513/333/952 1515/335/954 1516/336/955
f 1517/337/956 1518/338/957 1519/338/958
f 1518/338/957 1517/337/956 1520/337/959
f 1517/337/956 1519/338/958 1521/337/937
f 1519/338/958 1518/338/957 1522/321/960
f 1519/338/958 1522/321/960 1523/338/940
f 1524/339/961 1525/340/962 1526/339/963
f 1525/340/962 1524/339/961 1527/340/964
f 1527/340/964 1528/339/935 1529/340/965
f 1530/341/939 1531/342/966 1532/341/967
f 1530/341/939 1533/342/968 1531/342/966
f 1533/342/968 1530/341/939 1534/341/969
f 1535/343/970 1536/344/971 1537/345/972
f 1536/344/971 1538/346/973 1537/345/972
f 1539/347/974 1540/348/975 1541/347/976
f 1540/348/975 1542/347/977 1541/347/976
f 1542/347/977 1540/348/975 1543/348/978
f 1543/348/978 1544/347/979 1542/347/977
f 1540/348/975 1539/347/974 1545/348/980
f 1546/349/981 1540/348/975 1545/348/980
f 1540/348/975 1546/349/981 1547/349/982
f 1547/349/982 1543/348/978 1540/348/975
f 1545/348/980 1548/349/983 1546/349/981
f 1543/348/978 1547/349/982 1549/349/984
f 1539/347/974 1550/348/985 1545/348/980
f 1548/349/983 1545/348/980 1550/348/985
f 1550/348/985 1539/347/974 1551/347/986
f 1550/348/985 1552/349/987 1548/349/983
f 1553/349/988 1543/348/978 1549/349/984
f 1551/347/986 1554/348/989 1550/348/985
f 1552/349/987 1550/348/985 1554/348/989
f 1554/348/989 1551/347/986 1555/347/990
f 1554/348/989 1556/349/991 1552/349/987
f 1543/348/978 1553/349/988 1557/348/992
f 1544/347/979 1543/348/978 1557/348/992
f 1553/349/988 1558/348/993 1557/348/992
f 1558/348/993 1544/347/979 1557/348/992
f 1544/347/979 1558/348/993 1559/347/994
f 1554/348/989 1555/347/990 1560/347/995
f 1556/349/991 1554/348/989 1561/348/996
f 1561/348/996 1554/348/989 1560/347/995
f 1561/348/996 1562/349/997 1556/349/991
f 1562/349/997 1561/348/996 1563/348/998
f 1561/348/996 1560/347/995 1563/348/998
f 1564/350/999 1565/351/1000 1562/349/1001
f 1564/350/999 1566/350/1002 1565/351/1000
f 1560/347/1003 1566/350/1002 1567/347/1004
f 1565/351/1000 1566/350/1002 1568/351/1005
f 1560/347/1003 1569/347/1006 1566/350/1002
f 1566/350/1002 1570/350/1007 1568/351/1005
f 1570/350/1007 1566/350/1002 1569/347/1006
f 1571/351/1008 1568/351/1005 1570/350/1007
f 1569/347/1006 1572/350/1009 1570/350/1007
f 1570/350/1007 1572/350/1009 1571/351/1008
f 1572/350/1009 1569/347/1006 1573/347/1010
f 1574/351/1011 1571/351/1008 1572/350/1009
f 1573/347/1010 1575/347/1012 1572/350/1009
f 1572/350/1009 1576/351/1013 1574/351/1011
f 1572/350/1009 1575/347/1012 1577/350/1014
f 1576/351/1013 1572/350/1009 1577/350/1014
f 1578/347/1015 1577/350/1014 1575/347/1012
f 1577/350/1014 1579/351/1016 1576/351/1013
f 1577/350/1014 1578/347/1015 1580/350/1017
f 1579/351/1016 1577/350/1014 1580/350/1017
f 1581/347/1018 1580/350/1017 1578/347/1015
f 1580/350/1017 1582/350/1019 1579/351/1016
f 1580/350/1017 1581/347/1018 1582/350/1019
f 1583/351/1020 1579/351/1016 1582/350/1019
f 1579/351/1016 1583/351/1020 1584/351/1021
f 1584/351/1021 1583/351/1020 1585/350/1022
f 1584/351/1021 1585/350/1022 1586/350/1023
f 1585/350/1022 1587/347/1024 1586/350/1023
f 1587/347/1024 1585/350/1022 1588/347/1025
f 1586/350/1023 1587/347/1024 1589/350/1026
f 1589/350/1026 1590/351/1027 1586/350/1023
f 1587/347/1024 1591/347/1028 1589/350/1026
f 1590/351/1027 1589/350/1026 1592/351/1029
f 1593/350/1030 1589/350/1026 1591/347/1028
f 1593/350/1030 1592/351/1029 1589/350/1026
f 1591/347/1028 1594/347/1031 1593/350/1030
f 1592/351/1029 1593/350/1030 1595/351/1032
f 1596/347/1033 1593/350/1030 1594/347/1031
f 1597/351/1034 1595/351/1032 1593/350/1030
f 1593/350/1030 1598/350/1035 1597/351/1034
f 1593/350/1030 1596/347/1033 1598/350/1035
f 1599/351/1036 1597/351/1034 1598/350/1035
f 1600/350/1037 1598/350/1035 1596/347/1033
f 1598/350/1035 1600/350/1037 1599/351/1036
f 1601/351/1038 1599/351/1036 1600/350/1037
f 1600/350/1037 1602/350/1039 1601/351/1038
f 1602/350/1039 1603/349/1040 1601/351/1038
f 1596/347/1033 1604/347/1041 1600/350/1037
f 1604/347/1041 1605/347/1042 1600/350/1037
f 1606/348/1043 1603/349/1044 1607/348/1039
f 1606/348/1043 1607/348/1039 1604/347/1045
f 1603/349/1044 1606/348/1043 1608/349/1046
f 1609/348/1047 1606/348/1043 1604/347/1045
f 1609/348/1047 1608/349/1046 1606/348/1043
f 1604/347/1045 1610/347/1048 1609/348/1047
f 1608/349/1046 1609/348/1047 1611/349/1049
f 1612/347/1050 1609/348/1047 1610/347/1048
f 1613/348/1051 1611/349/1049 1609/348/1047
f 1609/348/1047 1612/347/1050 1613/348/1051
f 1611/349/1049 1613/348/1051 1614/349/1052
f 1615/347/1053 1613/348/1051 1612/347/1050
f 1616/348/1054 1614/349/1052 1613/348/1051
f 1613/348/1051 1615/347/1053 1616/348/1054
f 1614/349/1052 1616/348/1054 1617/349/1055
f 1618/348/1056 1616/348/1054 1615/347/1053
f 1618/348/1056 1617/349/1055 1616/348/1054
f 1617/349/1055 1618/348/1056 1619/349/1057
f 1618/348/1056 1615/347/1053 1620/347/1058
f 1621/347/1059 1618/348/1056 1620/347/1058
f 1618/348/1056 1621/347/1059 1622/348/1060
f 1622/348/1060 1623/349/1061 1618/348/1056
f 1549/349/984 1623/349/1061 1622/348/1060
f 1624/352/1062 1625/353/1063 1626/354/1064
f 1625/353/1063 1624/352/1062 1627/332/1065
f 1628/324/1066 1629/355/1067 1630/356/943
f 1631/319/961 1632/320/1068 1633/320/956
f 1632/320/1068 1631/319/961 1634/319/963
f 1635/321/1069 1636/322/1070 1637/322/939
f 1636/322/1070 1635/321/1069 1638/321/1071
f 1639/357/1072 1640/333/1073 1641/336/955
f 1640/333/1073 1639/357/1072 1642/358/1074
f 1643/333/1075 1642/358/1076 1644/359/1077
f 1644/359/1077 1645/360/1078 1643/333/1075
f 1646/361/1079 1647/362/1080 1648/363/1081
f 1647/362/1080 1646/361/1079 1649/364/1082
f 1650/358/1083 1651/365/1084 1652/359/1085
f 1651/365/1084 1650/358/1083 1653/366/1086
f 1654/367/1087 1655/335/1088 1656/334/1089
f 1655/335/1088 1654/367/1087 1657/344/1090
f 1658/327/1091 1659/368/1092 1660/331/1093
f 1661/321/1094 1662/321/1095 1663/338/957
f 1664/369/1096 1665/370/1097 1666/324/1098
f 1664/369/1096 1666/324/1098 1667/323/1099
f 1668/331/1093 1669/368/1100 1670/371/947
f 1671/372/1101 1672/373/1102 1673/374/1103
f 1672/373/1102 1671/372/1101 1674/375/1104
f 1675/376/1105 1676/377/1106 1677/378/1107
f 1677/378/1107 1676/377/1106 1678/379/1108
f 1679/380/1109 1680/381/1110 1681/382/1111
f 1680/381/1110 1679/380/1109 1682/383/1112
f 1681/382/1113 1683/384/1114 1684/380/1115
f 1683/384/1114 1685/385/1116 1684/380/1115
f 1686/386/1117 1687/374/1103 1688/373/1102
f 1687/374/1103 1686/386/1117 1689/387/1118
f 1690/388/1119 1691/389/1120 1692/368/1100
f 1692/368/1100 1691/389/1120 1693/371/1121
f 1694/390/1122 1695/369/1123 1696/391/1124
f 1697/372/1101 1698/377/1125 1699/375/1126
f 1698/377/1125 1697/372/1101 1700/392/1127
f 1701/384/1128 1702/364/1129 1703/361/1130
f 1702/364/1129 1701/384/1128 1704/382/1131
f 1705/393/1132 1706/346/1133 1707/367/1134
f 1707/367/1134 1706/346/1133 1708/344/1090
f 1709/353/1135 1710/394/1136 1711/354/1064
f 1712/363/1137 1713/362/1138 1714/346/1139
f 1715/345/1140 1714/346/1139 1713/362/1138
f 1716/363/1137 1714/346/1139 1717/393/1141
f 1716/363/1137 1717/393/1141 1718/395/1142
f 1719/365/1084 1720/396/1064 1721/394/1136
f 1721/394/1136 1722/397/1143 1719/365/1084
f 1723/365/1084 1724/398/1144 1720/396/1064
f 1724/398/1144 1723/365/1084 1725/366/1145
f 1726/386/1117 1727/399/1146 1728/400/1147
f 1726/386/1117 1728/400/1147 1729/387/1148
f 1730/327/1149 1731/326/943 1732/355/1150
f 1732/355/1150 1733/401/1151 1730/327/1149
f 1734/402/1152 1735/383/1112 1736/380/1153
f 1735/383/1112 1734/402/1152 1737/403/1154
f 1736/380/1155 1738/385/1156 1739/402/1157
f 1738/385/1156 1740/404/1158 1739/402/1157
f 1741/405/1159 1742/375/1160 1743/376/1161
f 1743/376/1161 1742/375/1160 1744/377/1106
f 1745/406/1162 1746/400/1163 1747/399/1164
f 1747/399/1164 1748/407/1165 1745/406/1162
f 1749/403/1166 1750/378/1167 1751/379/1168
f 1750/378/1167 1749/403/1166 1752/402/1152
f 1752/402/1169 1753/404/1170 1754/378/1171
f 1753/404/1170 1755/408/1172 1754/378/1171
f 1756/373/1173 1757/375/1126 1758/405/1174
f 1758/405/1174 1759/409/1175 1756/373/1173
f 1760/410/1176 1761/369/1177 1762/411/1178
f 1761/369/1177 1763/390/1179 1762/411/1178
f 1764/412/1180 1765/413/1181 1766/414/1182
f 1765/413/1181 1764/412/1180 1767/415/1183
f 1768/416/1184 1769/406/1185 1770/407/1186
f 1770/407/1186 1771/417/1187 1768/416/1184
f 1772/415/1188 1773/418/1189 1774/419/1190
f 1773/418/1189 1772/415/1188 1775/412/1191
f 1776/349/1192 1777/420/1193 1778/420/1194
f 1779/416/1195 1780/417/1196 1781/421/1182
f 1780/417/1196 1782/422/1197 1781/421/1182
f 1783/340/968 1784/423/1198 1785/339/963
f 1786/420/1199 1787/349/1200 1788/349/1201
f 1789/333/1202 1790/360/1203 1791/334/1204
f 1790/360/1203 1792/424/1205 1791/334/1204
f 1793/425/1206 1794/422/1207 1795/426/1208
f 1794/422/1207 1793/425/1206 1796/421/1209
f 1797/427/1198 1798/428/1210 1799/429/1211
f 1800/411/1212 1801/429/1211 1798/428/1210
f 1800/411/1212 1802/337/1068 1801/429/1211
f 1802/337/959 1803/411/1213 1804/338/957
f 1805/419/1214 1806/430/1215 1807/431/1216
f 1806/430/1215 1805/419/1214 1808/418/1217
f 1809/432/1189 1810/426/1218 1811/433/1219
f 1810/426/1218 1809/432/1189 1812/425/1206
f 1813/434/1220 1814/435/1221 1815/351/1222
f 1814/435/1221 1813/434/1220 1816/436/1223
f 1817/437/1224 1818/429/1225 1819/319/1226
f 1819/319/1226 1818/429/1225 1820/320/959
f 1821/438/1198 1822/342/962 1823/341/1070
f 1823/341/1070 1824/439/1227 1821/438/1198
f 1824/439/1227 1825/440/1228 1826/438/1198
f 1827/441/1229 1824/439/1230 1828/341/1070
f 1829/373/1231 1830/409/1232 1831/386/1233
f 1830/409/1232 1832/442/1234 1831/386/1233
f 1833/432/1189 1834/433/1235 1835/443/1236
f 1834/433/1235 1836/444/1237 1835/443/1236
f 1837/445/1194 1838/446/1238 1839/445/1239
f 1838/446/1238 1837/445/1194 1840/446/1240
f 1841/445/1241 1840/446/1240 1837/445/1194
f 1840/446/1240 1841/445/1241 1842/446/1059
f 1843/447/1242 1844/446/1243 1845/436/1244
f 1844/446/1243 1846/435/1245 1845/436/1244
f 1847/448/1246 1848/431/1247 1849/430/1215
f 1849/430/1215 1850/449/1248 1847/448/1246
f 1851/450/1249 1852/350/1250 1853/451/1251
f 1852/350/1250 1854/347/1252 1853/451/1251
f 1855/452/1253 1856/348/1254 1857/453/1255
f 1856/348/1254 1858/349/1256 1857/453/1255
f 1859/451/1257 1860/347/994 1861/452/1258
f 1860/347/994 1862/348/1259 1861/452/1258
f 1863/453/1260 1864/420/1261 1865/445/1262
f 1866/447/1263 1867/454/1264 1868/445/1262
f 1868/445/1262 1869/446/1238 1866/447/1263
f 1870/433/1265 1871/455/1266 1872/456/1267
f 1871/455/1266 1870/433/1265 1873/426/1268
f 1874/321/1269 1875/457/1270 1876/322/1271
f 1877/338/1179 1878/458/1272 1874/321/1094
f 1879/444/1273 1880/433/1274 1881/456/1275
f 1881/456/1275 1882/459/1276 1879/444/1273
f 1883/446/1277 1884/435/1245 1885/446/1243
f 1884/435/1245 1883/446/1277 1886/435/1278
f 1887/446/1279 1886/435/1278 1883/446/1277
f 1886/435/1278 1887/446/1279 1888/435/1280
f 1889/351/1222 1884/435/1245 1886/435/1278
f 1583/351/1020 1886/435/1278 1888/435/1280
f 1890/351/1281 1889/351/1222 1886/435/1278
f 1886/435/1278 1583/351/1020 1890/351/1281
f 1891/350/1282 1889/351/1222 1890/351/1281
f 1582/350/1019 1890/351/1281 1583/351/1020
f 1892/350/1283 1891/350/1282 1890/351/1281
f 1890/351/1281 1582/350/1019 1892/350/1283
f 1892/350/1283 1893/347/1252 1891/350/1282
f 1581/347/1018 1892/350/1283 1582/350/1019
f 1893/347/1252 1892/350/1283 1894/347/1284
f 1892/350/1283 1581/347/1018 1894/347/1284
f 1895/420/1261 1896/453/1260 1897/349/1200
f 1898/426/1268 1899/460/1285 1900/455/1286
f 1899/460/1285 1898/426/1268 1901/422/1287
f 1902/461/1288 1903/445/1262 1904/462/1289
f 1905/463/1290 1906/448/1291 1907/449/1292
f 1907/449/1292 1908/464/1293 1905/463/1290
f 1909/443/1215 1910/444/1294 1911/465/1248
f 1910/444/1294 1912/466/1295 1911/465/1248
f 1913/444/1296 1914/467/1297 1912/466/1298
f 1914/467/1297 1913/444/1296 1915/459/1299
f 1916/465/1300 1917/466/1301 1918/462/1302
f 1917/466/1301 1919/461/1303 1918/462/1302
f 1920/466/1304 1921/468/1305 1919/461/1306
f 1921/468/1305 1920/466/1304 1922/467/1307
f 1923/386/1233 1924/442/1234 1925/399/1308
f 1924/442/1234 1926/469/1309 1925/399/1308
f 1927/454/1310 1928/463/1311 1929/464/1312
f 1929/464/1312 1930/445/1239 1927/454/1310
f 1931/450/1249 1932/351/1313 1933/350/1314
f 1932/351/1313 1931/450/1249 1934/434/1315
f 1935/450/1249 1936/470/1316 1934/434/1317
f 1936/470/1316 1935/450/1249 1937/471/1318
f 1938/417/1319 1939/472/1320 1940/422/1321
f 1939/472/1320 1941/460/1322 1940/422/1321
f 1942/473/1323 1943/389/950 1944/388/1324
f 1944/388/1324 1945/474/1325 1942/473/1323
f 1946/420/1326 1947/420/1327 1948/420/1328
f 1947/420/1327 1946/420/1326 1949/420/1326
f 1950/420/1329 1949/420/1326 1946/420/1326
f 1950/420/1329 1951/420/1330 1949/420/1326
f 1952/420/1331 1948/420/1328 1947/420/1327
f 1948/420/1328 1952/420/1331 1953/420/1332
f 1952/420/1331 1954/420/1333 1953/420/1332
f 1954/420/1333 1952/420/1331 1955/420/1334
f 1956/475/1335 1957/367/1336 1958/424/1205
f 1958/424/1205 1957/367/1336 1959/334/1337
f 1960/445/1338 1961/461/1339 1962/453/1340
f 1963/476/1339 1964/477/1341 1965/452/1258
f 1965/452/1258 1966/453/1342 1963/476/1339
f 1967/477/1343 1968/478/1344 1969/451/1345
f 1969/451/1345 1970/452/1258 1967/477/1343
f 1971/479/1346 1972/368/1347 1973/401/1348
f 1974/327/1349 1973/401/1348 1972/368/1347
f 1975/450/1350 1976/451/1351 1977/478/1352
f 1975/450/1350 1977/478/1352 1978/471/1318
f 1979/480/1353 1980/481/1354 1981/447/1242
f 1981/447/1242 1982/436/1355 1979/480/1353
f 1983/405/1356 1984/482/1357 1985/409/1358
f 1984/482/1357 1986/483/1359 1985/409/1358
f 1987/470/1360 1988/436/1223 1989/434/1220
f 1988/436/1223 1987/470/1360 1990/480/1361
f 1991/407/1362 1992/484/1363 1993/417/1364
f 1992/484/1363 1994/472/1365 1993/417/1364
f 1995/484/1363 1996/485/1366 1994/472/1320
f 1996/485/1366 1995/484/1363 1997/486/1367
f 1998/420/1368 1999/420/1369 2000/420/1368
f 1999/420/1369 1998/420/1368 2001/420/1370
f 1999/420/1369 2001/420/1370 2002/420/1371
f 1999/420/1369 2002/420/1371 2003/420/1372
f 2004/487/1373 2005/447/1263 2006/481/1374
f 2005/447/1263 2004/487/1373 2007/454/1264
f 2008/363/1375 2009/395/1376 2010/361/1377
f 2011/399/1378 2012/469/1379 2013/407/1380
f 2012/469/1379 2014/484/1363 2013/407/1380
f 2015/469/1381 2016/486/1382 2014/484/1363
f 2016/486/1382 2015/469/1381 2017/488/1383
f 2018/361/1384 2019/489/1385 2020/384/1386
f 2019/489/1385 2021/490/1387 2020/384/1386
f 2022/355/1388 2023/324/1389 2024/370/1390
f 2024/370/1390 2025/491/1391 2022/355/1388
f 2026/395/1392 2027/489/1393 2028/361/1377
f 2029/420/1394 2030/420/1395 2031/420/1396
f 2030/420/1395 2029/420/1394 2032/420/1397
f 2030/420/1395 2033/420/1398 2031/420/1396
f 2033/420/1398 2030/420/1395 2034/420/1398
f 2035/492/1399 2036/376/1400 2037/408/1401
f 2037/408/1401 2036/376/1400 2038/378/1402
f 2039/408/1401 2040/493/1403 2035/492/1404
f 2040/493/1403 2039/408/1401 2041/494/1405
f 2042/442/1406 2043/409/1407 2044/483/1408
f 2042/442/1406 2044/483/1408 2045/495/1409
f 2046/405/1410 2047/492/1399 2048/482/1411
f 2047/492/1399 2046/405/1410 2049/376/1412
f 2050/492/1399 2051/496/1413 2048/482/1357
f 2051/496/1413 2050/492/1399 2052/493/1414
f 2053/384/1415 2054/490/1416 2055/385/1417
f 2054/490/1416 2056/497/1418 2055/385/1417
f 2057/469/1419 2058/442/1420 2059/495/1421
f 2059/495/1421 2060/488/1422 2057/469/1419
f 2061/359/1423 2062/365/1084 2063/397/1424
f 2061/359/1423 2063/397/1424 2064/498/1425
f 2064/498/1426 2065/499/1427 2066/360/1428
f 2066/360/1428 2067/359/1429 2064/498/1426
f 2068/410/1430 2069/428/1431 2070/500/1432
f 2069/428/1431 2068/410/1430 2071/411/1178
f 2072/370/1433 2073/369/1434 2068/410/1176
f 2072/370/1433 2068/410/1176 2074/501/1435
f 2075/385/1436 2076/497/1418 2077/404/1437
f 2076/497/1418 2078/502/1438 2077/404/1437
f 2079/503/1439 2080/473/1440 2081/474/1441
f 2079/503/1439 2081/474/1441 2082/504/1442
f 2083/393/1443 2084/505/1444 2085/395/1445
f 2084/505/1444 2086/506/1446 2085/395/1445
f 2087/408/1401 2088/404/1447 2089/502/1448
f 2087/408/1401 2089/502/1448 2090/494/1449
f 2091/507/1450 2092/388/1451 2093/479/1346
f 2093/479/1346 2092/388/1451 2094/368/1347
f 2095/508/1452 2096/475/1453 2097/509/1454
f 2096/475/1453 2095/508/1452 2098/505/1444
f 2098/505/1444 2099/393/1455 2100/475/1456
f 2100/475/1456 2099/393/1455 2101/367/1457
f 2102/401/1458 2103/491/1391 2104/510/1459
f 2102/401/1458 2105/355/1460 2103/491/1391
f 2106/420/1461 2107/489/1462 2108/511/1463
f 2109/424/1464 2110/360/1465 2111/499/1427
f 2109/424/1464 2111/499/1427 2112/512/1466
f 2113/489/1467 2114/395/1468 2115/506/1446
f 2115/506/1446 2116/511/1469 2113/489/1467
f 2117/513/1470 2118/504/1471 2119/514/1472
f 2117/513/1470 2120/503/1473 2118/504/1471
f 2121/475/1453 2122/512/1474 2123/509/1475
f 2122/512/1474 2121/475/1453 2124/424/1476
f 2125/515/1477 2126/474/1478 2127/507/1479
f 2128/388/1480 2127/507/1479 2126/474/1478
f 2129/479/1481 2130/510/1482 2131/516/1483
f 2130/510/1482 2129/479/1481 2132/401/1484
f 2133/491/1391 2134/501/1485 2135/517/1486
f 2134/501/1485 2133/491/1391 2136/370/1487
f 2137/518/1488 2138/513/1489 2139/514/1490
f 2137/518/1488 2139/514/1490 2140/519/1491
f 2141/396/1492 2142/398/1492 2143/520/1492
f 2144/521/1493 2145/501/1493 2146/500/1494
f 2146/500/1494 2145/501/1493 2147/410/1430
f 2148/522/1495 2149/507/1479 2150/516/1496
f 2150/516/1496 2149/507/1479 2151/479/1481
f 2152/523/1497 2153/510/1498 2154/517/1499
f 2154/517/1499 2153/510/1498 2155/491/1391
