o 
v 0.7379871010780334 0.17128720879554749 -0.10194265842437744
v 0.7379871010780334 0.08325748145580292 0.15530593693256378
v 0.7379871010780334 0.08325748145580292 -0.15530593693256378
v 0.7379871010780334 0.08325748145580292 0.15530593693256378
v 0.7379871010780334 0.17128720879554749 -0.10194265842437744
v 0.7379871010780334 0.17128720879554749 0.10194265842437744
v 0.3518892526626587 -0.05270271748304367 -0.1435704380273819
v 0.3518892526626587 -0.05270271748304367 0.1435704380273819
v 0.3518892526626587 -0.14073245227336884 -0.1435704380273819
v 0.3518892526626587 -0.14073245227336884 -0.1435704380273819
v 0.3518892526626587 -0.05270271748304367 0.1435704380273819
v 0.3518892526626587 -0.14073245227336884 0.1435704380273819
v -1.3083089590072632 0.00019165649428032339 0.013445108197629452
v -1.3083089590072632 0.08822137862443924 0.10365550220012665
v -1.3083089590072632 0.08822137862443924 0.013445108197629452
v -1.3083089590072632 0.08822137862443924 0.10365550220012665
v -1.3083089590072632 0.00019165649428032339 0.013445108197629452
v -1.3083089590072632 0.00019165649428032339 0.11073646694421768
v -1.3083089590072632 0.08822137862443924 0.10365550220012665
v -1.3083089590072632 0.00019165649428032339 0.11073646694421768
v -1.3083089590072632 0.04420705512166023 0.12526921927928925
v -1.1804636716842651 0.19726872444152832 -0.07717490196228027
v -1.1609441041946411 0.2280794084072113 0.06116538122296333
v -1.1609441041946411 0.2280794084072113 -0.06116538122296333
v -1.1609441041946411 0.2280794084072113 0.06116538122296333
v -1.1804636716842651 0.19726872444152832 -0.07717490196228027
v -1.1804636716842651 0.19726872444152832 0.07717490196228027
v -1.1609441041946411 0.1664591282606125 -0.09318334609270096
v -1.1609441041946411 0.1664591282606125 0.09318334609270096
v -1.1804636716842651 0.19726872444152832 -0.07717490196228027
v -1.1804636716842651 0.19726872444152832 -0.07717490196228027
v -1.1609441041946411 0.1664591282606125 0.09318334609270096
v -1.1804636716842651 0.19726872444152832 0.07717490196228027
v -0.9205661416053772 0.19726872444152832 -0.07717490196228027
v -0.9010464549064636 0.2280794084072113 0.06116538122296333
v -0.9010464549064636 0.2280794084072113 -0.06116538122296333
v -0.9010464549064636 0.2280794084072113 0.06116538122296333
v -0.9205661416053772 0.19726872444152832 -0.07717490196228027
v -0.9205661416053772 0.19726872444152832 0.07717490196228027
v -0.9010464549064636 0.1664591282606125 -0.09318334609270096
v -0.9010464549064636 0.1664591282606125 0.09318334609270096
v -0.9205661416053772 0.19726872444152832 -0.07717490196228027
v -0.9205661416053772 0.19726872444152832 -0.07717490196228027
v -0.9010464549064636 0.1664591282606125 0.09318334609270096
v -0.9205661416053772 0.19726872444152832 0.07717490196228027
v 0.12463567405939102 -0.14073245227336884 -0.1435704380273819
v 0.3518892526626587 -0.14073245227336884 -0.1435704380273819
v 0.3518892526626587 -0.14073245227336884 0.1435704380273819
v 0.12463567405939102 -0.14073245227336884 -0.1435704380273819
v 0.3518892526626587 -0.14073245227336884 0.1435704380273819
v 0.12463567405939102 -0.14073245227336884 0.1435704380273819
v 0.3518892526626587 -0.05270271748304367 -0.1435704380273819
v 0.12463567405939102 -0.14073245227336884 -0.1435704380273819
v 0.12463567405939102 -0.05270271748304367 -0.1435704380273819
v 0.12463567405939102 -0.14073245227336884 -0.1435704380273819
v 0.3518892526626587 -0.05270271748304367 -0.1435704380273819
v 0.3518892526626587 -0.14073245227336884 -0.1435704380273819
v 0.7379871010780334 0.17128720879554749 -0.10194265842437744
v 0.23981359601020813 0.08325748145580292 -0.15530593693256378
v 0.23981359601020813 0.17128720879554749 -0.10194265842437744
v 0.23981359601020813 0.08325748145580292 -0.15530593693256378
v 0.7379871010780334 0.17128720879554749 -0.10194265842437744
v 0.7379871010780334 0.08325748145580292 -0.15530593693256378
v 0.3518892526626587 -0.05270271748304367 0.1435704380273819
v 0.12463567405939102 -0.05270271748304367 0.1435704380273819
v 0.3518892526626587 -0.14073245227336884 0.1435704380273819
v 0.12463567405939102 -0.14073245227336884 0.1435704380273819
v 0.3518892526626587 -0.14073245227336884 0.1435704380273819
v 0.12463567405939102 -0.05270271748304367 0.1435704380273819
v -0.9010464549064636 0.2280794084072113 -0.06116538122296333
v -0.9010464549064636 0.1664591282606125 -0.09318334609270096
v -0.9205661416053772 0.19726872444152832 -0.07717490196228027
v -0.9010464549064636 0.1664591282606125 -0.09318334609270096
v -0.9010464549064636 0.2280794084072113 -0.06116538122296333
v -0.705846905708313 0.1664591282606125 -0.09318334609270096
v -0.9010464549064636 0.2280794084072113 -0.06116538122296333
v -0.705846905708313 0.2280794084072113 -0.06116538122296333
v -0.705846905708313 0.1664591282606125 -0.09318334609270096
v -0.705846905708313 0.1664591282606125 -0.09318334609270096
v -0.705846905708313 0.2280794084072113 -0.06116538122296333
v -0.6863272786140442 0.19726872444152832 -0.07717490196228027
v -1.1609441041946411 0.2280794084072113 -0.06116538122296333
v -1.1609441041946411 0.1664591282606125 -0.09318334609270096
v -1.1804636716842651 0.19726872444152832 -0.07717490196228027
v -1.1609441041946411 0.1664591282606125 -0.09318334609270096
v -1.1609441041946411 0.2280794084072113 -0.06116538122296333
v -0.9657444357872009 0.1664591282606125 -0.09318334609270096
v -1.1609441041946411 0.2280794084072113 -0.06116538122296333
v -0.9657444357872009 0.2280794084072113 -0.06116538122296333
v -0.9657444357872009 0.1664591282606125 -0.09318334609270096
v -0.9657444357872009 0.1664591282606125 -0.09318334609270096
v -0.9657444357872009 0.2280794084072113 -0.06116538122296333
v -0.9462248086929321 0.19726872444152832 -0.07717490196228027
v -0.705846905708313 0.2280794084072113 -0.06116538122296333
v -0.9010464549064636 0.2280794084072113 -0.06116538122296333
v -0.9010464549064636 0.2280794084072113 0.06116538122296333
v -0.705846905708313 0.2280794084072113 -0.06116538122296333
v -0.9010464549064636 0.2280794084072113 0.06116538122296333
v -0.705846905708313 0.2280794084072113 0.06116538122296333
v -0.9657444357872009 0.2280794084072113 -0.06116538122296333
v -1.1609441041946411 0.2280794084072113 -0.06116538122296333
v -1.1609441041946411 0.2280794084072113 0.06116538122296333
v -0.9657444357872009 0.2280794084072113 -0.06116538122296333
v -1.1609441041946411 0.2280794084072113 0.06116538122296333
v -0.9657444357872009 0.2280794084072113 0.06116538122296333
v -0.42310386896133423 0.08822137862443924 0.013445108197629452
v -0.42310386896133423 0.08822137862443924 0.10365550220012665
v -0.42310386896133423 0.00019165649428032339 0.013445108197629452
v -0.42310386896133423 0.08822137862443924 0.10365550220012665
v -0.42310386896133423 0.00019165649428032339 0.11073646694421768
v -0.42310386896133423 0.00019165649428032339 0.013445108197629452
v -0.42310386896133423 0.00019165649428032339 0.11073646694421768
v -0.42310386896133423 0.08822137862443924 0.10365550220012665
v -0.42310386896133423 0.04420705512166023 0.12526921927928925
v -1.3083089590072632 0.00019165649428032339 0.013445108197629452
v -0.42310386896133423 0.00019165649428032339 0.013445108197629452
v -0.42310386896133423 0.00019165649428032339 0.11073646694421768
v -1.3083089590072632 0.00019165649428032339 0.013445108197629452
v -0.42310386896133423 0.00019165649428032339 0.11073646694421768
v -1.3083089590072632 0.00019165649428032339 0.11073646694421768
v 0.7379871010780334 0.17128720879554749 0.10194265842437744
v 0.23981359601020813 0.17128720879554749 0.10194265842437744
v 0.7379871010780334 0.08325748145580292 0.15530593693256378
v 0.23981359601020813 0.08325748145580292 0.15530593693256378
v 0.7379871010780334 0.08325748145580292 0.15530593693256378
v 0.23981359601020813 0.17128720879554749 0.10194265842437744
v -0.9010464549064636 0.1664591282606125 0.09318334609270096
v -0.705846905708313 0.2280794084072113 0.06116538122296333
v -0.9010464549064636 0.2280794084072113 0.06116538122296333
v -0.9010464549064636 0.1664591282606125 0.09318334609270096
v -0.9010464549064636 0.2280794084072113 0.06116538122296333
v -0.9205661416053772 0.19726872444152832 0.07717490196228027
v -0.705846905708313 0.1664591282606125 0.09318334609270096
v -0.705846905708313 0.2280794084072113 0.06116538122296333
v -0.9010464549064636 0.1664591282606125 0.09318334609270096
v -0.705846905708313 0.2280794084072113 0.06116538122296333
v -0.705846905708313 0.1664591282606125 0.09318334609270096
v -0.6863272786140442 0.19726872444152832 0.07717490196228027
v -1.1609441041946411 0.1664591282606125 0.09318334609270096
v -0.9657444357872009 0.2280794084072113 0.06116538122296333
v -1.1609441041946411 0.2280794084072113 0.06116538122296333
v -1.1609441041946411 0.1664591282606125 0.09318334609270096
v -1.1609441041946411 0.2280794084072113 0.06116538122296333
v -1.1804636716842651 0.19726872444152832 0.07717490196228027
v -0.9657444357872009 0.1664591282606125 0.09318334609270096
v -0.9657444357872009 0.2280794084072113 0.06116538122296333
v -1.1609441041946411 0.1664591282606125 0.09318334609270096
v -0.9657444357872009 0.2280794084072113 0.06116538122296333
v -0.9657444357872009 0.1664591282606125 0.09318334609270096
v -0.9462248086929321 0.19726872444152832 0.07717490196228027
v -0.42310386896133423 0.08822137862443924 0.10365550220012665
v -1.3083089590072632 0.08822137862443924 0.10365550220012665
v -0.42310386896133423 0.04420705512166023 0.12526921927928925
v -1.3083089590072632 0.04420705512166023 0.12526921927928925
v -0.42310386896133423 0.04420705512166023 0.12526921927928925
v -1.3083089590072632 0.08822137862443924 0.10365550220012665
v -0.42310386896133423 0.04420705512166023 0.12526921927928925
v -1.3083089590072632 0.04420705512166023 0.12526921927928925
v -0.42310386896133423 0.00019165649428032339 0.11073646694421768
v -1.3083089590072632 0.00019165649428032339 0.11073646694421768
v -0.42310386896133423 0.00019165649428032339 0.11073646694421768
v -1.3083089590072632 0.04420705512166023 0.12526921927928925
v 0.7379871010780334 0.17128720879554749 -0.10194265842437744
v 0.23981359601020813 0.17128720879554749 -0.10194265842437744
v 0.23981359601020813 0.17128720879554749 0.10194265842437744
v 0.7379871010780334 0.17128720879554749 -0.10194265842437744
v 0.23981359601020813 0.17128720879554749 0.10194265842437744
v 0.7379871010780334 0.17128720879554749 0.10194265842437744
v 0.23981359601020813 0.08325748145580292 -0.15530593693256378
v 0.7379871010780334 0.08325748145580292 -0.15530593693256378
v 0.7379871010780334 0.08325748145580292 0.15530593693256378
v 0.23981359601020813 0.08325748145580292 -0.15530593693256378
v 0.7379871010780334 0.08325748145580292 0.15530593693256378
v 0.23981359601020813 0.08325748145580292 0.15530593693256378
v -0.42310386896133423 0.08822137862443924 0.013445108197629452
v -1.3083089590072632 0.00019165649428032339 0.013445108197629452
v -1.3083089590072632 0.08822137862443924 0.013445108197629452
v -1.3083089590072632 0.00019165649428032339 0.013445108197629452
v -0.42310386896133423 0.08822137862443924 0.013445108197629452
v -0.42310386896133423 0.00019165649428032339 0.013445108197629452
v -0.42310386896133423 0.08822137862443924 0.013445108197629452
v -1.3083089590072632 0.08822137862443924 0.013445108197629452
v -1.3083089590072632 0.08822137862443924 0.10365550220012665
v -0.42310386896133423 0.08822137862443924 0.013445108197629452
v -1.3083089590072632 0.08822137862443924 0.10365550220012665
v -0.42310386896133423 0.08822137862443924 0.10365550220012665
v -0.9010464549064636 0.1664591282606125 -0.09318334609270096
v -0.705846905708313 0.1664591282606125 -0.09318334609270096
v -0.705846905708313 0.1664591282606125 0.09318334609270096
v -0.9010464549064636 0.1664591282606125 -0.09318334609270096
v -0.705846905708313 0.1664591282606125 0.09318334609270096
v -0.9010464549064636 0.1664591282606125 0.09318334609270096
v -1.1609441041946411 0.1664591282606125 -0.09318334609270096
v -0.9657444357872009 0.1664591282606125 -0.09318334609270096
v -0.9657444357872009 0.1664591282606125 0.09318334609270096
v -1.1609441041946411 0.1664591282606125 -0.09318334609270096
v -0.9657444357872009 0.1664591282606125 0.09318334609270096
v -1.1609441041946411 0.1664591282606125 0.09318334609270096
v -0.705846905708313 0.2280794084072113 0.06116538122296333
v -0.6863272786140442 0.19726872444152832 -0.07717490196228027
v -0.705846905708313 0.2280794084072113 -0.06116538122296333
v -0.6863272786140442 0.19726872444152832 0.07717490196228027
v -0.6863272786140442 0.19726872444152832 -0.07717490196228027
v -0.705846905708313 0.2280794084072113 0.06116538122296333
v 0.3518892526626587 -0.05270271748304367 -0.1435704380273819
v 0.12463567405939102 -0.05270271748304367 -0.1435704380273819
v 0.12463567405939102 -0.05270271748304367 0.1435704380273819
v 0.3518892526626587 -0.05270271748304367 -0.1435704380273819
v 0.12463567405939102 -0.05270271748304367 0.1435704380273819
v 0.3518892526626587 -0.05270271748304367 0.1435704380273819
v -0.6863272786140442 0.19726872444152832 -0.07717490196228027
v -0.705846905708313 0.1664591282606125 0.09318334609270096
v -0.705846905708313 0.1664591282606125 -0.09318334609270096
v -0.705846905708313 0.1664591282606125 0.09318334609270096
v -0.6863272786140442 0.19726872444152832 -0.07717490196228027
v -0.6863272786140442 0.19726872444152832 0.07717490196228027
v -0.9657444357872009 0.2280794084072113 0.06116538122296333
v -0.9462248086929321 0.19726872444152832 -0.07717490196228027
v -0.9657444357872009 0.2280794084072113 -0.06116538122296333
v -0.9462248086929321 0.19726872444152832 0.07717490196228027
v -0.9462248086929321 0.19726872444152832 -0.07717490196228027
v -0.9657444357872009 0.2280794084072113 0.06116538122296333
v -0.9462248086929321 0.19726872444152832 -0.07717490196228027
v -0.9657444357872009 0.1664591282606125 0.09318334609270096
v -0.9657444357872009 0.1664591282606125 -0.09318334609270096
v -0.9657444357872009 0.1664591282606125 0.09318334609270096
v -0.9462248086929321 0.19726872444152832 -0.07717490196228027
v -0.9462248086929321 0.19726872444152832 0.07717490196228027
v 0.12463567405939102 -0.14073245227336884 -0.1435704380273819
v 0.12463567405939102 -0.14073245227336884 0.1435704380273819
v 0.12463567405939102 -0.05270271748304367 -0.1435704380273819
v 0.12463567405939102 -0.05270271748304367 -0.1435704380273819
v 0.12463567405939102 -0.14073245227336884 0.1435704380273819
v 0.12463567405939102 -0.05270271748304367 0.1435704380273819
v 0.23981359601020813 0.08325748145580292 -0.15530593693256378
v 0.23981359601020813 0.17128720879554749 0.10194265842437744
v 0.23981359601020813 0.17128720879554749 -0.10194265842437744
v 0.23981359601020813 0.17128720879554749 0.10194265842437744
v 0.23981359601020813 0.08325748145580292 -0.15530593693256378
v 0.23981359601020813 0.08325748145580292 0.15530593693256378
vt 0 0
vt 0 0
vt 0 0
vt 0 0
vt 0 0
vt 0 0
vt 0 0
vt 0 0
vt 0 0
vt 0 0
vt 0 0
vt 0 0
vt 0 0
vt 0 0
vt 0 0
vt 0 0
vt 0 0
vt 0 0
vt 0 0
vt 0 0
vt 0 0
vt 0 0
vt 0 0
vt 0 0
vt 0 0
vt 0 0
vt 0 0
vt 0 0
vt 0 0
vt 0 0
vt 0 0
vt 0 0
vt 0 0
vt 0 0
vt 0 0
vt 0 0
vt 0 0
vt 0 0
vt 0 0
vt 0 0
vt 0 0
vt 0 0
vt 0 0
vt 0 0
vt 0 0
vt 0 0
vt 0 0
vt 0 0
vt 0 0
vt 0 0
vt 0 0
vt 0 0
vt 0 0
vt 0 0
vt 0 0
vt 0 0
vt 0 0
vt 0 0
vt 0 0
vt 0 0
vt 0 0
vt 0 0
vt 0 0
vt 0 0
vt 0 0
vt 0 0
vt 0 0
vt 0 0
vt 0 0
vt 0 0
vt 0 0
vt 0 0
vt 0 0
vt 0 0
vt 0 0
vt 0 0
vt 0 0
vt 0 0
vt 0 0
vt 0 0
vt 0 0
vt 0 0
vt 0 0
vt 0 0
vt 0 0
vt 0 0
vt 0 0
vt 0 0
vt 0 0
vt 0 0
vt 0 0
vt 0 0
vt 0 0
vt 0 0
vt 0 0
vt 0 0
vt 0 0
vt 0 0
vt 0 0
vt 0 0
vt 0 0
vt 0 0
vt 0 0
vt 0 0
vt 0 0
vt 0 0
vt 0 0
vt 0 0
vt 0 0
vt 0 0
vt 0 0
vt 0 0
vt 0 0
vt 0 0
vt 0 0
vt 0 0
vt 0 0
vt 0 0
vt 0 0
vt 0 0
vt 0 0
vt 0 0
vt 0 0
vt 0 0
vt 0 0
vt 0 0
vt 0 0
vt 0 0
vt 0 0
vt 0 0
vt 0 0
vt 0 0
vt 0 0
vt 0 0
vt 0 0
vt 0 0
vt 0 0
vt 0 0
vt 0 0
vt 0 0
vt 0 0
vt 0 0
vt 0 0
vt 0 0
vt 0 0
vt 0 0
vt 0 0
vt 0 0
vt 0 0
vt 0 0
vt 0 0
vt 0 0
vt 0 0
vt 0 0
vt 0 0
vt 0 0
vt 0 0
vt 0 0
vt 0 0
vt 0 0
vt 0 0
vt 0 0
vt 0 0
vt 0 0
vt 0 0
vt 0 0
vt 0 0
vt 0 0
vt 0 0
vt 0 0
vt 0 0
vt 0 0
vt 0 0
vt 0 0
vt 0 0
vt 0 0
vt 0 0
vt 0 0
vt 0 0
vt 0 0
vt 0 0
vt 0 0
vt 0 0
vt 0 0
vt 0 0
vt 0 0
vt 0 0
vt 0 0
vt 0 0
vt 0 0
vt 0 0
vt 0 0
vt 0 0
vt 0 0
vt 0 0
vt 0 0
vt 0 0
vt 0 0
vt 0 0
vt 0 0
vt 0 0
vt 0 0
vt 0 0
vt 0 0
vt 0 0
vt 0 0
vt 0 0
vt 0 0
vt 0 0
vt 0 0
vt 0 0
vt 0 0
vt 0 0
vt 0 0
vt 0 0
vt 0 0
vt 0 0
vt 0 0
vt 0 0
vt 0 0
vt 0 0
vt 0 0
vt 0 0
vt 0 0
vt 0 0
vt 0 0
vt 0 0
vt 0 0
vt 0 0
vt 0 0
vt 0 0
vt 0 0
vt 0 0
vt 0 0
vt 0 0
vt 0 0
vt 0 0
vt 0 0
vt 0 0
vt 0 0
vn 1 0 0
vn 1 0 0
vn 1 0 0
vn 1 0 0
vn 1 0 0
vn 1 0 0
vn 1 0 0
vn 1 0 0
vn 1 0 0
vn 1 0 0
vn 1 0 0
vn 1 0 0
vn -1 0 0
vn -1 0 0
vn -1 0 0
vn -1 0 0
vn -1 0 0
vn -1 0 0
vn -1 0 0
vn -1 0 0
vn -1 0 0
vn -0.8447317549400354 0.5351899309552898 0
vn -0.8447317549400354 0.5351899309552898 0
vn -0.8447317549400354 0.5351899309552898 0
vn -0.8447317549400354 0.5351899309552898 0
vn -0.8447317549400354 0.5351899309552898 0
vn -0.8447317549400354 0.5351899309552898 0
vn -0.8447317549400354 -0.5351899309552898 0
vn -0.8447317549400354 -0.5351899309552898 0
vn -0.8447317549400354 -0.5351899309552898 0
vn -0.8447317549400354 -0.5351899309552898 0
vn -0.8447317549400354 -0.5351899309552898 0
vn -0.8447317549400354 -0.5351899309552898 0
vn -0.8447317549400354 0.5351899309552898 0
vn -0.8447317549400354 0.5351899309552898 0
vn -0.8447317549400354 0.5351899309552898 0
vn -0.8447317549400354 0.5351899309552898 0
vn -0.8447317549400354 0.5351899309552898 0
vn -0.8447317549400354 0.5351899309552898 0
vn -0.8447317549400354 -0.5351899309552898 0
vn -0.8447317549400354 -0.5351899309552898 0
vn -0.8447317549400354 -0.5351899309552898 0
vn -0.8447317549400354 -0.5351899309552898 0
vn -0.8447317549400354 -0.5351899309552898 0
vn -0.8447317549400354 -0.5351899309552898 0
vn 0 -1 0
vn 0 -1 0
vn 0 -1 0
vn 0 -1 0
vn 0 -1 0
vn 0 -1 0
vn 0 0 -1
vn 0 0 -1
vn 0 0 -1
vn 0 0 -1
vn 0 0 -1
vn 0 0 -1
vn 0 0.5184169835617677 -0.8551279618599299
vn 0 0.5184169835617677 -0.8551279618599299
vn 0 0.5184169835617677 -0.8551279618599299
vn 0 0.5184169835617677 -0.8551279618599299
vn 0 0.5184169835617677 -0.8551279618599299
vn 0 0.5184169835617677 -0.8551279618599299
vn 0 0 1
vn 0 0 1
vn 0 0 1
vn 0 0 1
vn 0 0 1
vn 0 0 1
vn 0 0.4610790278430425 -0.8873590761824182
vn 0 0.4610790278430425 -0.8873590761824182
vn 0 0.4610790278430425 -0.8873590761824182
vn 0 0.4610790278430425 -0.8873590761824182
vn 0 0.4610790278430425 -0.8873590761824182
vn 0 0.4610790278430425 -0.8873590761824182
vn 0 0.4610790278430425 -0.8873590761824182
vn 0 0.4610790278430425 -0.8873590761824182
vn 0 0.4610790278430425 -0.8873590761824182
vn 0 0.4610790278430425 -0.8873590761824182
vn 0 0.4610790278430425 -0.8873590761824182
vn 0 0.4610790278430425 -0.8873590761824182
vn 0 0.4610790278430425 -0.8873590761824182
vn 0 0.4610790278430425 -0.8873590761824182
vn 0 0.4610790278430425 -0.8873590761824182
vn 0 0.4610790278430425 -0.8873590761824182
vn 0 0.4610790278430425 -0.8873590761824182
vn 0 0.4610790278430425 -0.8873590761824182
vn 0 0.4610790278430425 -0.8873590761824182
vn 0 0.4610790278430425 -0.8873590761824182
vn 0 0.4610790278430425 -0.8873590761824182
vn 0 0.4610790278430425 -0.8873590761824182
vn 0 0.4610790278430425 -0.8873590761824182
vn 0 0.4610790278430425 -0.8873590761824182
vn 0 1 0
vn 0 1 0
vn 0 1 0
vn 0 1 0
vn 0 1 0
vn 0 1 0
vn 0 1 0
vn 0 1 0
vn 0 1 0
vn 0 1 0
vn 0 1 0
vn 0 1 0
vn 1 0 0
vn 1 0 0
vn 1 0 0
vn 1 0 0
vn 1 0 0
vn 1 0 0
vn 1 0 0
vn 1 0 0
vn 1 0 0
vn 0 -1 0
vn 0 -1 0
vn 0 -1 0
vn 0 -1 0
vn 0 -1 0
vn 0 -1 0
vn 0 0.5184169835617677 0.8551279618599299
vn 0 0.5184169835617677 0.8551279618599299
vn 0 0.5184169835617677 0.8551279618599299
vn 0 0.5184169835617677 0.8551279618599299
vn 0 0.5184169835617677 0.8551279618599299
vn 0 0.5184169835617677 0.8551279618599299
vn 0 0.4610790278430425 0.8873590761824182
vn 0 0.4610790278430425 0.8873590761824182
vn 0 0.4610790278430425 0.8873590761824182
vn 0 0.4610790278430425 0.8873590761824182
vn 0 0.4610790278430425 0.8873590761824182
vn 0 0.4610790278430425 0.8873590761824182
vn 0 0.4610790278430425 0.8873590761824182
vn 0 0.4610790278430425 0.8873590761824182
vn 0 0.4610790278430425 0.8873590761824182
vn 0 0.4610790278430425 0.8873590761824182
vn 0 0.4610790278430425 0.8873590761824182
vn 0 0.4610790278430425 0.8873590761824182
vn 0 0.4610790278430425 0.8873590761824182
vn 0 0.4610790278430425 0.8873590761824182
vn 0 0.4610790278430425 0.8873590761824182
vn 0 0.4610790278430425 0.8873590761824182
vn 0 0.4610790278430425 0.8873590761824182
vn 0 0.4610790278430425 0.8873590761824182
vn 0 0.4610790278430425 0.8873590761824182
vn 0 0.4610790278430425 0.8873590761824182
vn 0 0.4610790278430425 0.8873590761824182
vn 0 0.4610790278430425 0.8873590761824182
vn 0 0.4610790278430425 0.8873590761824182
vn 0 0.4610790278430425 0.8873590761824182
vn 0 0.4408021575865151 0.8976042880173162
vn 0 0.4408021575865151 0.8976042880173162
vn 0 0.07989999055329718 0.9968028849825744
vn 0 0.07989999055329718 0.9968028849825744
vn 0 0.07989999055329718 0.9968028849825744
vn 0 0.4408021575865151 0.8976042880173162
vn 0 0.07989999055329718 0.9968028849825744
vn 0 0.07989999055329718 0.9968028849825744
vn 0 -0.3134970593009984 0.9495891710680078
vn 0 -0.3134970593009984 0.9495891710680078
vn 0 -0.3134970593009984 0.9495891710680078
vn 0 0.07989999055329718 0.9968028849825744
vn 0 1 0
vn 0 1 0
vn 0 1 0
vn 0 1 0
vn 0 1 0
vn 0 1 0
vn 0 -1 0
vn 0 -1 0
vn 0 -1 0
vn 0 -1 0
vn 0 -1 0
vn 0 -1 0
vn 0 0 -1
vn 0 0 -1
vn 0 0 -1
vn 0 0 -1
vn 0 0 -1
vn 0 0 -1
vn 0 1 0
vn 0 1 0
vn 0 1 0
vn 0 1 0
vn 0 1 0
vn 0 1 0
vn 0 -1 0
vn 0 -1 0
vn 0 -1 0
vn 0 -1 0
vn 0 -1 0
vn 0 -1 0
vn 0 -1 0
vn 0 -1 0
vn 0 -1 0
vn 0 -1 0
vn 0 -1 0
vn 0 -1 0
vn 0.8447317549400354 0.5351899309552898 0
vn 0.8447317549400354 0.5351899309552898 0
vn 0.8447317549400354 0.5351899309552898 0
vn 0.8447317549400354 0.5351899309552898 0
vn 0.8447317549400354 0.5351899309552898 0
vn 0.8447317549400354 0.5351899309552898 0
vn 0 1 0
vn 0 1 0
vn 0 1 0
vn 0 1 0
vn 0 1 0
vn 0 1 0
vn 0.8447317549400354 -0.5351899309552898 0
vn 0.8447317549400354 -0.5351899309552898 0
vn 0.8447317549400354 -0.5351899309552898 0
vn 0.8447317549400354 -0.5351899309552898 0
vn 0.8447317549400354 -0.5351899309552898 0
vn 0.8447317549400354 -0.5351899309552898 0
vn 0.8447317549400354 0.5351899309552898 0
vn 0.8447317549400354 0.5351899309552898 0
vn 0.8447317549400354 0.5351899309552898 0
vn 0.8447317549400354 0.5351899309552898 0
vn 0.8447317549400354 0.5351899309552898 0
vn 0.8447317549400354 0.5351899309552898 0
vn 0.8447317549400354 -0.5351899309552898 0
vn 0.8447317549400354 -0.5351899309552898 0
vn 0.8447317549400354 -0.5351899309552898 0
vn 0.8447317549400354 -0.5351899309552898 0
vn 0.8447317549400354 -0.5351899309552898 0
vn 0.8447317549400354 -0.5351899309552898 0
vn -1 0 0
vn -1 0 0
vn -1 0 0
vn -1 0 0
vn -1 0 0
vn -1 0 0
vn -1 0 0
vn -1 0 0
vn -1 0 0
vn -1 0 0
vn -1 0 0
vn -1 0 0
f 1/1/1 2/2/2 3/3/3
f 4/4/4 5/5/5 6/6/6
f 7/7/7 8/8/8 9/9/9
f 10/10/10 11/11/11 12/12/12
f 13/13/13 14/14/14 15/15/15
f 16/16/16 17/17/17 18/18/18
f 19/19/19 20/20/20 21/21/21
f 22/22/22 23/23/23 24/24/24
f 25/25/25 26/26/26 27/27/27
f 28/28/28 29/29/29 30/30/30
f 31/31/31 32/32/32 33/33/33
f 34/34/34 35/35/35 36/36/36
f 37/37/37 38/38/38 39/39/39
f 40/40/40 41/41/41 42/42/42
f 43/43/43 44/44/44 45/45/45
f 46/46/46 47/47/47 48/48/48
f 49/49/49 50/50/50 51/51/51
f 52/52/52 53/53/53 54/54/54
f 55/55/55 56/56/56 57/57/57
f 58/58/58 59/59/59 60/60/60
f 61/61/61 62/62/62 63/63/63
f 64/64/64 65/65/65 66/66/66
f 67/67/67 68/68/68 69/69/69
f 70/70/70 71/71/71 72/72/72
f 73/73/73 74/74/74 75/75/75
f 76/76/76 77/77/77 78/78/78
f 79/79/79 80/80/80 81/81/81
f 82/82/82 83/83/83 84/84/84
f 85/85/85 86/86/86 87/87/87
f 88/88/88 89/89/89 90/90/90
f 91/91/91 92/92/92 93/93/93
f 94/94/94 95/95/95 96/96/96
f 97/97/97 98/98/98 99/99/99
f 100/100/100 101/101/101 102/102/102
f 103/103/103 104/104/104 105/105/105
f 106/106/106 107/107/107 108/108/108
f 109/109/109 110/110/110 111/111/111
f 112/112/112 113/113/113 114/114/114
f 115/115/115 116/116/116 117/117/117
f 118/118/118 119/119/119 120/120/120
f 121/121/121 122/122/122 123/123/123
f 124/124/124 125/125/125 126/126/126
f 127/127/127 128/128/128 129/129/129
f 130/130/130 131/131/131 132/132/132
f 133/133/133 134/134/134 135/135/135
f 136/136/136 137/137/137 138/138/138
f 139/139/139 140/140/140 141/141/141
f 142/142/142 143/143/143 144/144/144
f 145/145/145 146/146/146 147/147/147
f 148/148/148 149/149/149 150/150/150
f 151/151/151 152/152/152 153/153/153
f 154/154/154 155/155/155 156/156/156
f 157/157/157 158/158/158 159/159/159
f 160/160/160 161/161/161 162/162/162
f 163/163/163 164/164/164 165/165/165
f 166/166/166 167/167/167 168/168/168
f 169/169/169 170/170/170 171/171/171
f 172/172/172 173/173/173 174/174/174
f 175/175/175 176/176/176 177/177/177
f 178/178/178 179/179/179 180/180/180
f 181/181/181 182/182/182 183/183/183
f 184/184/184 185/185/185 186/186/186
f 187/187/187 188/188/188 189/189/189
f 190/190/190 191/191/191 192/192/192
f 193/193/193 194/194/194 195/195/195
f 196/196/196 197/197/197 198/198/198
f 199/199/199 200/200/200 201/201/201
f 202/202/202 203/203/203 204/204/204
f 205/205/205 206/206/206 207/207/207
f 208/208/208 209/209/209 210/210/210
f 211/211/211 212/212/212 213/213/213
f 214/214/214 215/215/215 216/216/216
f 217/217/217 218/218/218 219/219/219
f 220/220/220 221/221/221 222/222/222
f 223/223/223 224/224/224 225/225/225
f 226/226/226 227/227/227 228/228/228
f 229/229/229 230/230/230 231/231/231
f 232/232/232 233/233/233 234/234/234
f 235/235/235 236/236/236 237/237/237
f 238/238/238 239/239/239 240/240/240
o 
v 1.4010289049629792 0.25571390986442566 0.06761575490236282
v 1.5095453596596344 0.08772174268960953 -0.16903993487358093
v 1.4010289049629792 0.25571390986442566 -0.06761575490236282
v 1.5095453596596344 0.08772174268960953 0.16903993487358093
v 1.5095453596596344 0.08772174268960953 -0.16903993487358093
v 1.4010289049629792 0.25571390986442566 0.06761575490236282
v 1.5095453596596344 0.08772174268960953 -0.16903993487358093
v 1.5095453596596344 0.08772174268960953 0.16903993487358093
v 1.5095453596596344 0.008864179253578186 0.13523150980472565
v 1.5095453596596344 0.008864179253578186 0.13523150980472565
v 1.5095453596596344 0.008864179253578186 -0.13523150980472565
v 1.5095453596596344 0.08772174268960953 -0.16903993487358093
v 1.5095453596596344 0.008864179253578186 0.13523150980472565
v 1.4280077553276642 -0.5980391502380371 0.13523150980472565
v 1.5095453596596344 0.008864179253578186 -0.13523150980472565
v 1.4280077553276642 -0.5980391502380371 -0.13523150980472565
v 1.5095453596596344 0.008864179253578186 -0.13523150980472565
v 1.4280077553276642 -0.5980391502380371 0.13523150980472565
v 1.4280077553276642 -0.5980391502380371 -0.13523150980472565
v 1.4280077553276642 -0.5980391502380371 0.13523150980472565
v 1.4254458284859284 -0.6578689813613892 0.13523150980472565
v 1.4254458284859284 -0.6578689813613892 0.13523150980472565
v 1.4254458284859284 -0.6578689813613892 -0.13523150980472565
v 1.4280077553276642 -0.5980391502380371 -0.13523150980472565
v 1.4254458284859284 -0.6578689813613892 -0.13523150980472565
v 1.4254458284859284 -0.6578689813613892 0.13523150980472565
v 1.4177035427574738 -0.7166661620140076 0.13523150980472565
v 1.4177035427574738 -0.7166661620140076 0.13523150980472565
v 1.4177035427574738 -0.7166661620140076 -0.13523150980472565
v 1.4254458284859284 -0.6578689813613892 -0.13523150980472565
v 1.0716880894188507 -0.7166661620140076 -0.13523150980472565
v 1.4177035427574738 -0.7166661620140076 -0.13523150980472565
v 1.4177035427574738 -0.7166661620140076 0.13523150980472565
v 1.0716880894188507 -0.7166661620140076 -0.13523150980472565
v 1.4177035427574738 -0.7166661620140076 0.13523150980472565
v 1.0716880894188507 -0.7166661620140076 0.13523150980472565
v 0.714347097921811 -0.41343167424201965 0.13523150980472565
v 0.714347097921811 -0.41343167424201965 -0.13523150980472565
v 0.738841567087613 -0.318053662776947 -0.13523150980472565
v 0.738841567087613 -0.318053662776947 -0.13523150980472565
v 0.738841567087613 -0.318053662776947 0.13523150980472565
v 0.714347097921811 -0.41343167424201965 0.13523150980472565
v -0.3061407470221893 0.25571390986442566 0.06761575490236282
v 1.4010289049629792 0.25571390986442566 0.06761575490236282
v -0.3061407470221893 0.25571390986442566 -0.06761575490236282
v 1.4010289049629792 0.25571390986442566 -0.06761575490236282
v -0.3061407470221893 0.25571390986442566 -0.06761575490236282
v 1.4010289049629792 0.25571390986442566 0.06761575490236282
v -1.0647195243354217 0.008864179253578186 0.13523150980472565
v -0.3061407470221893 0.008864179253578186 0.13523150980472565
v -1.0647195243354217 0.008864179253578186 -0.13523150980472565
v -0.3061407470221893 0.008864179253578186 -0.13523150980472565
v -1.0647195243354217 0.008864179253578186 -0.13523150980472565
v -0.3061407470221893 0.008864179253578186 0.13523150980472565
v -0.3061407470221893 0.008864179253578186 -0.13523150980472565
v -0.3061407470221893 0.008864179253578186 0.13523150980472565
v -0.3061407470221893 0.25571390986442566 -0.06761575490236282
v -0.3061407470221893 0.008864179253578186 -0.13523150980472565
v -0.3061407470221893 0.25571390986442566 -0.06761575490236282
v -0.3061407470221893 0.08772174268960953 -0.16903993487358093
v -0.3061407470221893 0.008864179253578186 0.13523150980472565
v -0.3061407470221893 0.25571390986442566 0.06761575490236282
v -0.3061407470221893 0.25571390986442566 -0.06761575490236282
v -0.3061407470221893 0.25571390986442566 0.06761575490236282
v -0.3061407470221893 0.008864179253578186 0.13523150980472565
v -0.3061407470221893 0.08772174268960953 0.16903993487358093
v -1.277900900792636 -0.841414749622345 -0.06963580846786499
v -1.1150027179236786 -0.841414749622345 0.0703580230474472
v -1.277900900792636 -0.841414749622345 0.0703580230474472
v -1.277900900792636 -0.841414749622345 -0.06963580846786499
v -1.277900900792636 -0.841414749622345 0.0703580230474472
v -1.3192677163596527 -0.841414749622345 0.026277948170900345
v -1.277900900792636 -0.841414749622345 -0.06963580846786499
v -1.3192677163596527 -0.841414749622345 0.026277948170900345
v -1.3192677163596527 -0.841414749622345 -0.02555573172867298
v -1.1150027179236786 -0.841414749622345 -0.06963580846786499
v -1.1150027179236786 -0.841414749622345 0.0703580230474472
v -1.277900900792636 -0.841414749622345 -0.06963580846786499
v -1.1150027179236786 -0.841414749622345 0.0703580230474472
v -1.1150027179236786 -0.841414749622345 -0.06963580846786499
v -1.0741474294181244 -0.841414749622345 0.026277948170900345
v -1.0741474294181244 -0.841414749622345 0.026277948170900345
v -1.1150027179236786 -0.841414749622345 -0.06963580846786499
v -1.0741474294181244 -0.841414749622345 -0.02555573172867298
v -1.1048961543555633 -0.19744651019573212 -0.06963580846786499
v -1.140862908315219 -0.43543559312820435 -0.06963580846786499
v -1.2394219302649871 -0.19744651019573212 -0.06963580846786499
v -1.140862908315219 -0.43543559312820435 -0.06963580846786499
v -1.1048961543555633 -0.19744651019573212 -0.06963580846786499
v -1.0777414702887909 -0.23058336973190308 -0.02555573172867298
v -1.2394219302649871 -0.19744651019573212 -0.06963580846786499
v -1.140862908315219 -0.43543559312820435 -0.06963580846786499
v -1.2394010686393158 -0.43543559312820435 -0.06963580846786499
v -1.2394219302649871 -0.19744651019573212 -0.06963580846786499
v -1.2394010686393158 -0.43543559312820435 -0.06963580846786499
v -1.2805651092048065 -0.43543559312820435 -0.02555573172867298
v -1.2805651092048065 -0.43543559312820435 -0.02555573172867298
v -1.2805651092048065 -0.19744651019573212 -0.02555573172867298
v -1.2394219302649871 -0.19744651019573212 -0.06963580846786499
v -1.140862908315219 -0.43543559312820435 -0.06963580846786499
v -1.252246227216281 -0.5754283666610718 -0.06963580846786499
v -1.2394010686393158 -0.43543559312820435 -0.06963580846786499
v -1.252246227216281 -0.5754283666610718 -0.06963580846786499
v -1.2805651092048065 -0.43543559312820435 -0.02555573172867298
v -1.2394010686393158 -0.43543559312820435 -0.06963580846786499
v -1.2805651092048065 -0.19744651019573212 -0.02555573172867298
v -1.2805651092048065 -0.43543559312820435 -0.02555573172867298
v -1.2805651092048065 -0.19744651019573212 0.026277948170900345
v -1.2805651092048065 -0.43543559312820435 0.026277948170900345
v -1.2805651092048065 -0.19744651019573212 0.026277948170900345
v -1.2805651092048065 -0.43543559312820435 -0.02555573172867298
v -1.2805651092048065 -0.43543559312820435 0.026277948170900345
v -1.2394219302649871 -0.19744651019573212 0.0703580230474472
v -1.2805651092048065 -0.19744651019573212 0.026277948170900345
v -1.2394219302649871 -0.19744651019573212 0.0703580230474472
v -1.2805651092048065 -0.43543559312820435 0.026277948170900345
v -1.2394010686393158 -0.43543559312820435 0.0703580230474472
v -1.140862908315219 -0.43543559312820435 0.0703580230474472
v -1.2394219302649871 -0.19744651019573212 0.0703580230474472
v -1.2394010686393158 -0.43543559312820435 0.0703580230474472
v -1.2394219302649871 -0.19744651019573212 0.0703580230474472
v -1.140862908315219 -0.43543559312820435 0.0703580230474472
v -1.1048961543555633 -0.19744651019573212 0.0703580230474472
v -1.2805651092048065 -0.43543559312820435 0.026277948170900345
v -1.252246227216281 -0.5754283666610718 0.0703580230474472
v -1.2394010686393158 -0.43543559312820435 0.0703580230474472
v -1.252246227216281 -0.5754283666610718 0.0703580230474472
v -1.140862908315219 -0.43543559312820435 0.0703580230474472
v -1.2394010686393158 -0.43543559312820435 0.0703580230474472
v -1.140862908315219 -0.43543559312820435 0.0703580230474472
v -1.0777414702887909 -0.23058336973190308 0.026277948170900345
v -1.1048961543555633 -0.19744651019573212 0.0703580230474472
v -1.0777414702887909 -0.23058336973190308 0.026277948170900345
v -1.140862908315219 -0.43543559312820435 0.0703580230474472
v -1.0999501609321014 -0.43543559312820435 0.026277948170900345
v -1.0999501609321014 -0.43543559312820435 0.026277948170900345
v -1.0777414702887909 -0.23058336973190308 -0.02555573172867298
v -1.0777414702887909 -0.23058336973190308 0.026277948170900345
v -1.2805651092048065 -0.43543559312820435 -0.02555573172867298
v -1.2934660577292816 -0.5754283666610718 0.026277948170900345
v -1.2805651092048065 -0.43543559312820435 0.026277948170900345
v -1.252246227216281 -0.5754283666610718 0.0703580230474472
v -1.2805651092048065 -0.43543559312820435 0.026277948170900345
v -1.2934660577292816 -0.5754283666610718 0.026277948170900345
v -1.2805651092048065 -0.43543559312820435 -0.02555573172867298
v -1.2934660577292816 -0.5754283666610718 -0.02555573172867298
v -1.2934660577292816 -0.5754283666610718 0.026277948170900345
v -1.2805651092048065 -0.43543559312820435 -0.02555573172867298
v -1.252246227216281 -0.5754283666610718 -0.06963580846786499
v -1.2934660577292816 -0.5754283666610718 -0.02555573172867298
v -1.2805651092048065 -0.7154210805892944 0.026277948170900345
v -1.252246227216281 -0.5754283666610718 0.0703580230474472
v -1.2934660577292816 -0.5754283666610718 0.026277948170900345
v -1.2934660577292816 -0.5754283666610718 -0.02555573172867298
v -1.2805651092048065 -0.7154210805892944 0.026277948170900345
v -1.2934660577292816 -0.5754283666610718 0.026277948170900345
v -1.140862908315219 -0.43543559312820435 0.0703580230474472
v -1.252246227216281 -0.5754283666610718 0.0703580230474472
v -1.1150414609427826 -0.5754283666610718 0.0703580230474472
v -1.1150414609427826 -0.5754283666610718 0.0703580230474472
v -1.0999501609321014 -0.43543559312820435 0.026277948170900345
v -1.140862908315219 -0.43543559312820435 0.0703580230474472
v -1.2392569446082489 -0.7154210805892944 0.0703580230474472
v -1.1150414609427826 -0.5754283666610718 0.0703580230474472
v -1.252246227216281 -0.5754283666610718 0.0703580230474472
v -1.252246227216281 -0.5754283666610718 0.0703580230474472
v -1.2805651092048065 -0.7154210805892944 0.026277948170900345
v -1.2392569446082489 -0.7154210805892944 0.0703580230474472
v -1.0999501609321014 -0.43543559312820435 0.026277948170900345
v -1.1150414609427826 -0.5754283666610718 0.0703580230474472
v -1.0741474294181244 -0.5754283666610718 0.026277948170900345
v -1.2805651092048065 -0.7154210805892944 -0.02555573172867298
v -1.2934660577292816 -0.5754283666610718 -0.02555573172867298
v -1.252246227216281 -0.5754283666610718 -0.06963580846786499
v -1.2934660577292816 -0.5754283666610718 -0.02555573172867298
v -1.2805651092048065 -0.7154210805892944 -0.02555573172867298
v -1.2805651092048065 -0.7154210805892944 0.026277948170900345
v -1.277900900792636 -0.841414749622345 0.0703580230474472
v -1.2392569446082489 -0.7154210805892944 0.0703580230474472
v -1.2805651092048065 -0.7154210805892944 0.026277948170900345
v -1.2805651092048065 -0.7154210805892944 0.026277948170900345
v -1.3192677163596527 -0.841414749622345 0.026277948170900345
v -1.277900900792636 -0.841414749622345 0.0703580230474472
v -1.2805651092048065 -0.7154210805892944 0.026277948170900345
v -1.3192677163596527 -0.841414749622345 -0.02555573172867298
v -1.3192677163596527 -0.841414749622345 0.026277948170900345
v -1.3192677163596527 -0.841414749622345 -0.02555573172867298
v -1.2805651092048065 -0.7154210805892944 0.026277948170900345
v -1.2805651092048065 -0.7154210805892944 -0.02555573172867298
v -1.1150027179236786 -0.841414749622345 0.0703580230474472
v -1.2392569446082489 -0.7154210805892944 0.0703580230474472
v -1.277900900792636 -0.841414749622345 0.0703580230474472
v -1.2805651092048065 -0.7154210805892944 -0.02555573172867298
v -1.277900900792636 -0.841414749622345 -0.06963580846786499
v -1.3192677163596527 -0.841414749622345 -0.02555573172867298
v -1.2392569446082489 -0.7154210805892944 0.0703580230474472
v -1.1150027179236786 -0.841414749622345 0.0703580230474472
v -1.1150115394111053 -0.7154210805892944 0.0703580230474472
v -1.1150414609427826 -0.5754283666610718 0.0703580230474472
v -1.2392569446082489 -0.7154210805892944 0.0703580230474472
v -1.1150115394111053 -0.7154210805892944 0.0703580230474472
v -1.1150115394111053 -0.7154210805892944 0.0703580230474472
v -1.0741474294181244 -0.5754283666610718 0.026277948170900345
v -1.1150414609427826 -0.5754283666610718 0.0703580230474472
v -1.1150027179236786 -0.841414749622345 0.0703580230474472
v -1.0741474294181244 -0.7154210805892944 0.026277948170900345
v -1.1150115394111053 -0.7154210805892944 0.0703580230474472
v -1.0741474294181244 -0.5754283666610718 0.026277948170900345
v -1.1150115394111053 -0.7154210805892944 0.0703580230474472
v -1.0741474294181244 -0.7154210805892944 0.026277948170900345
v -1.0741474294181244 -0.7154210805892944 0.026277948170900345
v -1.1150027179236786 -0.841414749622345 0.0703580230474472
v -1.0741474294181244 -0.841414749622345 0.026277948170900345
v -1.277900900792636 -0.841414749622345 -0.06963580846786499
v -1.2805651092048065 -0.7154210805892944 -0.02555573172867298
v -1.2392569446082489 -0.7154210805892944 -0.06963580846786499
v -1.252246227216281 -0.5754283666610718 -0.06963580846786499
v -1.2392569446082489 -0.7154210805892944 -0.06963580846786499
v -1.2805651092048065 -0.7154210805892944 -0.02555573172867298
v -1.2392569446082489 -0.7154210805892944 -0.06963580846786499
v -1.1150027179236786 -0.841414749622345 -0.06963580846786499
v -1.277900900792636 -0.841414749622345 -0.06963580846786499
v -1.0741474294181244 -0.7154210805892944 0.026277948170900345
v -1.0741474294181244 -0.841414749622345 0.026277948170900345
v -1.0741474294181244 -0.7154210805892944 -0.02555573172867298
v -1.0741474294181244 -0.7154210805892944 -0.02555573172867298
v -1.0741474294181244 -0.5754283666610718 0.026277948170900345
v -1.0741474294181244 -0.7154210805892944 0.026277948170900345
v -1.0741474294181244 -0.841414749622345 -0.02555573172867298
v -1.0741474294181244 -0.7154210805892944 -0.02555573172867298
v -1.0741474294181244 -0.841414749622345 0.026277948170900345
v -1.0741474294181244 -0.7154210805892944 -0.02555573172867298
v -1.0741474294181244 -0.841414749622345 -0.02555573172867298
v -1.1150027179236786 -0.841414749622345 -0.06963580846786499
v -1.0741474294181244 -0.7154210805892944 -0.02555573172867298
v -1.0741474294181244 -0.5754283666610718 -0.02555573172867298
v -1.0741474294181244 -0.5754283666610718 0.026277948170900345
v -1.1150027179236786 -0.841414749622345 -0.06963580846786499
v -1.1150115394111053 -0.7154210805892944 -0.06963580846786499
v -1.0741474294181244 -0.7154210805892944 -0.02555573172867298
v -1.1150115394111053 -0.7154210805892944 -0.06963580846786499
v -1.1150027179236786 -0.841414749622345 -0.06963580846786499
v -1.2392569446082489 -0.7154210805892944 -0.06963580846786499
v -1.1150115394111053 -0.7154210805892944 -0.06963580846786499
v -1.0741474294181244 -0.5754283666610718 -0.02555573172867298
v -1.0741474294181244 -0.7154210805892944 -0.02555573172867298
v -1.0741474294181244 -0.5754283666610718 -0.02555573172867298
v -1.0999501609321014 -0.43543559312820435 0.026277948170900345
v -1.0741474294181244 -0.5754283666610718 0.026277948170900345
v -1.2392569446082489 -0.7154210805892944 -0.06963580846786499
v -1.1150414609427826 -0.5754283666610718 -0.06963580846786499
v -1.1150115394111053 -0.7154210805892944 -0.06963580846786499
v -1.0741474294181244 -0.5754283666610718 -0.02555573172867298
v -1.1150115394111053 -0.7154210805892944 -0.06963580846786499
v -1.1150414609427826 -0.5754283666610718 -0.06963580846786499
v -1.1150414609427826 -0.5754283666610718 -0.06963580846786499
v -1.2392569446082489 -0.7154210805892944 -0.06963580846786499
v -1.252246227216281 -0.5754283666610718 -0.06963580846786499
v -1.252246227216281 -0.5754283666610718 -0.06963580846786499
v -1.140862908315219 -0.43543559312820435 -0.06963580846786499
v -1.1150414609427826 -0.5754283666610718 -0.06963580846786499
v -1.1150414609427826 -0.5754283666610718 -0.06963580846786499
v -1.0999501609321014 -0.43543559312820435 -0.02555573172867298
v -1.0741474294181244 -0.5754283666610718 -0.02555573172867298
v -1.0999501609321014 -0.43543559312820435 0.026277948170900345
v -1.0741474294181244 -0.5754283666610718 -0.02555573172867298
v -1.0999501609321014 -0.43543559312820435 -0.02555573172867298
v -1.0999501609321014 -0.43543559312820435 -0.02555573172867298
v -1.1150414609427826 -0.5754283666610718 -0.06963580846786499
v -1.140862908315219 -0.43543559312820435 -0.06963580846786499
v -1.0777414702887909 -0.23058336973190308 -0.02555573172867298
v -1.0999501609321014 -0.43543559312820435 0.026277948170900345
v -1.0999501609321014 -0.43543559312820435 -0.02555573172867298
v -1.140862908315219 -0.43543559312820435 -0.06963580846786499
v -1.0777414702887909 -0.23058336973190308 -0.02555573172867298
v -1.0999501609321014 -0.43543559312820435 -0.02555573172867298
v -0.6411289238448517 -0.592232346534729 -0.13523150980472565
v -0.6411289238448517 -0.592232346534729 0.13523150980472565
v -0.8383350634093658 -0.26368144154548645 -0.13523150980472565
v -0.6411289238448517 -0.592232346534729 0.13523150980472565
v -0.6411289238448517 -0.592232346534729 -0.13523150980472565
v -0.5237615966315643 -0.6542568206787109 -0.13523150980472565
v -0.8383350634093658 -0.26368144154548645 -0.13523150980472565
v -0.6411289238448517 -0.592232346534729 0.13523150980472565
v -0.8555918597693817 -0.23568308353424072 0.13523150980472565
v -0.5237615966315643 -0.6542568206787109 -0.13523150980472565
v -0.5237615966315643 -0.6542568206787109 0.13523150980472565
v -0.6411289238448517 -0.592232346534729 0.13523150980472565
v -0.5237615966315643 -0.6542568206787109 -0.13523150980472565
v -0.1400805824513809 -0.6542568206787109 -0.13523150980472565
v -0.5237615966315643 -0.6542568206787109 0.13523150980472565
v -0.1400805824513809 -0.6542568206787109 -0.13523150980472565
v -0.1400805824513809 -0.6542568206787109 0.13523150980472565
v -0.5237615966315643 -0.6542568206787109 0.13523150980472565
v -0.8555918597693817 -0.23568308353424072 0.13523150980472565
v -0.8555918597693817 -0.23568308353424072 -0.13523150980472565
v -0.8383350634093658 -0.26368144154548645 -0.13523150980472565
v -0.9720929526801483 -0.10449490696191788 0.13523150980472565
v -0.8555918597693817 -0.23568308353424072 -0.13523150980472565
v -0.8555918597693817 -0.23568308353424072 0.13523150980472565
v -0.8555918597693817 -0.23568308353424072 -0.13523150980472565
v -0.9720929526801483 -0.10449490696191788 0.13523150980472565
v -0.9720929526801483 -0.10449490696191788 -0.13523150980472565
v -0.3061407470221893 0.008864179253578186 0.13523150980472565
v -0.26227762932733456 -0.17526040971279144 0.13523150980472565
v -0.13797066743329922 -0.10526349395513535 0.13523150980472565
v 0.2666644490246399 -0.17526040971279144 0.13523150980472565
v -0.3061407470221893 0.008864179253578186 0.13523150980472565
v -0.13797066743329922 -0.10526349395513535 0.13523150980472565
v -0.26227762932733456 -0.17526040971279144 0.13523150980472565
v -0.3061407470221893 0.008864179253578186 0.13523150980472565
v -0.4779445790763275 -0.1011975035071373 0.13523150980472565
v -0.4779445790763275 -0.23327499628067017 0.13523150980472565
v -0.26227762932733456 -0.17526040971279144 0.13523150980472565
v -0.4779445790763275 -0.1011975035071373 0.13523150980472565
v -0.26227762932733456 -0.17526040971279144 0.13523150980472565
v -0.4779445790763275 -0.23327499628067017 0.13523150980472565
v -0.2537326776500122 -0.23327499628067017 0.13523150980472565
v -0.4779445790763275 -0.23327499628067017 0.13523150980472565
v -0.3600199782367126 -0.5272208452224731 0.13523150980472565
v -0.2537326776500122 -0.23327499628067017 0.13523150980472565
v -0.1400805824513809 -0.5782202482223511 0.13523150980472565
v -0.2537326776500122 -0.23327499628067017 0.13523150980472565
v -0.3600199782367126 -0.5272208452224731 0.13523150980472565
v -0.3600199782367126 -0.5272208452224731 0.13523150980472565
v -0.1400805824513809 -0.6542568206787109 0.13523150980472565
v -0.1400805824513809 -0.5782202482223511 0.13523150980472565
v -0.1400805824513809 -0.6542568206787109 0.13523150980472565
v -0.3600199782367126 -0.5272208452224731 0.13523150980472565
v -0.41129159564927975 -0.5884207487106323 0.13523150980472565
v -0.5237615966315643 -0.6542568206787109 0.13523150980472565
v -0.1400805824513809 -0.6542568206787109 0.13523150980472565
v -0.41129159564927975 -0.5884207487106323 0.13523150980472565
v -0.41129159564927975 -0.5884207487106323 0.13523150980472565
v -0.5469040536399261 -0.5899783372879028 0.13523150980472565
v -0.5237615966315643 -0.6542568206787109 0.13523150980472565
v -0.6411289238448517 -0.592232346534729 0.13523150980472565
v -0.5237615966315643 -0.6542568206787109 0.13523150980472565
v -0.5469040536399261 -0.5899783372879028 0.13523150980472565
v -0.5469040536399261 -0.5899783372879028 0.13523150980472565
v -0.7678636574263946 -0.23403385281562805 0.13523150980472565
v -0.6411289238448517 -0.592232346534729 0.13523150980472565
v -0.8555918597693817 -0.23568308353424072 0.13523150980472565
v -0.6411289238448517 -0.592232346534729 0.13523150980472565
v -0.7678636574263946 -0.23403385281562805 0.13523150980472565
v -0.7678636574263946 -0.16403694450855255 0.13523150980472565
v -0.8555918597693817 -0.23568308353424072 0.13523150980472565
v -0.7678636574263946 -0.23403385281562805 0.13523150980472565
v -0.8555918597693817 -0.23568308353424072 0.13523150980472565
v -0.7678636574263946 -0.16403694450855255 0.13523150980472565
v -0.9720929526801483 -0.10449490696191788 0.13523150980472565
v -0.7678636574263946 -0.16403694450855255 0.13523150980472565
v -0.7144205235953704 -0.10284674912691116 0.13523150980472565
v -0.9720929526801483 -0.10449490696191788 0.13523150980472565
v -0.7144205235953704 -0.10284674912691116 0.13523150980472565
v -1.0647195243354217 0.008864179253578186 0.13523150980472565
v -0.9720929526801483 -0.10449490696191788 0.13523150980472565
v -1.0647195243354217 -0.10526349395513535 0.13523150980472565
v -0.9720929526801483 -0.10449490696191788 0.13523150980472565
v -1.0647195243354217 0.008864179253578186 0.13523150980472565
v -1.0647195243354217 0.008864179253578186 0.13523150980472565
v -0.7144205235953704 -0.10284674912691116 0.13523150980472565
v -0.3061407470221893 0.008864179253578186 0.13523150980472565
v -0.3061407470221893 0.008864179253578186 0.13523150980472565
v -0.7144205235953704 -0.10284674912691116 0.13523150980472565
v -0.4779445790763275 -0.1011975035071373 0.13523150980472565
v -0.3061407470221893 0.008864179253578186 0.13523150980472565
v 1.5095453596596344 0.08772174268960953 0.16903993487358093
v -0.3061407470221893 0.08772174268960953 0.16903993487358093
v -0.3061407470221893 0.08772174268960953 0.16903993487358093
v 1.5095453596596344 0.08772174268960953 0.16903993487358093
v 1.4010289049629792 0.25571390986442566 0.06761575490236282
v -0.3061407470221893 0.08772174268960953 0.16903993487358093
v 1.4010289049629792 0.25571390986442566 0.06761575490236282
v -0.3061407470221893 0.25571390986442566 0.06761575490236282
v -0.3061407470221893 0.008864179253578186 0.13523150980472565
v 1.5095453596596344 0.008864179253578186 0.13523150980472565
v 1.5095453596596344 0.08772174268960953 0.16903993487358093
v -0.3061407470221893 0.008864179253578186 0.13523150980472565
v 0.2666644490246399 -0.17526040971279144 0.13523150980472565
v 1.5095453596596344 0.008864179253578186 0.13523150980472565
v 1.5095453596596344 0.008864179253578186 0.13523150980472565
v 0.2666644490246399 -0.17526040971279144 0.13523150980472565
v 0.738841567087613 -0.318053662776947 0.13523150980472565
v 0.30409352843805393 -0.29583844542503357 0.13523150980472565
v 0.738841567087613 -0.318053662776947 0.13523150980472565
v 0.2666644490246399 -0.17526040971279144 0.13523150980472565
v 0.738841567087613 -0.318053662776947 0.13523150980472565
v 0.30409352843805393 -0.29583844542503357 0.13523150980472565
v 0.714347097921811 -0.41343167424201965 0.13523150980472565
v 1.1258722877983673 -0.5980391502380371 0.13523150980472565
v 1.5095453596596344 0.008864179253578186 0.13523150980472565
v 0.738841567087613 -0.318053662776947 0.13523150980472565
v 1.5095453596596344 0.008864179253578186 0.13523150980472565
v 1.1258722877983673 -0.5980391502380371 0.13523150980472565
v 1.4280077553276642 -0.5980391502380371 0.13523150980472565
v 1.1258722877983673 -0.5980391502380371 0.13523150980472565
v 1.4254458284859284 -0.6578689813613892 0.13523150980472565
v 1.4280077553276642 -0.5980391502380371 0.13523150980472565
v 1.4254458284859284 -0.6578689813613892 0.13523150980472565
v 1.1258722877983673 -0.5980391502380371 0.13523150980472565
v 1.4177035427574738 -0.7166661620140076 0.13523150980472565
v 1.4177035427574738 -0.7166661620140076 0.13523150980472565
v 1.1258722877983673 -0.5980391502380371 0.13523150980472565
v 1.0716880894188507 -0.7166661620140076 0.13523150980472565
v 1.0716880894188507 -0.7166661620140076 0.13523150980472565
v 1.1258722877983673 -0.5980391502380371 0.13523150980472565
v 1.0716880894188507 -0.6578689813613892 0.13523150980472565
v 1.4010289049629792 0.25571390986442566 -0.06761575490236282
v -0.3061407470221893 0.08772174268960953 -0.16903993487358093
v -0.3061407470221893 0.25571390986442566 -0.06761575490236282
v -0.3061407470221893 0.08772174268960953 -0.16903993487358093
v 1.4010289049629792 0.25571390986442566 -0.06761575490236282
v 1.5095453596596344 0.08772174268960953 -0.16903993487358093
v -0.3061407470221893 0.08772174268960953 -0.16903993487358093
v 1.5095453596596344 0.08772174268960953 -0.16903993487358093
v -0.3061407470221893 0.008864179253578186 -0.13523150980472565
v 1.5095453596596344 0.008864179253578186 -0.13523150980472565
v -0.3061407470221893 0.008864179253578186 -0.13523150980472565
v 1.5095453596596344 0.08772174268960953 -0.16903993487358093
v -0.3061407470221893 0.008864179253578186 -0.13523150980472565
v 1.5095453596596344 0.008864179253578186 -0.13523150980472565
v 0.2666644490246399 -0.17526040971279144 -0.13523150980472565
v 0.2666644490246399 -0.17526040971279144 -0.13523150980472565
v 1.5095453596596344 0.008864179253578186 -0.13523150980472565
v 0.738841567087613 -0.318053662776947 -0.13523150980472565
v 0.738841567087613 -0.318053662776947 -0.13523150980472565
v 0.30409352843805393 -0.29583844542503357 -0.13523150980472565
v 0.2666644490246399 -0.17526040971279144 -0.13523150980472565
v 0.30409352843805393 -0.29583844542503357 -0.13523150980472565
v 0.738841567087613 -0.318053662776947 -0.13523150980472565
v 0.714347097921811 -0.41343167424201965 -0.13523150980472565
v -0.3061407470221893 0.008864179253578186 -0.13523150980472565
v 0.2666644490246399 -0.17526040971279144 -0.13523150980472565
v -0.13797066743329922 -0.10526349395513535 -0.13523150980472565
v 1.5095453596596344 0.008864179253578186 -0.13523150980472565
v 1.1258722877983673 -0.5980391502380371 -0.13523150980472565
v 0.738841567087613 -0.318053662776947 -0.13523150980472565
v -0.26227762932733456 -0.17526040971279144 -0.13523150980472565
v -0.3061407470221893 0.008864179253578186 -0.13523150980472565
v -0.13797066743329922 -0.10526349395513535 -0.13523150980472565
v 1.5095453596596344 0.008864179253578186 -0.13523150980472565
v 1.4280077553276642 -0.5980391502380371 -0.13523150980472565
v 1.1258722877983673 -0.5980391502380371 -0.13523150980472565
v 1.4254458284859284 -0.6578689813613892 -0.13523150980472565
v 1.1258722877983673 -0.5980391502380371 -0.13523150980472565
v 1.4280077553276642 -0.5980391502380371 -0.13523150980472565
v 1.4177035427574738 -0.7166661620140076 -0.13523150980472565
v 1.1258722877983673 -0.5980391502380371 -0.13523150980472565
v 1.4254458284859284 -0.6578689813613892 -0.13523150980472565
v 1.0716880894188507 -0.7166661620140076 -0.13523150980472565
v 1.1258722877983673 -0.5980391502380371 -0.13523150980472565
v 1.4177035427574738 -0.7166661620140076 -0.13523150980472565
v 1.1258722877983673 -0.5980391502380371 -0.13523150980472565
v 1.0716880894188507 -0.7166661620140076 -0.13523150980472565
v 1.0716880894188507 -0.6578689813613892 -0.13523150980472565
v -0.3061407470221893 0.008864179253578186 -0.13523150980472565
v -0.26227762932733456 -0.17526040971279144 -0.13523150980472565
v -0.4779445790763275 -0.1011975035071373 -0.13523150980472565
v -0.4779445790763275 -0.23327499628067017 -0.13523150980472565
v -0.4779445790763275 -0.1011975035071373 -0.13523150980472565
v -0.26227762932733456 -0.17526040971279144 -0.13523150980472565
v -0.7144205235953704 -0.10284674912691116 -0.13523150980472565
v -0.3061407470221893 0.008864179253578186 -0.13523150980472565
v -0.4779445790763275 -0.1011975035071373 -0.13523150980472565
v -0.4779445790763275 -0.23327499628067017 -0.13523150980472565
v -0.26227762932733456 -0.17526040971279144 -0.13523150980472565
v -0.2537326776500122 -0.23327499628067017 -0.13523150980472565
v -0.3061407470221893 0.008864179253578186 -0.13523150980472565
v -0.7144205235953704 -0.10284674912691116 -0.13523150980472565
v -1.0647195243354217 0.008864179253578186 -0.13523150980472565
v -0.3600199782367126 -0.5272208452224731 -0.13523150980472565
v -0.4779445790763275 -0.23327499628067017 -0.13523150980472565
v -0.2537326776500122 -0.23327499628067017 -0.13523150980472565
v -0.2537326776500122 -0.23327499628067017 -0.13523150980472565
v -0.1400805824513809 -0.5782202482223511 -0.13523150980472565
v -0.3600199782367126 -0.5272208452224731 -0.13523150980472565
v -0.1400805824513809 -0.6542568206787109 -0.13523150980472565
v -0.3600199782367126 -0.5272208452224731 -0.13523150980472565
v -0.1400805824513809 -0.5782202482223511 -0.13523150980472565
v -0.3600199782367126 -0.5272208452224731 -0.13523150980472565
v -0.1400805824513809 -0.6542568206787109 -0.13523150980472565
v -0.41129159564927975 -0.5884207487106323 -0.13523150980472565
v -0.41129159564927975 -0.5884207487106323 -0.13523150980472565
v -0.1400805824513809 -0.6542568206787109 -0.13523150980472565
v -0.5237615966315643 -0.6542568206787109 -0.13523150980472565
v -0.5237615966315643 -0.6542568206787109 -0.13523150980472565
v -0.5469040536399261 -0.5899783372879028 -0.13523150980472565
v -0.41129159564927975 -0.5884207487106323 -0.13523150980472565
v -0.5237615966315643 -0.6542568206787109 -0.13523150980472565
v -0.6411289238448517 -0.592232346534729 -0.13523150980472565
v -0.5469040536399261 -0.5899783372879028 -0.13523150980472565
v -0.7678636574263946 -0.23403385281562805 -0.13523150980472565
v -0.5469040536399261 -0.5899783372879028 -0.13523150980472565
v -0.6411289238448517 -0.592232346534729 -0.13523150980472565
v -0.6411289238448517 -0.592232346534729 -0.13523150980472565
v -0.8383350634093658 -0.26368144154548645 -0.13523150980472565
v -0.7678636574263946 -0.23403385281562805 -0.13523150980472565
v -0.7678636574263946 -0.23403385281562805 -0.13523150980472565
v -0.8383350634093658 -0.26368144154548645 -0.13523150980472565
v -0.8555918597693817 -0.23568308353424072 -0.13523150980472565
v -0.8555918597693817 -0.23568308353424072 -0.13523150980472565
v -0.7678636574263946 -0.16403694450855255 -0.13523150980472565
v -0.7678636574263946 -0.23403385281562805 -0.13523150980472565
v -0.9720929526801483 -0.10449490696191788 -0.13523150980472565
v -0.7678636574263946 -0.16403694450855255 -0.13523150980472565
v -0.8555918597693817 -0.23568308353424072 -0.13523150980472565
v -0.7678636574263946 -0.16403694450855255 -0.13523150980472565
v -0.9720929526801483 -0.10449490696191788 -0.13523150980472565
v -0.7144205235953704 -0.10284674912691116 -0.13523150980472565
v -1.0647195243354217 0.008864179253578186 -0.13523150980472565
v -0.7144205235953704 -0.10284674912691116 -0.13523150980472565
v -0.9720929526801483 -0.10449490696191788 -0.13523150980472565
v -1.0647195243354217 0.008864179253578186 -0.13523150980472565
v -0.9720929526801483 -0.10449490696191788 -0.13523150980472565
v -1.0647195243354217 -0.10526349395513535 -0.13523150980472565
v -0.26227762932733456 -0.17526040971279144 0.13523150980472565
v -0.26227762932733456 -0.17526040971279144 -0.13523150980472565
v -0.13797066743329922 -0.10526349395513535 -0.13523150980472565
v -0.26227762932733456 -0.17526040971279144 -0.13523150980472565
v -0.26227762932733456 -0.17526040971279144 0.13523150980472565
v -0.2537326776500122 -0.23327499628067017 0.13523150980472565
v -0.13797066743329922 -0.10526349395513535 -0.13523150980472565
v -0.13797066743329922 -0.10526349395513535 0.13523150980472565
v -0.26227762932733456 -0.17526040971279144 0.13523150980472565
v -0.13797066743329922 -0.10526349395513535 -0.13523150980472565
v 0.2666644490246399 -0.17526040971279144 -0.13523150980472565
v -0.13797066743329922 -0.10526349395513535 0.13523150980472565
v 0.2666644490246399 -0.17526040971279144 -0.13523150980472565
v 0.2666644490246399 -0.17526040971279144 0.13523150980472565
v -0.13797066743329922 -0.10526349395513535 0.13523150980472565
v -0.2537326776500122 -0.23327499628067017 0.13523150980472565
v -0.2537326776500122 -0.23327499628067017 -0.13523150980472565
v -0.26227762932733456 -0.17526040971279144 -0.13523150980472565
v -0.2537326776500122 -0.23327499628067017 -0.13523150980472565
v -0.2537326776500122 -0.23327499628067017 0.13523150980472565
v -0.1400805824513809 -0.5782202482223511 0.13523150980472565
v -0.1400805824513809 -0.5782202482223511 -0.13523150980472565
v -0.2537326776500122 -0.23327499628067017 -0.13523150980472565
v -0.1400805824513809 -0.5782202482223511 0.13523150980472565
v -0.1400805824513809 -0.5782202482223511 -0.13523150980472565
v -0.1400805824513809 -0.5782202482223511 0.13523150980472565
v -0.1400805824513809 -0.6542568206787109 0.13523150980472565
v -0.1400805824513809 -0.6542568206787109 0.13523150980472565
v -0.1400805824513809 -0.6542568206787109 -0.13523150980472565
v -0.1400805824513809 -0.5782202482223511 -0.13523150980472565
v -0.7678636574263946 -0.16403694450855255 0.13523150980472565
v -0.7678636574263946 -0.16403694450855255 -0.13523150980472565
v -0.7144205235953704 -0.10284674912691116 -0.13523150980472565
v -0.7678636574263946 -0.16403694450855255 -0.13523150980472565
v -0.7678636574263946 -0.16403694450855255 0.13523150980472565
v -0.7678636574263946 -0.23403385281562805 0.13523150980472565
v -0.7144205235953704 -0.10284674912691116 -0.13523150980472565
v -0.7144205235953704 -0.10284674912691116 0.13523150980472565
v -0.7678636574263946 -0.16403694450855255 0.13523150980472565
v -0.7144205235953704 -0.10284674912691116 -0.13523150980472565
v -0.4779445790763275 -0.1011975035071373 -0.13523150980472565
v -0.7144205235953704 -0.10284674912691116 0.13523150980472565
v -0.4779445790763275 -0.1011975035071373 -0.13523150980472565
v -0.4779445790763275 -0.1011975035071373 0.13523150980472565
v -0.7144205235953704 -0.10284674912691116 0.13523150980472565
v -0.7678636574263946 -0.23403385281562805 0.13523150980472565
v -0.7678636574263946 -0.23403385281562805 -0.13523150980472565
v -0.7678636574263946 -0.16403694450855255 -0.13523150980472565
v -0.7678636574263946 -0.23403385281562805 -0.13523150980472565
v -0.7678636574263946 -0.23403385281562805 0.13523150980472565
v -0.5469040536399261 -0.5899783372879028 0.13523150980472565
v -0.5469040536399261 -0.5899783372879028 -0.13523150980472565
v -0.7678636574263946 -0.23403385281562805 -0.13523150980472565
v -0.5469040536399261 -0.5899783372879028 0.13523150980472565
v -0.41129159564927975 -0.5884207487106323 0.13523150980472565
v -0.5469040536399261 -0.5899783372879028 -0.13523150980472565
v -0.5469040536399261 -0.5899783372879028 0.13523150980472565
v -0.5469040536399261 -0.5899783372879028 -0.13523150980472565
v -0.41129159564927975 -0.5884207487106323 0.13523150980472565
v -0.41129159564927975 -0.5884207487106323 -0.13523150980472565
v -0.3600199782367126 -0.5272208452224731 0.13523150980472565
v -0.41129159564927975 -0.5884207487106323 -0.13523150980472565
v -0.41129159564927975 -0.5884207487106323 0.13523150980472565
v -0.41129159564927975 -0.5884207487106323 -0.13523150980472565
v -0.3600199782367126 -0.5272208452224731 0.13523150980472565
v -0.3600199782367126 -0.5272208452224731 -0.13523150980472565
v -0.4779445790763275 -0.23327499628067017 0.13523150980472565
v -0.3600199782367126 -0.5272208452224731 -0.13523150980472565
v -0.3600199782367126 -0.5272208452224731 0.13523150980472565
v -0.3600199782367126 -0.5272208452224731 -0.13523150980472565
v -0.4779445790763275 -0.23327499628067017 0.13523150980472565
v -0.4779445790763275 -0.23327499628067017 -0.13523150980472565
v -0.4779445790763275 -0.1011975035071373 0.13523150980472565
v -0.4779445790763275 -0.23327499628067017 -0.13523150980472565
v -0.4779445790763275 -0.23327499628067017 0.13523150980472565
v -0.4779445790763275 -0.23327499628067017 -0.13523150980472565
v -0.4779445790763275 -0.1011975035071373 0.13523150980472565
v -0.4779445790763275 -0.1011975035071373 -0.13523150980472565
v -1.2394219302649871 -0.19744651019573212 0.0703580230474472
v -1.2394219302649871 -0.19744651019573212 -0.06963580846786499
v -1.2805651092048065 -0.19744651019573212 -0.02555573172867298
v -1.2394219302649871 -0.19744651019573212 0.0703580230474472
v -1.2805651092048065 -0.19744651019573212 -0.02555573172867298
v -1.2805651092048065 -0.19744651019573212 0.026277948170900345
v -1.2394219302649871 -0.19744651019573212 -0.06963580846786499
v -1.2394219302649871 -0.19744651019573212 0.0703580230474472
v -1.1048961543555633 -0.19744651019573212 -0.06963580846786499
v -1.1048961543555633 -0.19744651019573212 -0.06963580846786499
v -1.2394219302649871 -0.19744651019573212 0.0703580230474472
v -1.1048961543555633 -0.19744651019573212 0.0703580230474472
v -1.1048961543555633 -0.19744651019573212 -0.06963580846786499
v -1.1048961543555633 -0.19744651019573212 0.0703580230474472
v -1.0777414702887909 -0.23058336973190308 0.026277948170900345
v -1.1048961543555633 -0.19744651019573212 -0.06963580846786499
v -1.0777414702887909 -0.23058336973190308 0.026277948170900345
v -1.0777414702887909 -0.23058336973190308 -0.02555573172867298
v 0.30409352843805393 -0.29583844542503357 -0.13523150980472565
v 0.714347097921811 -0.41343167424201965 -0.13523150980472565
v 0.30409352843805393 -0.29583844542503357 0.13523150980472565
v 0.714347097921811 -0.41343167424201965 -0.13523150980472565
v 0.714347097921811 -0.41343167424201965 0.13523150980472565
v 0.30409352843805393 -0.29583844542503357 0.13523150980472565
v -1.0647195243354217 -0.10526349395513535 0.13523150980472565
v -1.0647195243354217 -0.10526349395513535 -0.13523150980472565
v -0.9720929526801483 -0.10449490696191788 -0.13523150980472565
v -0.9720929526801483 -0.10449490696191788 -0.13523150980472565
v -0.9720929526801483 -0.10449490696191788 0.13523150980472565
v -1.0647195243354217 -0.10526349395513535 0.13523150980472565
v 0.738841567087613 -0.318053662776947 -0.13523150980472565
v 1.1258722877983673 -0.5980391502380371 -0.13523150980472565
v 0.738841567087613 -0.318053662776947 0.13523150980472565
v 1.1258722877983673 -0.5980391502380371 -0.13523150980472565
v 1.1258722877983673 -0.5980391502380371 0.13523150980472565
v 0.738841567087613 -0.318053662776947 0.13523150980472565
v 0.30409352843805393 -0.29583844542503357 -0.13523150980472565
v 0.2666644490246399 -0.17526040971279144 0.13523150980472565
v 0.2666644490246399 -0.17526040971279144 -0.13523150980472565
v 0.2666644490246399 -0.17526040971279144 0.13523150980472565
v 0.30409352843805393 -0.29583844542503357 -0.13523150980472565
v 0.30409352843805393 -0.29583844542503357 0.13523150980472565
v 1.0716880894188507 -0.6578689813613892 -0.13523150980472565
v 1.1258722877983673 -0.5980391502380371 0.13523150980472565
v 1.1258722877983673 -0.5980391502380371 -0.13523150980472565
v 1.1258722877983673 -0.5980391502380371 0.13523150980472565
v 1.0716880894188507 -0.6578689813613892 -0.13523150980472565
v 1.0716880894188507 -0.6578689813613892 0.13523150980472565
v 1.0716880894188507 -0.7166661620140076 -0.13523150980472565
v 1.0716880894188507 -0.6578689813613892 0.13523150980472565
v 1.0716880894188507 -0.6578689813613892 -0.13523150980472565
v 1.0716880894188507 -0.6578689813613892 0.13523150980472565
v 1.0716880894188507 -0.7166661620140076 -0.13523150980472565
v 1.0716880894188507 -0.7166661620140076 0.13523150980472565
vt 0 0
vt 0 0
vt 0 0
vt 0 0
vt 0 0
vt 0 0
vt 0 0
vt 0 0
vt 0 0
vt 0 0
vt 0 0
vt 0 0
vt 0 0
vt 0 0
vt 0 0
vt 0 0
vt 0 0
vt 0 0
vt 0 0
vt 0 0
vt 0 0
vt 0 0
vt 0 0
vt 0 0
vt 0 0
vt 0 0
vt 0 0
vt 0 0
vt 0 0
vt 0 0
vt 0 0
vt 0 0
vt 0 0
vt 0 0
vt 0 0
vt 0 0
vt 0 0
vt 0 0
vt 0 0
vt 0 0
vt 0 0
vt 0 0
vt 0 0
vt 0 0
vt 0 0
vt 0 0
vt 0 0
vt 0 0
vt 0 0
vt 0 0
vt 0 0
vt 0 0
vt 0 0
vt 0 0
vt 0 0
vt 0 0
vt 0 0
vt 0 0
vt 0 0
vt 0 0
vt 0 0
vt 0 0
vt 0 0
vt 0 0
vt 0 0
vt 0 0
vt 0 0
vt 0 0
vt 0 0
vt 0 0
vt 0 0
vt 0 0
vt 0 0
vt 0 0
vt 0 0
vt 0 0
vt 0 0
vt 0 0
vt 0 0
vt 0 0
vt 0 0
vt 0 0
vt 0 0
vt 0 0
vt 0 0
vt 0 0
vt 0 0
vt 0 0
vt 0 0
vt 0 0
vt 0 0
vt 0 0
vt 0 0
vt 0 0
vt 0 0
vt 0 0
vt 0 0
vt 0 0
vt 0 0
vt 0 0
vt 0 0
vt 0 0
vt 0 0
vt 0 0
vt 0 0
vt 0 0
vt 0 0
vt 0 0
vt 0 0
vt 0 0
vt 0 0
vt 0 0
vt 0 0
vt 0 0
vt 0 0
vt 0 0
vt 0 0
vt 0 0
vt 0 0
vt 0 0
vt 0 0
vt 0 0
vt 0 0
vt 0 0
vt 0 0
vt 0 0
vt 0 0
vt 0 0
vt 0 0
vt 0 0
vt 0 0
vt 0 0
vt 0 0
vt 0 0
vt 0 0
vt 0 0
vt 0 0
vt 0 0
vt 0 0
vt 0 0
vt 0 0
vt 0 0
vt 0 0
vt 0 0
vt 0 0
vt 0 0
vt 0 0
vt 0 0
vt 0 0
vt 0 0
vt 0 0
vt 0 0
vt 0 0
vt 0 0
vt 0 0
vt 0 0
vt 0 0
vt 0 0
vt 0 0
vt 0 0
vt 0 0
vt 0 0
vt 0 0
vt 0 0
vt 0 0
vt 0 0
vt 0 0
vt 0 0
vt 0 0
vt 0 0
vt 0 0
vt 0 0
vt 0 0
vt 0 0
vt 0 0
vt 0 0
vt 0 0
vt 0 0
vt 0 0
vt 0 0
vt 0 0
vt 0 0
vt 0 0
vt 0 0
vt 0 0
vt 0 0
vt 0 0
vt 0 0
vt 0 0
vt 0 0
vt 0 0
vt 0 0
vt 0 0
vt 0 0
vt 0 0
vt 0 0
vt 0 0
vt 0 0
vt 0 0
vt 0 0
vt 0 0
vt 0 0
vt 0 0
vt 0 0
vt 0 0
vt 0 0
vt 0 0
vt 0 0
vt 0 0
vt 0 0
vt 0 0
vt 0 0
vt 0 0
vt 0 0
vt 0 0
vt 0 0
vt 0 0
vt 0 0
vt 0 0
vt 0 0
vt 0 0
vt 0 0
vt 0 0
vt 0 0
vt 0 0
vt 0 0
vt 0 0
vt 0 0
vt 0 0
vt 0 0
vt 0 0
vt 0 0
vt 0 0
vt 0 0
vt 0 0
vt 0 0
vt 0 0
vt 0 0
vt 0 0
vt 0 0
vt 0 0
vt 0 0
vt 0 0
vt 0 0
vt 0 0
vt 0 0
vt 0 0
vt 0 0
vt 0 0
vt 0 0
vt 0 0
vt 0 0
vt 0 0
vt 0 0
vt 0 0
vt 0 0
vt 0 0
vt 0 0
vt 0 0
vt 0 0
vt 0 0
vt 0 0
vt 0 0
vt 0 0
vt 0 0
vt 0 0
vt 0 0
vt 0 0
vt 0 0
vt 0 0
vt 0 0
vt 0 0
vt 0 0
vt 0 0
vt 0 0
vt 0 0
vt 0 0
vt 0 0
vt 0 0
vt 0 0
vt 0 0
vt 0 0
vt 0 0
vt 0 0
vt 0 0
vt 0 0
vt 0 0
vt 0 0
vt 0 0
vt 0 0
vt 0 0
vt 0 0
vt 0 0
vt 0 0
vt 0 0
vt 0 0
vt 0 0
vt 0 0
vt 0 0
vt 0 0
vt 0 0
vt 0 0
vt 0 0
vt 0 0
vt 0 0
vt 0 0
vt 0 0
vt 0 0
vt 0 0
vt 0 0
vt 0 0
vt 0 0
vt 0 0
vt 0 0
vt 0 0
vt 0 0
vt 0 0
vt 0 0
vt 0 0
vt 0 0
vt 0 0
vt 0 0
vt 0 0
vt 0 0
vt 0 0
vt 0 0
vt 0 0
vt 0 0
vt 0 0
vt 0 0
vt 0 0
vt 0 0
vt 0 0
vt 0 0
vt 0 0
vt 0 0
vt 0 0
vt 0 0
vt 0 0
vt 0 0
vt 0 0
vt 0 0
vt 0 0
vt 0 0
vt 0 0
vt 0 0
vt 0 0
vt 0 0
vt 0 0
vt 0 0
vt 0 0
vt 0 0
vt 0 0
vt 0 0
vt 0 0
vt 0 0
vt 0 0
vt 0 0
vt 0 0
vt 0 0
vt 0 0
vt 0 0
vt 0 0
vt 0 0
vt 0 0
vt 0 0
vt 0 0
vt 0 0
vt 0 0
vt 0 0
vt 0 0
vt 0 0
vt 0 0
vt 0 0
vt 0 0
vt 0 0
vt 0 0
vt 0 0
vt 0 0
vt 0 0
vt 0 0
vt 0 0
vt 0 0
vt 0 0
vt 0 0
vt 0 0
vt 0 0
vt 0 0
vt 0 0
vt 0 0
vt 0 0
vt 0 0
vt 0 0
vt 0 0
vt 0 0
vt 0 0
vt 0 0
vt 0 0
vt 0 0
vt 0 0
vt 0 0
vt 0 0
vt 0 0
vt 0 0
vt 0 0
vt 0 0
vt 0 0
vt 0 0
vt 0 0
vt 0 0
vt 0 0
vt 0 0
vt 0 0
vt 0 0
vt 0 0
vt 0 0
vt 0 0
vt 0 0
vt 0 0
vt 0 0
vt 0 0
vt 0 0
vt 0 0
vt 0 0
vt 0 0
vt 0 0
vt 0 0
vt 0 0
vt 0 0
vt 0 0
vt 0 0
vt 0 0
vt 0 0
vt 0 0
vt 0 0
vt 0 0
vt 0 0
vt 0 0
vt 0 0
vt 0 0
vt 0 0
vt 0 0
vt 0 0
vt 0 0
vt 0 0
vt 0 0
vt 0 0
vt 0 0
vt 0 0
vt 0 0
vt 0 0
vt 0 0
vt 0 0
vt 0 0
vt 0 0
vt 0 0
vt 0 0
vt 0 0
vt 0 0
vt 0 0
vt 0 0
vt 0 0
vt 0 0
vt 0 0
vt 0 0
vt 0 0
vt 0 0
vt 0 0
vt 0 0
vt 0 0
vt 0 0
vt 0 0
vt 0 0
vt 0 0
vt 0 0
vt 0 0
vt 0 0
vt 0 0
vt 0 0
vt 0 0
vt 0 0
vt 0 0
vt 0 0
vt 0 0
vt 0 0
vt 0 0
vt 0 0
vt 0 0
vt 0 0
vt 0 0
vt 0 0
vt 0 0
vt 0 0
vt 0 0
vt 0 0
vt 0 0
vt 0 0
vt 0 0
vt 0 0
vt 0 0
vt 0 0
vt 0 0
vt 0 0
vt 0 0
vt 0 0
vt 0 0
vt 0 0
vt 0 0
vt 0 0
vt 0 0
vt 0 0
vt 0 0
vt 0 0
vt 0 0
vt 0 0
vt 0 0
vt 0 0
vt 0 0
vt 0 0
vt 0 0
vt 0 0
vt 0 0
vt 0 0
vt 0 0
vt 0 0
vt 0 0
vt 0 0
vt 0 0
vt 0 0
vt 0 0
vt 0 0
vt 0 0
vt 0 0
vt 0 0
vt 0 0
vt 0 0
vt 0 0
vt 0 0
vt 0 0
vt 0 0
vt 0 0
vt 0 0
vt 0 0
vt 0 0
vt 0 0
vt 0 0
vt 0 0
vt 0 0
vt 0 0
vt 0 0
vt 0 0
vt 0 0
vt 0 0
vt 0 0
vt 0 0
vt 0 0
vt 0 0
vt 0 0
vt 0 0
vt 0 0
vt 0 0
vt 0 0
vt 0 0
vt 0 0
vt 0 0
vt 0 0
vt 0 0
vt 0 0
vt 0 0
vt 0 0
vt 0 0
vt 0 0
vt 0 0
vt 0 0
vt 0 0
vt 0 0
vt 0 0
vt 0 0
vt 0 0
vt 0 0
vt 0 0
vt 0 0
vt 0 0
vt 0 0
vt 0 0
vt 0 0
vt 0 0
vt 0 0
vt 0 0
vt 0 0
vt 0 0
vt 0 0
vt 0 0
vt 0 0
vt 0 0
vt 0 0
vt 0 0
vt 0 0
vt 0 0
vt 0 0
vt 0 0
vt 0 0
vt 0 0
vt 0 0
vt 0 0
vt 0 0
vt 0 0
vt 0 0
vt 0 0
vt 0 0
vt 0 0
vt 0 0
vt 0 0
vt 0 0
vt 0 0
vt 0 0
vt 0 0
vt 0 0
vt 0 0
vt 0 0
vt 0 0
vt 0 0
vt 0 0
vt 0 0
vt 0 0
vt 0 0
vt 0 0
vt 0 0
vt 0 0
vt 0 0
vt 0 0
vt 0 0
vt 0 0
vt 0 0
vt 0 0
vt 0 0
vt 0 0
vt 0 0
vt 0 0
vt 0 0
vt 0 0
vt 0 0
vt 0 0
vt 0 0
vt 0 0
vt 0 0
vt 0 0
vt 0 0
vn 0.8399955752920919 0.5425932486584287 0
vn 0.9621500480115149 0.272520247158701 0
vn 0.8399955752920919 0.5425932486584287 0
vn 0.9621500480115149 0.272520247158701 0
vn 0.9621500480115149 0.272520247158701 0
vn 0.8399955752920919 0.5425932486584287 0
vn 0.9621500480115149 0.272520247158701 0
vn 0.9621500480115149 0.272520247158701 0
vn 0.9982525353556774 -0.05909209469939473 0
vn 0.9982525353556774 -0.05909209469939473 0
vn 0.9982525353556774 -0.05909209469939473 0
vn 0.9621500480115149 0.272520247158701 0
vn 0.9982525353556774 -0.05909209469939473 0
vn 0.9961142124767384 -0.08807085614348878 0
vn 0.9982525353556774 -0.05909209469939473 0
vn 0.9961142124767384 -0.08807085614348878 0
vn 0.9982525353556774 -0.05909209469939473 0
vn 0.9961142124767384 -0.08807085614348878 0
vn 0.9961142124767384 -0.08807085614348878 0
vn 0.9961142124767384 -0.08807085614348878 0
vn 0.9962361874900206 -0.08668020959451257 0
vn 0.9962361874900206 -0.08668020959451257 0
vn 0.9962361874900206 -0.08668020959451257 0
vn 0.9961142124767384 -0.08807085614348878 0
vn 0.9962361874900206 -0.08668020959451257 0
vn 0.9962361874900206 -0.08668020959451257 0
vn 0.6853243806066799 -0.7282379373158683 0
vn 0.6853243806066799 -0.7282379373158683 0
vn 0.6853243806066799 -0.7282379373158683 0
vn 0.9962361874900206 -0.08668020959451257 0
vn 0 -1 0
vn 0.6853243806066799 -0.7282379373158683 0
vn 0.6853243806066799 -0.7282379373158683 0
vn 0 -1 0
vn 0.6853243806066799 -0.7282379373158683 0
vn 0 -1 0
vn 0.9685585541191163 -0.24878570546292833 0
vn 0.9685585541191163 -0.24878570546292833 0
vn 0.9685585541191163 -0.24878570546292833 0
vn 0.9685585541191163 -0.24878570546292833 0
vn 0.9685585541191163 -0.24878570546292833 0
vn 0.9685585541191163 -0.24878570546292833 0
vn 0 1 0
vn 0 1 0
vn 0 1 0
vn 0 1 0
vn 0 1 0
vn 0 1 0
vn 0 1 0
vn -0.8066879079230435 0.5909776808059197 0
vn 0 1 0
vn -0.8066879079230435 0.5909776808059197 0
vn 0 1 0
vn -0.8066879079230435 0.5909776808059197 0
vn -0.8066879079230435 0.5909776808059197 0
vn -0.8066879079230435 0.5909776808059197 0
vn -1 0 0
vn -0.8066879079230435 0.5909776808059197 0
vn -1 0 0
vn -1 0 0
vn -0.8066879079230435 0.5909776808059197 0
vn -1 0 0
vn -1 0 0
vn -1 0 0
vn -0.8066879079230435 0.5909776808059197 0
vn -1 0 0
vn 0 -1 0
vn 0 -1 0
vn 0 -1 0
vn 0 -1 0
vn 0 -1 0
vn 0 -1 0
vn 0 -1 0
vn 0 -1 0
vn 0 -1 0
vn 0 -1 0
vn 0 -1 0
vn 0 -1 0
vn 0 -1 0
vn 0 -1 0
vn 0 -1 0
vn 0 -1 0
vn 0 -1 0
vn 0 -1 0
vn 0.3841425836807278 -0.050430529611520704 -0.9218954588705798
vn 0.3813070953664055 0.0077140424416180945 -0.9244162442170972
vn -0.40685555536019397 0 -0.9134925052087445
vn 0.3813070953664055 0.0077140424416180945 -0.9244162442170972
vn 0.3841425836807278 -0.050430529611520704 -0.9218954588705798
vn 0.920636175417058 -0.11030074934313128 -0.3745167248705933
vn -0.40685555536019397 0 -0.9134925052087445
vn 0.3813070953664055 0.0077140424416180945 -0.9244162442170972
vn -0.3956812376161957 0.01778728539194661 -0.918215644975025
vn -0.40685555536019397 0 -0.9134925052087445
vn -0.3956812376161957 0.01778728539194661 -0.918215644975025
vn -0.9305710783123304 0.04317213590544082 -0.3635569211141345
vn -0.9305710783123304 0.04317213590544082 -0.3635569211141345
vn -0.9331442532134736 0 -0.35950215951322007
vn -0.40685555536019397 0 -0.9134925052087445
vn 0.3813070953664055 0.0077140424416180945 -0.9244162442170972
vn -0.4275101958217689 -0.00009861272560607797 -0.9040105213679558
vn -0.3956812376161957 0.01778728539194661 -0.918215644975025
vn -0.4275101958217689 -0.00009861272560607797 -0.9040105213679558
vn -0.9305710783123304 0.04317213590544082 -0.3635569211141345
vn -0.3956812376161957 0.01778728539194661 -0.918215644975025
vn -0.9331442532134736 0 -0.35950215951322007
vn -0.9305710783123304 0.04317213590544082 -0.3635569211141345
vn -0.9331442532134736 0 0.35950215951322007
vn -0.9305710783123304 0.04317213590544082 0.3635569211141345
vn -0.9331442532134736 0 0.35950215951322007
vn -0.9305710783123304 0.04317213590544082 -0.3635569211141345
vn -0.9305710783123304 0.04317213590544082 0.3635569211141345
vn -0.40685555536019397 0 0.9134925052087445
vn -0.9331442532134736 0 0.35950215951322007
vn -0.40685555536019397 0 0.9134925052087445
vn -0.9305710783123304 0.04317213590544082 0.3635569211141345
vn -0.3956812376161957 0.01778728539194661 0.918215644975025
vn 0.3813070953664055 0.0077140424416180945 0.9244162442170972
vn -0.40685555536019397 0 0.9134925052087445
vn -0.3956812376161957 0.01778728539194661 0.918215644975025
vn -0.40685555536019397 0 0.9134925052087445
vn 0.3813070953664055 0.0077140424416180945 0.9244162442170972
vn 0.3841425836807278 -0.050430529611520704 0.9218954588705798
vn -0.9305710783123304 0.04317213590544082 0.3635569211141345
vn -0.4275101958217689 -0.00009861272560607797 0.9040105213679558
vn -0.3956812376161957 0.01778728539194661 0.918215644975025
vn -0.4275101958217689 -0.00009861272560607797 0.9040105213679558
vn 0.3813070953664055 0.0077140424416180945 0.9244162442170972
vn -0.3956812376161957 0.01778728539194661 0.918215644975025
vn 0.3813070953664055 0.0077140424416180945 0.9244162442170972
vn 0.920636175417058 -0.11030074934313128 0.3745167248705933
vn 0.3841425836807278 -0.050430529611520704 0.9218954588705798
vn 0.920636175417058 -0.11030074934313128 0.3745167248705933
vn 0.3813070953664055 0.0077140424416180945 0.9244162442170972
vn 0.9333740676576796 0.029357739433862714 0.3577023524656929
vn 0.9333740676576796 0.029357739433862714 0.3577023524656929
vn 0.920636175417058 -0.11030074934313128 -0.3745167248705933
vn 0.920636175417058 -0.11030074934313128 0.3745167248705933
vn -0.9305710783123304 0.04317213590544082 -0.3635569211141345
vn -0.9360446653232847 -0.00009316172961194246 0.35188119563385584
vn -0.9305710783123304 0.04317213590544082 0.3635569211141345
vn -0.4275101958217689 -0.00009861272560607797 0.9040105213679558
vn -0.9305710783123304 0.04317213590544082 0.3635569211141345
vn -0.9360446653232847 -0.00009316172961194246 0.35188119563385584
vn -0.9305710783123304 0.04317213590544082 -0.3635569211141345
vn -0.9360446653232847 -0.00009316172961194246 -0.35188119563385584
vn -0.9360446653232847 -0.00009316172961194246 0.35188119563385584
vn -0.9305710783123304 0.04317213590544082 -0.3635569211141345
vn -0.4275101958217689 -0.00009861272560607797 -0.9040105213679558
vn -0.9360446653232847 -0.00009316172961194246 -0.35188119563385584
vn -0.9206648422620386 0.09908478657190888 0.37756913710288204
vn -0.4275101958217689 -0.00009861272560607797 0.9040105213679558
vn -0.9360446653232847 -0.00009316172961194246 0.35188119563385584
vn -0.9360446653232847 -0.00009316172961194246 -0.35188119563385584
vn -0.9206648422620386 0.09908478657190888 0.37756913710288204
vn -0.9360446653232847 -0.00009316172961194246 0.35188119563385584
vn 0.3813070953664055 0.0077140424416180945 0.9244162442170972
vn -0.4275101958217689 -0.00009861272560607797 0.9040105213679558
vn 0.4284323252628927 0.041020412924359984 0.9026422704445799
vn 0.4284323252628927 0.041020412924359984 0.9026422704445799
vn 0.9333740676576796 0.029357739433862714 0.3577023524656929
vn 0.3813070953664055 0.0077140424416180945 0.9244162442170972
vn -0.3579440687702203 0.03357002115432587 0.9331393772164573
vn 0.4284323252628927 0.041020412924359984 0.9026422704445799
vn -0.4275101958217689 -0.00009861272560607797 0.9040105213679558
vn -0.4275101958217689 -0.00009861272560607797 0.9040105213679558
vn -0.9206648422620386 0.09908478657190888 0.37756913710288204
vn -0.3579440687702203 0.03357002115432587 0.9331393772164573
vn 0.9333740676576796 0.029357739433862714 0.3577023524656929
vn 0.4284323252628927 0.041020412924359984 0.9026422704445799
vn 0.9332183988518585 0.08369761519746427 0.34942542731551535
vn -0.9206648422620386 0.09908478657190888 -0.37756913710288204
vn -0.9360446653232847 -0.00009316172961194246 -0.35188119563385584
vn -0.4275101958217689 -0.00009861272560607797 -0.9040105213679558
vn -0.9360446653232847 -0.00009316172961194246 -0.35188119563385584
vn -0.9206648422620386 0.09908478657190888 -0.37756913710288204
vn -0.9206648422620386 0.09908478657190888 0.37756913710288204
vn -0.4655553607680282 0.14291131217518607 0.8734040089858287
vn -0.3579440687702203 0.03357002115432587 0.9331393772164573
vn -0.9206648422620386 0.09908478657190888 0.37756913710288204
vn -0.9206648422620386 0.09908478657190888 0.37756913710288204
vn -0.9046651762149092 0.2778024686097675 0.32312026766881463
vn -0.4655553607680282 0.14291131217518607 0.8734040089858287
vn -0.9206648422620386 0.09908478657190888 0.37756913710288204
vn -0.9046651762149092 0.2778024686097675 -0.32312026766881463
vn -0.9046651762149092 0.2778024686097675 0.32312026766881463
vn -0.9046651762149092 0.2778024686097675 -0.32312026766881463
vn -0.9206648422620386 0.09908478657190888 0.37756913710288204
vn -0.9206648422620386 0.09908478657190888 -0.37756913710288204
vn 0.4086320617841273 0 0.9126992046025093
vn -0.3579440687702203 0.03357002115432587 0.9331393772164573
vn -0.4655553607680282 0.14291131217518607 0.8734040089858287
vn -0.9206648422620386 0.09908478657190888 -0.37756913710288204
vn -0.4655553607680282 0.14291131217518607 -0.8734040089858287
vn -0.9046651762149092 0.2778024686097675 -0.32312026766881463
vn -0.3579440687702203 0.03357002115432587 0.9331393772164573
vn 0.4086320617841273 0 0.9126992046025093
vn 0.40850596754888063 0 0.9127556488332202
vn 0.4284323252628927 0.041020412924359984 0.9026422704445799
vn -0.3579440687702203 0.03357002115432587 0.9331393772164573
vn 0.40850596754888063 0 0.9127556488332202
vn 0.40850596754888063 0 0.9127556488332202
vn 0.9332183988518585 0.08369761519746427 0.34942542731551535
vn 0.4284323252628927 0.041020412924359984 0.9026422704445799
vn 0.4086320617841273 0 0.9126992046025093
vn 0.93373478834281 0 0.35796556403990537
vn 0.40850596754888063 0 0.9127556488332202
vn 0.9332183988518585 0.08369761519746427 0.34942542731551535
vn 0.40850596754888063 0 0.9127556488332202
vn 0.93373478834281 0 0.35796556403990537
vn 0.93373478834281 0 0.35796556403990537
vn 0.4086320617841273 0 0.9126992046025093
vn 0.9337657913431884 0 0.3578846838259907
vn -0.4655553607680282 0.14291131217518607 -0.8734040089858287
vn -0.9206648422620386 0.09908478657190888 -0.37756913710288204
vn -0.3579440687702203 0.03357002115432587 -0.9331393772164573
vn -0.4275101958217689 -0.00009861272560607797 -0.9040105213679558
vn -0.3579440687702203 0.03357002115432587 -0.9331393772164573
vn -0.9206648422620386 0.09908478657190888 -0.37756913710288204
vn -0.3579440687702203 0.03357002115432587 -0.9331393772164573
vn 0.4086320617841273 0 -0.9126992046025093
vn -0.4655553607680282 0.14291131217518607 -0.8734040089858287
vn 0.93373478834281 0 0.35796556403990537
vn 0.9337657913431884 0 0.3578846838259907
vn 0.93373478834281 0 -0.35796556403990537
vn 0.93373478834281 0 -0.35796556403990537
vn 0.9332183988518585 0.08369761519746427 0.34942542731551535
vn 0.93373478834281 0 0.35796556403990537
vn 0.9337657913431884 0 -0.3578846838259907
vn 0.93373478834281 0 -0.35796556403990537
vn 0.9337657913431884 0 0.3578846838259907
vn 0.93373478834281 0 -0.35796556403990537
vn 0.9337657913431884 0 -0.3578846838259907
vn 0.4086320617841273 0 -0.9126992046025093
vn 0.93373478834281 0 -0.35796556403990537
vn 0.9332183988518585 0.08369761519746427 -0.34942542731551535
vn 0.9332183988518585 0.08369761519746427 0.34942542731551535
vn 0.4086320617841273 0 -0.9126992046025093
vn 0.40850596754888063 0 -0.9127556488332202
vn 0.93373478834281 0 -0.35796556403990537
vn 0.40850596754888063 0 -0.9127556488332202
vn 0.4086320617841273 0 -0.9126992046025093
vn -0.3579440687702203 0.03357002115432587 -0.9331393772164573
vn 0.40850596754888063 0 -0.9127556488332202
vn 0.9332183988518585 0.08369761519746427 -0.34942542731551535
vn 0.93373478834281 0 -0.35796556403990537
vn 0.9332183988518585 0.08369761519746427 -0.34942542731551535
vn 0.9333740676576796 0.029357739433862714 0.3577023524656929
vn 0.9332183988518585 0.08369761519746427 0.34942542731551535
vn -0.3579440687702203 0.03357002115432587 -0.9331393772164573
vn 0.4284323252628927 0.041020412924359984 -0.9026422704445799
vn 0.40850596754888063 0 -0.9127556488332202
vn 0.9332183988518585 0.08369761519746427 -0.34942542731551535
vn 0.40850596754888063 0 -0.9127556488332202
vn 0.4284323252628927 0.041020412924359984 -0.9026422704445799
vn 0.4284323252628927 0.041020412924359984 -0.9026422704445799
vn -0.3579440687702203 0.03357002115432587 -0.9331393772164573
vn -0.4275101958217689 -0.00009861272560607797 -0.9040105213679558
vn -0.4275101958217689 -0.00009861272560607797 -0.9040105213679558
vn 0.3813070953664055 0.0077140424416180945 -0.9244162442170972
vn 0.4284323252628927 0.041020412924359984 -0.9026422704445799
vn 0.4284323252628927 0.041020412924359984 -0.9026422704445799
vn 0.9333740676576796 0.029357739433862714 -0.3577023524656929
vn 0.9332183988518585 0.08369761519746427 -0.34942542731551535
vn 0.9333740676576796 0.029357739433862714 0.3577023524656929
vn 0.9332183988518585 0.08369761519746427 -0.34942542731551535
vn 0.9333740676576796 0.029357739433862714 -0.3577023524656929
vn 0.9333740676576796 0.029357739433862714 -0.3577023524656929
vn 0.4284323252628927 0.041020412924359984 -0.9026422704445799
vn 0.3813070953664055 0.0077140424416180945 -0.9244162442170972
vn 0.920636175417058 -0.11030074934313128 -0.3745167248705933
vn 0.9333740676576796 0.029357739433862714 0.3577023524656929
vn 0.9333740676576796 0.029357739433862714 -0.3577023524656929
vn 0.3813070953664055 0.0077140424416180945 -0.9244162442170972
vn 0.920636175417058 -0.11030074934313128 -0.3745167248705933
vn 0.9333740676576796 0.029357739433862714 -0.3577023524656929
vn -0.6914845697066141 -0.7223911277078126 -0.0003853137600453269
vn -0.6914845697066141 -0.7223911277078126 -0.0003853137600453269
vn -0.8569159310346396 -0.5154557705390878 -0.0006601189227510767
vn -0.6914845697066141 -0.7223911277078126 -0.0003853137600453269
vn -0.6914845697066141 -0.7223911277078126 -0.0003853137600453269
vn -0.24275068665718627 -0.9700887094113944 0
vn -0.8569159310346396 -0.5154557705390878 -0.0006601189227510767
vn -0.6914845697066141 -0.7223911277078126 -0.0003853137600453269
vn -0.8061544521198936 -0.591705040542239 -0.0003799002256588302
vn -0.24275068665718627 -0.9700887094113944 0
vn -0.24275068665718627 -0.9700887094113944 0
vn -0.6914845697066141 -0.7223911277078126 -0.0003853137600453269
vn -0.24275068665718627 -0.9700887094113944 0
vn 0 -1 0
vn -0.24275068665718627 -0.9700887094113944 0
vn 0 -1 0
vn 0 -1 0
vn -0.24275068665718627 -0.9700887094113944 0
vn -0.8061544521198936 -0.591705040542239 -0.0003799002256588302
vn -0.8061544521198936 -0.591705040542239 -0.0003799002256588302
vn -0.8569159310346396 -0.5154557705390878 -0.0006601189227510767
vn -0.7477334296397085 -0.6639990347878822 0
vn -0.8061544521198936 -0.591705040542239 -0.0003799002256588302
vn -0.8061544521198936 -0.591705040542239 -0.0003799002256588302
vn -0.8061544521198936 -0.591705040542239 -0.0003799002256588302
vn -0.7477334296397085 -0.6639990347878822 0
vn -0.7477334296397085 -0.6639990347878822 0
vn 0 -0.13380102736941943 0.9910082164517547
vn 0 0 1
vn 0 0 1
vn 0 0 1
vn 0 -0.13380102736941943 0.9910082164517547
vn 0 0 1
vn 0 0 1
vn 0 -0.13380102736941943 0.9910082164517547
vn 0 0 1
vn 0 0 1
vn 0 0 1
vn 0 0 1
vn 0 0 1
vn 0 0 1
vn 0 0 1
vn 0 0 1
vn 0 0 1
vn 0 0 1
vn 0 0 1
vn 0 0 1
vn 0 0 1
vn 0 0 1
vn 0 0 1
vn 0 0 1
vn 0 0 1
vn 0 0 1
vn 0 0 1
vn 0 0 1
vn 0 0 1
vn 0 0 1
vn 0 0 1
vn 0 0 1
vn 0 0 1
vn 0 0 1
vn 0 0 1
vn 0 0 1
vn 0 0 1
vn 0 0 1
vn 0 0 1
vn 0 0 1
vn 0 0 1
vn 0 0 1
vn 0 0 1
vn 0 0 1
vn 0 0 1
vn 0 0 1
vn 0 0 1
vn 0 0 1
vn 0 0 1
vn 0 0 1
vn 0 0 1
vn 0 0 1
vn 0 0 1
vn 0 0 1
vn 0 0 1
vn 0 0 1
vn 0 0 1
vn 0 0 1
vn 0 0 1
vn 0 -0.13380102736941943 0.9910082164517547
vn 0 -0.13380102736941943 0.9910082164517547
vn 0 0 1
vn 0 0 1
vn 0 -0.13380102736941943 0.9910082164517547
vn 0 -0.03709998325701511 0.9993115586454154
vn 0 0.06900096711562542 0.9976165929539806
vn 0 0.06900096711562542 0.9976165929539806
vn 0 -0.03709998325701511 0.9993115586454154
vn 0 0.5168031490111659 0.8561042606903335
vn 0 0.06900096711562542 0.9976165929539806
vn 0 0.5168031490111659 0.8561042606903335
vn 0 0.5168031490111659 0.8561042606903335
vn 0 -0.13380102736941943 0.9910082164517547
vn 0 -0.21080598344771925 0.9775279215156157
vn 0 -0.03709998325701511 0.9993115586454154
vn 0 -0.13380102736941943 0.9910082164517547
vn 0 0 1
vn 0 -0.21080598344771925 0.9775279215156157
vn 0 -0.21080598344771925 0.9775279215156157
vn 0 0 1
vn 0 0 1
vn 0 0 1
vn 0 0 1
vn 0 0 1
vn 0 0 1
vn 0 0 1
vn 0 0 1
vn 0 0 1
vn 0 -0.21080598344771925 0.9775279215156157
vn 0 0 1
vn 0 -0.21080598344771925 0.9775279215156157
vn 0 0 1
vn 0 0 1
vn 0 0 1
vn 0 0 1
vn 0 0 1
vn 0 0 1
vn 0 0 1
vn 0 0 1
vn 0 0 1
vn 0 0 1
vn 0 0 1
vn 0 0 1
vn 0 0 1
vn 0 0 1
vn 0 0.5168031490111659 -0.8561042606903335
vn 0 0.06900096711562542 -0.9976165929539806
vn 0 0.5168031490111659 -0.8561042606903335
vn 0 0.06900096711562542 -0.9976165929539806
vn 0 0.5168031490111659 -0.8561042606903335
vn 0 -0.03709998325701511 -0.9993115586454154
vn 0 0.06900096711562542 -0.9976165929539806
vn 0 -0.03709998325701511 -0.9993115586454154
vn 0 -0.13380102736941943 -0.9910082164517547
vn 0 -0.21080598344771925 -0.9775279215156157
vn 0 -0.13380102736941943 -0.9910082164517547
vn 0 -0.03709998325701511 -0.9993115586454154
vn 0 -0.13380102736941943 -0.9910082164517547
vn 0 -0.21080598344771925 -0.9775279215156157
vn 0 0 -1
vn 0 0 -1
vn 0 -0.21080598344771925 -0.9775279215156157
vn 0 0 -1
vn 0 0 -1
vn 0 0 -1
vn 0 0 -1
vn 0 0 -1
vn 0 0 -1
vn 0 0 -1
vn 0 -0.13380102736941943 -0.9910082164517547
vn 0 0 -1
vn 0 0 -1
vn 0 -0.21080598344771925 -0.9775279215156157
vn 0 0 -1
vn 0 0 -1
vn 0 0 -1
vn 0 -0.13380102736941943 -0.9910082164517547
vn 0 0 -1
vn 0 -0.21080598344771925 -0.9775279215156157
vn 0 0 -1
vn 0 0 -1
vn 0 0 -1
vn 0 0 -1
vn 0 0 -1
vn 0 0 -1
vn 0 0 -1
vn 0 0 -1
vn 0 0 -1
vn 0 0 -1
vn 0 0 -1
vn 0 0 -1
vn 0 0 -1
vn 0 0 -1
vn 0 -0.13380102736941943 -0.9910082164517547
vn 0 0 -1
vn 0 0 -1
vn 0 0 -1
vn 0 0 -1
vn 0 0 -1
vn 0 0 -1
vn 0 -0.13380102736941943 -0.9910082164517547
vn 0 0 -1
vn 0 0 -1
vn 0 0 -1
vn 0 0 -1
vn 0 -0.13380102736941943 -0.9910082164517547
vn 0 0 -1
vn 0 0 -1
vn 0 0 -1
vn 0 0 -1
vn 0 0 -1
vn 0 0 -1
vn 0 0 -1
vn 0 0 -1
vn 0 0 -1
vn 0 0 -1
vn 0 0 -1
vn 0 0 -1
vn 0 0 -1
vn 0 0 -1
vn 0 0 -1
vn 0 0 -1
vn 0 0 -1
vn 0 0 -1
vn 0 0 -1
vn 0 0 -1
vn 0 0 -1
vn 0 0 -1
vn 0 0 -1
vn 0 0 -1
vn 0 0 -1
vn 0 0 -1
vn 0 0 -1
vn 0 0 -1
vn 0 0 -1
vn 0 0 -1
vn 0 0 -1
vn 0 0 -1
vn 0 0 -1
vn 0 0 -1
vn 0 0 -1
vn 0 0 -1
vn 0 0 -1
vn 0 0 -1
vn 0 0 -1
vn 0 0 -1
vn 0 0 -1
vn 0 0 -1
vn 0 0 -1
vn 0 0 -1
vn 0 0 -1
vn 0 0 -1
vn 0 0 -1
vn 0.9069750880478219 -0.42118427043355455 0
vn 0.9069750880478219 -0.42118427043355455 0
vn 0.17279407036577787 -0.9849579733401962 0
vn 0.9069750880478219 -0.42118427043355455 0
vn 0.9069750880478219 -0.42118427043355455 0
vn 0.9732174078693204 0.2298866612488005 0
vn 0.17279407036577787 -0.9849579733401962 0
vn 0.17279407036577787 -0.9849579733401962 0
vn 0.9069750880478219 -0.42118427043355455 0
vn 0.17279407036577787 -0.9849579733401962 0
vn -0.17043128616732048 -0.9853695635117582 0
vn 0.17279407036577787 -0.9849579733401962 0
vn -0.17043128616732048 -0.9853695635117582 0
vn -0.17043128616732048 -0.9853695635117582 0
vn 0.17279407036577787 -0.9849579733401962 0
vn 0.9732174078693204 0.2298866612488005 0
vn 0.9732174078693204 0.2298866612488005 0
vn 0.9069750880478219 -0.42118427043355455 0
vn 0.9732174078693204 0.2298866612488005 0
vn 0.9732174078693204 0.2298866612488005 0
vn 0.9874794130234088 0.15774792821125752 0
vn 0.9874794130234088 0.15774792821125752 0
vn 0.9732174078693204 0.2298866612488005 0
vn 0.9874794130234088 0.15774792821125752 0
vn 0.9874794130234088 0.15774792821125752 0
vn 0.9874794130234088 0.15774792821125752 0
vn 1 0 0
vn 1 0 0
vn 1 0 0
vn 0.9874794130234088 0.15774792821125752 0
vn 0.9386635421512978 -0.34483438725854876 0
vn 0.9386635421512978 -0.34483438725854876 0
vn 0.4259312207846722 -0.9047555444211871 0
vn 0.9386635421512978 -0.34483438725854876 0
vn 0.9386635421512978 -0.34483438725854876 0
vn 0.9625995078839006 0.27092838061316593 0
vn 0.4259312207846722 -0.9047555444211871 0
vn 0.4259312207846722 -0.9047555444211871 0
vn 0.9386635421512978 -0.34483438725854876 0
vn 0.4259312207846722 -0.9047555444211871 0
vn 0.006944840476248889 -0.9999758843045964 0
vn 0.4259312207846722 -0.9047555444211871 0
vn 0.006944840476248889 -0.9999758843045964 0
vn 0.006944840476248889 -0.9999758843045964 0
vn 0.4259312207846722 -0.9047555444211871 0
vn 0.9625995078839006 0.27092838061316593 0
vn 0.9625995078839006 0.27092838061316593 0
vn 0.9386635421512978 -0.34483438725854876 0
vn 0.9625995078839006 0.27092838061316593 0
vn 0.9625995078839006 0.27092838061316593 0
vn 0.49525898425216963 0.8687453818683062 0
vn 0.49525898425216963 0.8687453818683062 0
vn 0.9625995078839006 0.27092838061316593 0
vn 0.49525898425216963 0.8687453818683062 0
vn -0.4377712476607407 0.8990863889090739 0
vn 0.49525898425216963 0.8687453818683062 0
vn 0.49525898425216963 0.8687453818683062 0
vn 0.49525898425216963 0.8687453818683062 0
vn -0.4377712476607407 0.8990863889090739 0
vn -0.4377712476607407 0.8990863889090739 0
vn -0.9886210671605542 0.1504273431472055 0
vn -0.4377712476607407 0.8990863889090739 0
vn -0.4377712476607407 0.8990863889090739 0
vn -0.4377712476607407 0.8990863889090739 0
vn -0.9886210671605542 0.1504273431472055 0
vn -0.9886210671605542 0.1504273431472055 0
vn -0.9820745841337165 -0.1884927351347731 0
vn -0.9886210671605542 0.1504273431472055 0
vn -0.9886210671605542 0.1504273431472055 0
vn -0.9886210671605542 0.1504273431472055 0
vn -0.9820745841337165 -0.1884927351347731 0
vn -0.9820745841337165 -0.1884927351347731 0
vn -1 0 0
vn -0.9820745841337165 -0.1884927351347731 0
vn -0.9820745841337165 -0.1884927351347731 0
vn -0.9820745841337165 -0.1884927351347731 0
vn -1 0 0
vn -1 0 0
vn 0 1 0
vn 0 1 0
vn 0 1 0
vn 0 1 0
vn 0 1 0
vn 0 1 0
vn 0 1 0
vn 0 1 0
vn 0.29184436231058786 0.9564658217560763 0
vn 0.29184436231058786 0.9564658217560763 0
vn 0 1 0
vn 0.29184436231058786 0.9564658217560763 0
vn 0.29184436231058786 0.9564658217560763 0
vn 0.29184436231058786 0.9564658217560763 0
vn 0.7734806401576856 0.6338199265574229 0
vn 0.29184436231058786 0.9564658217560763 0
vn 0.7734806401576856 0.6338199265574229 0
vn 0.7734806401576856 0.6338199265574229 0
vn -0.275562289460831 -0.961283217697628 0
vn -0.275562289460831 -0.961283217697628 0
vn -0.275562289460831 -0.961283217697628 0
vn -0.275562289460831 -0.961283217697628 0
vn -0.275562289460831 -0.961283217697628 0
vn -0.275562289460831 -0.961283217697628 0
vn 0.00824698362666444 -0.9999659930522945 0
vn 0.00824698362666444 -0.9999659930522945 0
vn 0.00824698362666444 -0.9999659930522945 0
vn 0.00824698362666444 -0.9999659930522945 0
vn 0.00824698362666444 -0.9999659930522945 0
vn 0.00824698362666444 -0.9999659930522945 0
vn -0.5861064919922034 -0.8102340279478473 0
vn -0.5861064919922034 -0.8102340279478473 0
vn -0.5861064919922034 -0.8102340279478473 0
vn -0.5861064919922034 -0.8102340279478473 0
vn -0.5861064919922034 -0.8102340279478473 0
vn -0.5861064919922034 -0.8102340279478473 0
vn -0.9550518851077586 -0.2964386897017938 0
vn -0.9550518851077586 -0.2964386897017938 0
vn -0.9550518851077586 -0.2964386897017938 0
vn -0.9550518851077586 -0.2964386897017938 0
vn -0.9550518851077586 -0.2964386897017938 0
vn -0.9550518851077586 -0.2964386897017938 0
vn -0.9356873001723885 0.3528303789303102 0
vn -0.7412074650782171 0.6712760190207331 0
vn -0.7412074650782171 0.6712760190207331 0
vn -0.7412074650782171 0.6712760190207331 0
vn -0.9356873001723885 0.3528303789303102 0
vn -0.9356873001723885 0.3528303789303102 0
vn -1 0 0
vn -0.9356873001723885 0.3528303789303102 0
vn -0.9356873001723885 0.3528303789303102 0
vn -0.9356873001723885 0.3528303789303102 0
vn -1 0 0
vn -1 0 0
f 241/241/241 242/242/242 243/243/243
f 244/244/244 245/245/245 246/246/246
f 247/247/247 248/248/248 249/249/249
f 250/250/250 251/251/251 252/252/252
f 253/253/253 254/254/254 255/255/255
f 256/256/256 257/257/257 258/258/258
f 259/259/259 260/260/260 261/261/261
f 262/262/262 263/263/263 264/264/264
f 265/265/265 266/266/266 267/267/267
f 268/268/268 269/269/269 270/270/270
f 271/271/271 272/272/272 273/273/273
f 274/274/274 275/275/275 276/276/276
f 277/277/277 278/278/278 279/279/279
f 280/280/280 281/281/281 282/282/282
f 283/283/283 284/284/284 285/285/285
f 286/286/286 287/287/287 288/288/288
f 289/289/289 290/290/290 291/291/291
f 292/292/292 293/293/293 294/294/294
f 295/295/295 296/296/296 297/297/297
f 298/298/298 299/299/299 300/300/300
f 301/301/301 302/302/302 303/303/303
f 304/304/304 305/305/305 306/306/306
f 307/307/307 308/308/308 309/309/309
f 310/310/310 311/311/311 312/312/312
f 313/313/313 314/314/314 315/315/315
f 316/316/316 317/317/317 318/318/318
f 319/319/319 320/320/320 321/321/321
f 322/322/322 323/323/323 324/324/324
f 325/325/325 326/326/326 327/327/327
f 328/328/328 329/329/329 330/330/330
f 331/331/331 332/332/332 333/333/333
f 334/334/334 335/335/335 336/336/336
f 337/337/337 338/338/338 339/339/339
f 340/340/340 341/341/341 342/342/342
f 343/343/343 344/344/344 345/345/345
f 346/346/346 347/347/347 348/348/348
f 349/349/349 350/350/350 351/351/351
f 352/352/352 353/353/353 354/354/354
f 355/355/355 356/356/356 357/357/357
f 358/358/358 359/359/359 360/360/360
f 361/361/361 362/362/362 363/363/363
f 364/364/364 365/365/365 366/366/366
f 367/367/367 368/368/368 369/369/369
f 370/370/370 371/371/371 372/372/372
f 373/373/373 374/374/374 375/375/375
f 376/376/376 377/377/377 378/378/378
f 379/379/379 380/380/380 381/381/381
f 382/382/382 383/383/383 384/384/384
f 385/385/385 386/386/386 387/387/387
f 388/388/388 389/389/389 390/390/390
f 391/391/391 392/392/392 393/393/393
f 394/394/394 395/395/395 396/396/396
f 397/397/397 398/398/398 399/399/399
f 400/400/400 401/401/401 402/402/402
f 403/403/403 404/404/404 405/405/405
f 406/406/406 407/407/407 408/408/408
f 409/409/409 410/410/410 411/411/411
f 412/412/412 413/413/413 414/414/414
f 415/415/415 416/416/416 417/417/417
f 418/418/418 419/419/419 420/420/420
f 421/421/421 422/422/422 423/423/423
f 424/424/424 425/425/425 426/426/426
f 427/427/427 428/428/428 429/429/429
f 430/430/430 431/431/431 432/432/432
f 433/433/433 434/434/434 435/435/435
f 436/436/436 437/437/437 438/438/438
f 439/439/439 440/440/440 441/441/441
f 442/442/442 443/443/443 444/444/444
f 445/445/445 446/446/446 447/447/447
f 448/448/448 449/449/449 450/450/450
f 451/451/451 452/452/452 453/453/453
f 454/454/454 455/455/455 456/456/456
f 457/457/457 458/458/458 459/459/459
f 460/460/460 461/461/461 462/462/462
f 463/463/463 464/464/464 465/465/465
f 466/466/466 467/467/467 468/468/468
f 469/469/469 470/470/470 471/471/471
f 472/472/472 473/473/473 474/474/474
f 475/475/475 476/476/476 477/477/477
f 478/478/478 479/479/479 480/480/480
f 481/481/481 482/482/482 483/483/483
f 484/484/484 485/485/485 486/486/486
f 487/487/487 488/488/488 489/489/489
f 490/490/490 491/491/491 492/492/492
f 493/493/493 494/494/494 495/495/495
f 496/496/496 497/497/497 498/498/498
f 499/499/499 500/500/500 501/501/501
f 502/502/502 503/503/503 504/504/504
f 505/505/505 506/506/506 507/507/507
f 508/508/508 509/509/509 510/510/510
f 511/511/511 512/512/512 513/513/513
f 514/514/514 515/515/515 516/516/516
f 517/517/517 518/518/518 519/519/519
f 520/520/520 521/521/521 522/522/522
f 523/523/523 524/524/524 525/525/525
f 526/526/526 527/527/527 528/528/528
f 529/529/529 530/530/530 531/531/531
f 532/532/532 533/533/533 534/534/534
f 535/535/535 536/536/536 537/537/537
f 538/538/538 539/539/539 540/540/540
f 541/541/541 542/542/542 543/543/543
f 544/544/544 545/545/545 546/546/546
f 547/547/547 548/548/548 549/549/549
f 550/550/550 551/551/551 552/552/552
f 553/553/553 554/554/554 555/555/555
f 556/556/556 557/557/557 558/558/558
f 559/559/559 560/560/560 561/561/561
f 562/562/562 563/563/563 564/564/564
f 565/565/565 566/566/566 567/567/567
f 568/568/568 569/569/569 570/570/570
f 571/571/571 572/572/572 573/573/573
f 574/574/574 575/575/575 576/576/576
f 577/577/577 578/578/578 579/579/579
f 580/580/580 581/581/581 582/582/582
f 583/583/583 584/584/584 585/585/585
f 586/586/586 587/587/587 588/588/588
f 589/589/589 590/590/590 591/591/591
f 592/592/592 593/593/593 594/594/594
f 595/595/595 596/596/596 597/597/597
f 598/598/598 599/599/599 600/600/600
f 601/601/601 602/602/602 603/603/603
f 604/604/604 605/605/605 606/606/606
f 607/607/607 608/608/608 609/609/609
f 610/610/610 611/611/611 612/612/612
f 613/613/613 614/614/614 615/615/615
f 616/616/616 617/617/617 618/618/618
f 619/619/619 620/620/620 621/621/621
f 622/622/622 623/623/623 624/624/624
f 625/625/625 626/626/626 627/627/627
f 628/628/628 629/629/629 630/630/630
f 631/631/631 632/632/632 633/633/633
f 634/634/634 635/635/635 636/636/636
f 637/637/637 638/638/638 639/639/639
f 640/640/640 641/641/641 642/642/642
f 643/643/643 644/644/644 645/645/645
f 646/646/646 647/647/647 648/648/648
f 649/649/649 650/650/650 651/651/651
f 652/652/652 653/653/653 654/654/654
f 655/655/655 656/656/656 657/657/657
f 658/658/658 659/659/659 660/660/660
f 661/661/661 662/662/662 663/663/663
f 664/664/664 665/665/665 666/666/666
f 667/667/667 668/668/668 669/669/669
f 670/670/670 671/671/671 672/672/672
f 673/673/673 674/674/674 675/675/675
f 676/676/676 677/677/677 678/678/678
f 679/679/679 680/680/680 681/681/681
f 682/682/682 683/683/683 684/684/684
f 685/685/685 686/686/686 687/687/687
f 688/688/688 689/689/689 690/690/690
f 691/691/691 692/692/692 693/693/693
f 694/694/694 695/695/695 696/696/696
f 697/697/697 698/698/698 699/699/699
f 700/700/700 701/701/701 702/702/702
f 703/703/703 704/704/704 705/705/705
f 706/706/706 707/707/707 708/708/708
f 709/709/709 710/710/710 711/711/711
f 712/712/712 713/713/713 714/714/714
f 715/715/715 716/716/716 717/717/717
f 718/718/718 719/719/719 720/720/720
f 721/721/721 722/722/722 723/723/723
f 724/724/724 725/725/725 726/726/726
f 727/727/727 728/728/728 729/729/729
f 730/730/730 731/731/731 732/732/732
f 733/733/733 734/734/734 735/735/735
f 736/736/736 737/737/737 738/738/738
f 739/739/739 740/740/740 741/741/741
f 742/742/742 743/743/743 744/744/744
f 745/745/745 746/746/746 747/747/747
f 748/748/748 749/749/749 750/750/750
f 751/751/751 752/752/752 753/753/753
f 754/754/754 755/755/755 756/756/756
f 757/757/757 758/758/758 759/759/759
f 760/760/760 761/761/761 762/762/762
f 763/763/763 764/764/764 765/765/765
f 766/766/766 767/767/767 768/768/768
f 769/769/769 770/770/770 771/771/771
f 772/772/772 773/773/773 774/774/774
f 775/775/775 776/776/776 777/777/777
f 778/778/778 779/779/779 780/780/780
f 781/781/781 782/782/782 783/783/783
f 784/784/784 785/785/785 786/786/786
f 787/787/787 788/788/788 789/789/789
f 790/790/790 791/791/791 792/792/792
f 793/793/793 794/794/794 795/795/795
f 796/796/796 797/797/797 798/798/798
f 799/799/799 800/800/800 801/801/801
f 802/802/802 803/803/803 804/804/804
f 805/805/805 806/806/806 807/807/807
f 808/808/808 809/809/809 810/810/810
f 811/811/811 812/812/812 813/813/813
f 814/814/814 815/815/815 816/816/816
f 817/817/817 818/818/818 819/819/819
f 820/820/820 821/821/821 822/822/822
f 823/823/823 824/824/824 825/825/825
f 826/826/826 827/827/827 828/828/828
f 829/829/829 830/830/830 831/831/831
f 832/832/832 833/833/833 834/834/834
f 835/835/835 836/836/836 837/837/837
f 838/838/838 839/839/839 840/840/840
f 841/841/841 842/842/842 843/843/843
f 844/844/844 845/845/845 846/846/846
f 847/847/847 848/848/848 849/849/849
f 850/850/850 851/851/851 852/852/852
f 853/853/853 854/854/854 855/855/855
f 856/856/856 857/857/857 858/858/858
f 859/859/859 860/860/860 861/861/861
f 862/862/862 863/863/863 864/864/864
f 865/865/865 866/866/866 867/867/867
f 868/868/868 869/869/869 870/870/870
f 871/871/871 872/872/872 873/873/873
f 874/874/874 875/875/875 876/876/876
f 877/877/877 878/878/878 879/879/879
f 880/880/880 881/881/881 882/882/882
f 883/883/883 884/884/884 885/885/885
f 886/886/886 887/887/887 888/888/888
o 
v 1.2481287717819214 -0.08707215636968613 -0.14112567901611328
v 1.2739125490188599 -0.07548324018716812 0.14112567901611328
v 1.2739125490188599 -0.07548324018716812 -0.14112567901611328
v 1.2996973991394043 -0.08707215636968613 0.14112567901611328
v 1.2739125490188599 -0.07548324018716812 -0.14112567901611328
v 1.2739125490188599 -0.07548324018716812 0.14112567901611328
v 1.2739125490188599 -0.07548324018716812 0.14112567901611328
v 1.2481287717819214 -0.08707215636968613 -0.14112567901611328
v 1.2481287717819214 -0.08707215636968613 0.14112567901611328
v 1.2739125490188599 -0.07548324018716812 -0.14112567901611328
v 1.2996973991394043 -0.08707215636968613 0.14112567901611328
v 1.2996973991394043 -0.08707215636968613 -0.14112567901611328
v 1.2374480962753296 -0.11505214869976044 -0.14112567901611328
v 1.2481287717819214 -0.08707215636968613 0.14112567901611328
v 1.2481287717819214 -0.08707215636968613 -0.14112567901611328
v 1.310378074645996 -0.11505214869976044 0.14112567901611328
v 1.2996973991394043 -0.08707215636968613 -0.14112567901611328
v 1.2996973991394043 -0.08707215636968613 0.14112567901611328
v 1.2481287717819214 -0.08707215636968613 0.14112567901611328
v 1.2374480962753296 -0.11505214869976044 -0.14112567901611328
v 1.2374480962753296 -0.11505214869976044 0.14112567901611328
v 1.2996973991394043 -0.08707215636968613 -0.14112567901611328
v 1.310378074645996 -0.11505214869976044 0.14112567901611328
v 1.310378074645996 -0.11505214869976044 -0.14112567901611328
v 1.2481287717819214 -0.14303216338157654 -0.14112567901611328
v 1.2374480962753296 -0.11505214869976044 0.14112567901611328
v 1.2374480962753296 -0.11505214869976044 -0.14112567901611328
v 1.2996973991394043 -0.14303216338157654 0.14112567901611328
v 1.310378074645996 -0.11505214869976044 -0.14112567901611328
v 1.310378074645996 -0.11505214869976044 0.14112567901611328
v 1.2374480962753296 -0.11505214869976044 0.14112567901611328
v 1.2481287717819214 -0.14303216338157654 -0.14112567901611328
v 1.2481287717819214 -0.14303216338157654 0.14112567901611328
v 1.310378074645996 -0.11505214869976044 -0.14112567901611328
v 1.2996973991394043 -0.14303216338157654 0.14112567901611328
v 1.2996973991394043 -0.14303216338157654 -0.14112567901611328
v 1.2739125490188599 -0.1546221524477005 -0.14112567901611328
v 1.2481287717819214 -0.14303216338157654 0.14112567901611328
v 1.2481287717819214 -0.14303216338157654 -0.14112567901611328
v 1.2739125490188599 -0.1546221524477005 0.14112567901611328
v 1.2996973991394043 -0.14303216338157654 -0.14112567901611328
v 1.2996973991394043 -0.14303216338157654 0.14112567901611328
v 1.2481287717819214 -0.14303216338157654 0.14112567901611328
v 1.2739125490188599 -0.1546221524477005 -0.14112567901611328
v 1.2739125490188599 -0.1546221524477005 0.14112567901611328
v 1.2996973991394043 -0.14303216338157654 -0.14112567901611328
v 1.2739125490188599 -0.1546221524477005 0.14112567901611328
v 1.2739125490188599 -0.1546221524477005 -0.14112567901611328
v 1.2716745138168335 -0.5350325703620911 -0.14112567901611328
v 1.2352100610733032 -0.49546366930007935 -0.14112567901611328
v 1.260994791984558 -0.5070526003837585 -0.14112567901611328
v 1.2352100610733032 -0.49546366930007935 -0.14112567901611328
v 1.198744535446167 -0.5350325703620911 -0.14112567901611328
v 1.2094252109527588 -0.5070526003837585 -0.14112567901611328
v 1.198744535446167 -0.5350325703620911 -0.14112567901611328
v 1.2352100610733032 -0.49546366930007935 -0.14112567901611328
v 1.2094252109527588 -0.5630125999450684 -0.14112567901611328
v 1.2716745138168335 -0.5350325703620911 -0.14112567901611328
v 1.2094252109527588 -0.5630125999450684 -0.14112567901611328
v 1.2352100610733032 -0.49546366930007935 -0.14112567901611328
v 1.2094252109527588 -0.5630125999450684 -0.14112567901611328
v 1.2716745138168335 -0.5350325703620911 -0.14112567901611328
v 1.2352100610733032 -0.5746026039123535 -0.14112567901611328
v 1.2352100610733032 -0.5746026039123535 -0.14112567901611328
v 1.2716745138168335 -0.5350325703620911 -0.14112567901611328
v 1.260994791984558 -0.5630125999450684 -0.14112567901611328
v 1.2094252109527588 -0.5630125999450684 0.14112567901611328
v 1.2352100610733032 -0.49546366930007935 0.14112567901611328
v 1.198744535446167 -0.5350325703620911 0.14112567901611328
v 1.198744535446167 -0.5350325703620911 0.14112567901611328
v 1.2352100610733032 -0.49546366930007935 0.14112567901611328
v 1.2094252109527588 -0.5070526003837585 0.14112567901611328
v 1.2094252109527588 -0.5630125999450684 0.14112567901611328
v 1.2716745138168335 -0.5350325703620911 0.14112567901611328
v 1.2352100610733032 -0.49546366930007935 0.14112567901611328
v 1.2352100610733032 -0.49546366930007935 0.14112567901611328
v 1.2716745138168335 -0.5350325703620911 0.14112567901611328
v 1.260994791984558 -0.5070526003837585 0.14112567901611328
v 1.2352100610733032 -0.5746026039123535 0.14112567901611328
v 1.2716745138168335 -0.5350325703620911 0.14112567901611328
v 1.2094252109527588 -0.5630125999450684 0.14112567901611328
v 1.2716745138168335 -0.5350325703620911 0.14112567901611328
v 1.2352100610733032 -0.5746026039123535 0.14112567901611328
v 1.260994791984558 -0.5630125999450684 0.14112567901611328
v 0.6137229204177856 -0.19904825091362 -0.14112567901611328
v 0.5772584080696106 -0.15947933495044708 -0.14112567901611328
v 0.6030431985855103 -0.17106930911540985 -0.14112567901611328
v 0.5772584080696106 -0.15947933495044708 -0.14112567901611328
v 0.6137229204177856 -0.19904825091362 -0.14112567901611328
v 0.5514735579490662 -0.17106930911540985 -0.14112567901611328
v 0.6137229204177856 -0.19904825091362 -0.14112567901611328
v 0.5514735579490662 -0.2270282506942749 -0.14112567901611328
v 0.5514735579490662 -0.17106930911540985 -0.14112567901611328
v 0.5514735579490662 -0.17106930911540985 -0.14112567901611328
v 0.5514735579490662 -0.2270282506942749 -0.14112567901611328
v 0.5407928824424744 -0.19904825091362 -0.14112567901611328
v 0.5514735579490662 -0.2270282506942749 -0.14112567901611328
v 0.6137229204177856 -0.19904825091362 -0.14112567901611328
v 0.5772584080696106 -0.23861822485923767 -0.14112567901611328
v 0.5772584080696106 -0.23861822485923767 -0.14112567901611328
v 0.6137229204177856 -0.19904825091362 -0.14112567901611328
v 0.6030431985855103 -0.2270282506942749 -0.14112567901611328
v 0.5514735579490662 -0.2270282506942749 0.14112567901611328
v 0.5514735579490662 -0.17106930911540985 0.14112567901611328
v 0.5407928824424744 -0.19904825091362 0.14112567901611328
v 0.5514735579490662 -0.2270282506942749 0.14112567901611328
v 0.6137229204177856 -0.19904825091362 0.14112567901611328
v 0.5514735579490662 -0.17106930911540985 0.14112567901611328
v 0.5514735579490662 -0.17106930911540985 0.14112567901611328
v 0.6137229204177856 -0.19904825091362 0.14112567901611328
v 0.5772584080696106 -0.15947933495044708 0.14112567901611328
v 0.5772584080696106 -0.15947933495044708 0.14112567901611328
v 0.6137229204177856 -0.19904825091362 0.14112567901611328
v 0.6030431985855103 -0.17106930911540985 0.14112567901611328
v 0.5772584080696106 -0.23861822485923767 0.14112567901611328
v 0.6137229204177856 -0.19904825091362 0.14112567901611328
v 0.5514735579490662 -0.2270282506942749 0.14112567901611328
v 0.6137229204177856 -0.19904825091362 0.14112567901611328
v 0.5772584080696106 -0.23861822485923767 0.14112567901611328
v 0.6030431985855103 -0.2270282506942749 0.14112567901611328
v 1.310378074645996 -0.11505214869976044 -0.14112567901611328
v 1.2739125490188599 -0.07548324018716812 -0.14112567901611328
v 1.2996973991394043 -0.08707215636968613 -0.14112567901611328
v 1.2996973991394043 -0.14303216338157654 -0.14112567901611328
v 1.2739125490188599 -0.07548324018716812 -0.14112567901611328
v 1.310378074645996 -0.11505214869976044 -0.14112567901611328
v 1.2481287717819214 -0.14303216338157654 -0.14112567901611328
v 1.2739125490188599 -0.07548324018716812 -0.14112567901611328
v 1.2996973991394043 -0.14303216338157654 -0.14112567901611328
v 1.2481287717819214 -0.14303216338157654 -0.14112567901611328
v 1.2996973991394043 -0.14303216338157654 -0.14112567901611328
v 1.2739125490188599 -0.1546221524477005 -0.14112567901611328
v 1.2374480962753296 -0.11505214869976044 -0.14112567901611328
v 1.2739125490188599 -0.07548324018716812 -0.14112567901611328
v 1.2481287717819214 -0.14303216338157654 -0.14112567901611328
v 1.2739125490188599 -0.07548324018716812 -0.14112567901611328
v 1.2374480962753296 -0.11505214869976044 -0.14112567901611328
v 1.2481287717819214 -0.08707215636968613 -0.14112567901611328
v 1.2481287717819214 -0.14303216338157654 0.14112567901611328
v 1.2739125490188599 -0.07548324018716812 0.14112567901611328
v 1.2374480962753296 -0.11505214869976044 0.14112567901611328
v 1.2374480962753296 -0.11505214869976044 0.14112567901611328
v 1.2739125490188599 -0.07548324018716812 0.14112567901611328
v 1.2481287717819214 -0.08707215636968613 0.14112567901611328
v 1.2739125490188599 -0.07548324018716812 0.14112567901611328
v 1.2481287717819214 -0.14303216338157654 0.14112567901611328
v 1.2996973991394043 -0.14303216338157654 0.14112567901611328
v 1.2996973991394043 -0.14303216338157654 0.14112567901611328
v 1.2481287717819214 -0.14303216338157654 0.14112567901611328
v 1.2739125490188599 -0.1546221524477005 0.14112567901611328
v 1.2739125490188599 -0.07548324018716812 0.14112567901611328
v 1.2996973991394043 -0.14303216338157654 0.14112567901611328
v 1.310378074645996 -0.11505214869976044 0.14112567901611328
v 1.2739125490188599 -0.07548324018716812 0.14112567901611328
v 1.310378074645996 -0.11505214869976044 0.14112567901611328
v 1.2996973991394043 -0.08707215636968613 0.14112567901611328
v 0.5514735579490662 -0.17106930911540985 -0.14112567901611328
v 0.5772584080696106 -0.15947933495044708 0.14112567901611328
v 0.5772584080696106 -0.15947933495044708 -0.14112567901611328
v 0.6030431985855103 -0.17106930911540985 0.14112567901611328
v 0.5772584080696106 -0.15947933495044708 -0.14112567901611328
v 0.5772584080696106 -0.15947933495044708 0.14112567901611328
v 0.5772584080696106 -0.15947933495044708 0.14112567901611328
v 0.5514735579490662 -0.17106930911540985 -0.14112567901611328
v 0.5514735579490662 -0.17106930911540985 0.14112567901611328
v 0.5772584080696106 -0.15947933495044708 -0.14112567901611328
v 0.6030431985855103 -0.17106930911540985 0.14112567901611328
v 0.6030431985855103 -0.17106930911540985 -0.14112567901611328
v 0.5407928824424744 -0.19904825091362 -0.14112567901611328
v 0.5514735579490662 -0.17106930911540985 0.14112567901611328
v 0.5514735579490662 -0.17106930911540985 -0.14112567901611328
v 0.6137229204177856 -0.19904825091362 0.14112567901611328
v 0.6030431985855103 -0.17106930911540985 -0.14112567901611328
v 0.6030431985855103 -0.17106930911540985 0.14112567901611328
v 0.5514735579490662 -0.17106930911540985 0.14112567901611328
v 0.5407928824424744 -0.19904825091362 -0.14112567901611328
v 0.5407928824424744 -0.19904825091362 0.14112567901611328
v 0.6030431985855103 -0.17106930911540985 -0.14112567901611328
v 0.6137229204177856 -0.19904825091362 0.14112567901611328
v 0.6137229204177856 -0.19904825091362 -0.14112567901611328
v 0.5514735579490662 -0.2270282506942749 -0.14112567901611328
v 0.5407928824424744 -0.19904825091362 0.14112567901611328
v 0.5407928824424744 -0.19904825091362 -0.14112567901611328
v 0.6030431985855103 -0.2270282506942749 0.14112567901611328
v 0.6137229204177856 -0.19904825091362 -0.14112567901611328
v 0.6137229204177856 -0.19904825091362 0.14112567901611328
v 0.5407928824424744 -0.19904825091362 0.14112567901611328
v 0.5514735579490662 -0.2270282506942749 -0.14112567901611328
v 0.5514735579490662 -0.2270282506942749 0.14112567901611328
v 0.6137229204177856 -0.19904825091362 -0.14112567901611328
v 0.6030431985855103 -0.2270282506942749 0.14112567901611328
v 0.6030431985855103 -0.2270282506942749 -0.14112567901611328
v 0.5772584080696106 -0.23861822485923767 -0.14112567901611328
v 0.5514735579490662 -0.2270282506942749 0.14112567901611328
v 0.5514735579490662 -0.2270282506942749 -0.14112567901611328
v 0.5772584080696106 -0.23861822485923767 0.14112567901611328
v 0.6030431985855103 -0.2270282506942749 -0.14112567901611328
v 0.6030431985855103 -0.2270282506942749 0.14112567901611328
v 0.5514735579490662 -0.2270282506942749 0.14112567901611328
v 0.5772584080696106 -0.23861822485923767 -0.14112567901611328
v 0.5772584080696106 -0.23861822485923767 0.14112567901611328
v 0.6030431985855103 -0.2270282506942749 -0.14112567901611328
v 0.5772584080696106 -0.23861822485923767 0.14112567901611328
v 0.5772584080696106 -0.23861822485923767 -0.14112567901611328
v 1.2094252109527588 -0.5070526003837585 -0.14112567901611328
v 1.2352100610733032 -0.49546366930007935 0.14112567901611328
v 1.2352100610733032 -0.49546366930007935 -0.14112567901611328
v 1.260994791984558 -0.5070526003837585 0.14112567901611328
v 1.2352100610733032 -0.49546366930007935 -0.14112567901611328
v 1.2352100610733032 -0.49546366930007935 0.14112567901611328
v 1.2352100610733032 -0.49546366930007935 0.14112567901611328
v 1.2094252109527588 -0.5070526003837585 -0.14112567901611328
v 1.2094252109527588 -0.5070526003837585 0.14112567901611328
v 1.2352100610733032 -0.49546366930007935 -0.14112567901611328
v 1.260994791984558 -0.5070526003837585 0.14112567901611328
v 1.260994791984558 -0.5070526003837585 -0.14112567901611328
v 1.198744535446167 -0.5350325703620911 -0.14112567901611328
v 1.2094252109527588 -0.5070526003837585 0.14112567901611328
v 1.2094252109527588 -0.5070526003837585 -0.14112567901611328
v 1.2716745138168335 -0.5350325703620911 0.14112567901611328
v 1.260994791984558 -0.5070526003837585 -0.14112567901611328
v 1.260994791984558 -0.5070526003837585 0.14112567901611328
v 1.2094252109527588 -0.5070526003837585 0.14112567901611328
v 1.198744535446167 -0.5350325703620911 -0.14112567901611328
v 1.198744535446167 -0.5350325703620911 0.14112567901611328
v 1.260994791984558 -0.5070526003837585 -0.14112567901611328
v 1.2716745138168335 -0.5350325703620911 0.14112567901611328
v 1.2716745138168335 -0.5350325703620911 -0.14112567901611328
v 1.2094252109527588 -0.5630125999450684 -0.14112567901611328
v 1.198744535446167 -0.5350325703620911 0.14112567901611328
v 1.198744535446167 -0.5350325703620911 -0.14112567901611328
v 1.260994791984558 -0.5630125999450684 0.14112567901611328
v 1.2716745138168335 -0.5350325703620911 -0.14112567901611328
v 1.2716745138168335 -0.5350325703620911 0.14112567901611328
v 1.198744535446167 -0.5350325703620911 0.14112567901611328
v 1.2094252109527588 -0.5630125999450684 -0.14112567901611328
v 1.2094252109527588 -0.5630125999450684 0.14112567901611328
v 1.2716745138168335 -0.5350325703620911 -0.14112567901611328
v 1.260994791984558 -0.5630125999450684 0.14112567901611328
v 1.260994791984558 -0.5630125999450684 -0.14112567901611328
v 1.2352100610733032 -0.5746026039123535 -0.14112567901611328
v 1.2094252109527588 -0.5630125999450684 0.14112567901611328
v 1.2094252109527588 -0.5630125999450684 -0.14112567901611328
v 1.2352100610733032 -0.5746026039123535 0.14112567901611328
v 1.260994791984558 -0.5630125999450684 -0.14112567901611328
v 1.260994791984558 -0.5630125999450684 0.14112567901611328
v 1.2094252109527588 -0.5630125999450684 0.14112567901611328
v 1.2352100610733032 -0.5746026039123535 -0.14112567901611328
v 1.2352100610733032 -0.5746026039123535 0.14112567901611328
v 1.260994791984558 -0.5630125999450684 -0.14112567901611328
v 1.2352100610733032 -0.5746026039123535 0.14112567901611328
v 1.2352100610733032 -0.5746026039123535 -0.14112567901611328
vt 0 0
vt 0 0
vt 0 0
vt 0 0
vt 0 0
vt 0 0
vt 0 0
vt 0 0
vt 0 0
vt 0 0
vt 0 0
vt 0 0
vt 0 0
vt 0 0
vt 0 0
vt 0 0
vt 0 0
vt 0 0
vt 0 0
vt 0 0
vt 0 0
vt 0 0
vt 0 0
vt 0 0
vt 0 0
vt 0 0
vt 0 0
vt 0 0
vt 0 0
vt 0 0
vt 0 0
vt 0 0
vt 0 0
vt 0 0
vt 0 0
vt 0 0
vt 0 0
vt 0 0
vt 0 0
vt 0 0
vt 0 0
vt 0 0
vt 0 0
vt 0 0
vt 0 0
vt 0 0
vt 0 0
vt 0 0
vt 0 0
vt 0 0
vt 0 0
vt 0 0
vt 0 0
vt 0 0
vt 0 0
vt 0 0
vt 0 0
vt 0 0
vt 0 0
vt 0 0
vt 0 0
vt 0 0
vt 0 0
vt 0 0
vt 0 0
vt 0 0
vt 0 0
vt 0 0
vt 0 0
vt 0 0
vt 0 0
vt 0 0
vt 0 0
vt 0 0
vt 0 0
vt 0 0
vt 0 0
vt 0 0
vt 0 0
vt 0 0
vt 0 0
vt 0 0
vt 0 0
vt 0 0
vt 0 0
vt 0 0
vt 0 0
vt 0 0
vt 0 0
vt 0 0
vt 0 0
vt 0 0
vt 0 0
vt 0 0
vt 0 0
vt 0 0
vt 0 0
vt 0 0
vt 0 0
vt 0 0
vt 0 0
vt 0 0
vt 0 0
vt 0 0
vt 0 0
vt 0 0
vt 0 0
vt 0 0
vt 0 0
vt 0 0
vt 0 0
vt 0 0
vt 0 0
vt 0 0
vt 0 0
vt 0 0
vt 0 0
vt 0 0
vt 0 0
vt 0 0
vt 0 0
vt 0 0
vt 0 0
vt 0 0
vt 0 0
vt 0 0
vt 0 0
vt 0 0
vt 0 0
vt 0 0
vt 0 0
vt 0 0
vt 0 0
vt 0 0
vt 0 0
vt 0 0
vt 0 0
vt 0 0
vt 0 0
vt 0 0
vt 0 0
vt 0 0
vt 0 0
vt 0 0
vt 0 0
vt 0 0
vt 0 0
vt 0 0
vt 0 0
vt 0 0
vt 0 0
vt 0 0
vt 0 0
vt 0 0
vt 0 0
vt 0 0
vt 0 0
vt 0 0
vt 0 0
vt 0 0
vt 0 0
vt 0 0
vt 0 0
vt 0 0
vt 0 0
vt 0 0
vt 0 0
vt 0 0
vt 0 0
vt 0 0
vt 0 0
vt 0 0
vt 0 0
vt 0 0
vt 0 0
vt 0 0
vt 0 0
vt 0 0
vt 0 0
vt 0 0
vt 0 0
vt 0 0
vt 0 0
vt 0 0
vt 0 0
vt 0 0
vt 0 0
vt 0 0
vt 0 0
vt 0 0
vt 0 0
vt 0 0
vt 0 0
vt 0 0
vt 0 0
vt 0 0
vt 0 0
vt 0 0
vt 0 0
vt 0 0
vt 0 0
vt 0 0
vt 0 0
vt 0 0
vt 0 0
vt 0 0
vt 0 0
vt 0 0
vt 0 0
vt 0 0
vt 0 0
vt 0 0
vt 0 0
vt 0 0
vt 0 0
vt 0 0
vt 0 0
vt 0 0
vt 0 0
vt 0 0
vt 0 0
vt 0 0
vt 0 0
vt 0 0
vt 0 0
vt 0 0
vt 0 0
vt 0 0
vt 0 0
vt 0 0
vt 0 0
vt 0 0
vt 0 0
vt 0 0
vt 0 0
vt 0 0
vt 0 0
vt 0 0
vt 0 0
vt 0 0
vt 0 0
vt 0 0
vt 0 0
vt 0 0
vt 0 0
vt 0 0
vt 0 0
vt 0 0
vt 0 0
vt 0 0
vt 0 0
vt 0 0
vn -0.7353648398445847 0.6776714191408314 0
vn 0 1 0
vn 0 1 0
vn 0.7353648398445847 0.6776714191408314 0
vn 0 1 0
vn 0 1 0
vn 0 1 0
vn -0.7353648398445847 0.6776714191408314 0
vn -0.7353648398445847 0.6776714191408314 0
vn 0 1 0
vn 0.7353648398445847 0.6776714191408314 0
vn 0.7353648398445847 0.6776714191408314 0
vn -1 0 0
vn -0.7353648398445847 0.6776714191408314 0
vn -0.7353648398445847 0.6776714191408314 0
vn 1 0 0
vn 0.7353648398445847 0.6776714191408314 0
vn 0.7353648398445847 0.6776714191408314 0
vn -0.7353648398445847 0.6776714191408314 0
vn -1 0 0
vn -1 0 0
vn 0.7353648398445847 0.6776714191408314 0
vn 1 0 0
vn 1 0 0
vn -0.7353648398445847 -0.6776714191408314 0
vn -1 0 0
vn -1 0 0
vn 0.7353648398445847 -0.6776714191408314 0
vn 1 0 0
vn 1 0 0
vn -1 0 0
vn -0.7353648398445847 -0.6776714191408314 0
vn -0.7353648398445847 -0.6776714191408314 0
vn 1 0 0
vn 0.7353648398445847 -0.6776714191408314 0
vn 0.7353648398445847 -0.6776714191408314 0
vn 0 -1 0
vn -0.7353648398445847 -0.6776714191408314 0
vn -0.7353648398445847 -0.6776714191408314 0
vn 0 -1 0
vn 0.7353648398445847 -0.6776714191408314 0
vn 0.7353648398445847 -0.6776714191408314 0
vn -0.7353648398445847 -0.6776714191408314 0
vn 0 -1 0
vn 0 -1 0
vn 0.7353648398445847 -0.6776714191408314 0
vn 0 -1 0
vn 0 -1 0
vn 0 0 -1
vn 0 0 -1
vn 0 0 -1
vn 0 0 -1
vn 0 0 -1
vn 0 0 -1
vn 0 0 -1
vn 0 0 -1
vn 0 0 -1
vn 0 0 -1
vn 0 0 -1
vn 0 0 -1
vn 0 0 -1
vn 0 0 -1
vn 0 0 -1
vn 0 0 -1
vn 0 0 -1
vn 0 0 -1
vn 0 0 1
vn 0 0 1
vn 0 0 1
vn 0 0 1
vn 0 0 1
vn 0 0 1
vn 0 0 1
vn 0 0 1
vn 0 0 1
vn 0 0 1
vn 0 0 1
vn 0 0 1
vn 0 0 1
vn 0 0 1
vn 0 0 1
vn 0 0 1
vn 0 0 1
vn 0 0 1
vn 0 0 -1
vn 0 0 -1
vn 0 0 -1
vn 0 0 -1
vn 0 0 -1
vn 0 0 -1
vn 0 0 -1
vn 0 0 -1
vn 0 0 -1
vn 0 0 -1
vn 0 0 -1
vn 0 0 -1
vn 0 0 -1
vn 0 0 -1
vn 0 0 -1
vn 0 0 -1
vn 0 0 -1
vn 0 0 -1
vn 0 0 1
vn 0 0 1
vn 0 0 1
vn 0 0 1
vn 0 0 1
vn 0 0 1
vn 0 0 1
vn 0 0 1
vn 0 0 1
vn 0 0 1
vn 0 0 1
vn 0 0 1
vn 0 0 1
vn 0 0 1
vn 0 0 1
vn 0 0 1
vn 0 0 1
vn 0 0 1
vn 0 0 -1
vn 0 0 -1
vn 0 0 -1
vn 0 0 -1
vn 0 0 -1
vn 0 0 -1
vn 0 0 -1
vn 0 0 -1
vn 0 0 -1
vn 0 0 -1
vn 0 0 -1
vn 0 0 -1
vn 0 0 -1
vn 0 0 -1
vn 0 0 -1
vn 0 0 -1
vn 0 0 -1
vn 0 0 -1
vn 0 0 1
vn 0 0 1
vn 0 0 1
vn 0 0 1
vn 0 0 1
vn 0 0 1
vn 0 0 1
vn 0 0 1
vn 0 0 1
vn 0 0 1
vn 0 0 1
vn 0 0 1
vn 0 0 1
vn 0 0 1
vn 0 0 1
vn 0 0 1
vn 0 0 1
vn 0 0 1
vn -0.7353648398445847 0.6776714191408314 0
vn 0 1 0
vn 0 1 0
vn 0.7353648398445847 0.6776714191408314 0
vn 0 1 0
vn 0 1 0
vn 0 1 0
vn -0.7353648398445847 0.6776714191408314 0
vn -0.7353648398445847 0.6776714191408314 0
vn 0 1 0
vn 0.7353648398445847 0.6776714191408314 0
vn 0.7353648398445847 0.6776714191408314 0
vn -1 0 0
vn -0.7353648398445847 0.6776714191408314 0
vn -0.7353648398445847 0.6776714191408314 0
vn 1 0 0
vn 0.7353648398445847 0.6776714191408314 0
vn 0.7353648398445847 0.6776714191408314 0
vn -0.7353648398445847 0.6776714191408314 0
vn -1 0 0
vn -1 0 0
vn 0.7353648398445847 0.6776714191408314 0
vn 1 0 0
vn 1 0 0
vn -0.7353648398445847 -0.6776714191408314 0
vn -1 0 0
vn -1 0 0
vn 0.7353648398445847 -0.6776714191408314 0
vn 1 0 0
vn 1 0 0
vn -1 0 0
vn -0.7353648398445847 -0.6776714191408314 0
vn -0.7353648398445847 -0.6776714191408314 0
vn 1 0 0
vn 0.7353648398445847 -0.6776714191408314 0
vn 0.7353648398445847 -0.6776714191408314 0
vn 0 -1 0
vn -0.7353648398445847 -0.6776714191408314 0
vn -0.7353648398445847 -0.6776714191408314 0
vn 0 -1 0
vn 0.7353648398445847 -0.6776714191408314 0
vn 0.7353648398445847 -0.6776714191408314 0
vn -0.7353648398445847 -0.6776714191408314 0
vn 0 -1 0
vn 0 -1 0
vn 0.7353648398445847 -0.6776714191408314 0
vn 0 -1 0
vn 0 -1 0
vn -0.7353648398445847 0.6776714191408314 0
vn 0 1 0
vn 0 1 0
vn 0.7353648398445847 0.6776714191408314 0
vn 0 1 0
vn 0 1 0
vn 0 1 0
vn -0.7353648398445847 0.6776714191408314 0
vn -0.7353648398445847 0.6776714191408314 0
vn 0 1 0
vn 0.7353648398445847 0.6776714191408314 0
vn 0.7353648398445847 0.6776714191408314 0
vn -1 0 0
vn -0.7353648398445847 0.6776714191408314 0
vn -0.7353648398445847 0.6776714191408314 0
vn 1 0 0
vn 0.7353648398445847 0.6776714191408314 0
vn 0.7353648398445847 0.6776714191408314 0
vn -0.7353648398445847 0.6776714191408314 0
vn -1 0 0
vn -1 0 0
vn 0.7353648398445847 0.6776714191408314 0
vn 1 0 0
vn 1 0 0
vn -0.7353648398445847 -0.6776714191408314 0
vn -1 0 0
vn -1 0 0
vn 0.7353648398445847 -0.6776714191408314 0
vn 1 0 0
vn 1 0 0
vn -1 0 0
vn -0.7353648398445847 -0.6776714191408314 0
vn -0.7353648398445847 -0.6776714191408314 0
vn 1 0 0
vn 0.7353648398445847 -0.6776714191408314 0
vn 0.7353648398445847 -0.6776714191408314 0
vn 0 -1 0
vn -0.7353648398445847 -0.6776714191408314 0
vn -0.7353648398445847 -0.6776714191408314 0
vn 0 -1 0
vn 0.7353648398445847 -0.6776714191408314 0
vn 0.7353648398445847 -0.6776714191408314 0
vn -0.7353648398445847 -0.6776714191408314 0
vn 0 -1 0
vn 0 -1 0
vn 0.7353648398445847 -0.6776714191408314 0
vn 0 -1 0
vn 0 -1 0
f 889/889/889 890/890/890 891/891/891
f 892/892/892 893/893/893 894/894/894
f 895/895/895 896/896/896 897/897/897
f 898/898/898 899/899/899 900/900/900
f 901/901/901 902/902/902 903/903/903
f 904/904/904 905/905/905 906/906/906
f 907/907/907 908/908/908 909/909/909
f 910/910/910 911/911/911 912/912/912
f 913/913/913 914/914/914 915/915/915
f 916/916/916 917/917/917 918/918/918
f 919/919/919 920/920/920 921/921/921
f 922/922/922 923/923/923 924/924/924
f 925/925/925 926/926/926 927/927/927
f 928/928/928 929/929/929 930/930/930
f 931/931/931 932/932/932 933/933/933
f 934/934/934 935/935/935 936/936/936
f 937/937/937 938/938/938 939/939/939
f 940/940/940 941/941/941 942/942/942
f 943/943/943 944/944/944 945/945/945
f 946/946/946 947/947/947 948/948/948
f 949/949/949 950/950/950 951/951/951
f 952/952/952 953/953/953 954/954/954
f 955/955/955 956/956/956 957/957/957
f 958/958/958 959/959/959 960/960/960
f 961/961/961 962/962/962 963/963/963
f 964/964/964 965/965/965 966/966/966
f 967/967/967 968/968/968 969/969/969
f 970/970/970 971/971/971 972/972/972
f 973/973/973 974/974/974 975/975/975
f 976/976/976 977/977/977 978/978/978
f 979/979/979 980/980/980 981/981/981
f 982/982/982 983/983/983 984/984/984
f 985/985/985 986/986/986 987/987/987
f 988/988/988 989/989/989 990/990/990
f 991/991/991 992/992/992 993/993/993
f 994/994/994 995/995/995 996/996/996
f 997/997/997 998/998/998 999/999/999
f 1000/1000/1000 1001/1001/1001 1002/1002/1002
f 1003/1003/1003 1004/1004/1004 1005/1005/1005
f 1006/1006/1006 1007/1007/1007 1008/1008/1008
f 1009/1009/1009 1010/1010/1010 1011/1011/1011
f 1012/1012/1012 1013/1013/1013 1014/1014/1014
f 1015/1015/1015 1016/1016/1016 1017/1017/1017
f 1018/1018/1018 1019/1019/1019 1020/1020/1020
f 1021/1021/1021 1022/1022/1022 1023/1023/1023
f 1024/1024/1024 1025/1025/1025 1026/1026/1026
f 1027/1027/1027 1028/1028/1028 1029/1029/1029
f 1030/1030/1030 1031/1031/1031 1032/1032/1032
f 1033/1033/1033 1034/1034/1034 1035/1035/1035
f 1036/1036/1036 1037/1037/1037 1038/1038/1038
f 1039/1039/1039 1040/1040/1040 1041/1041/1041
f 1042/1042/1042 1043/1043/1043 1044/1044/1044
f 1045/1045/1045 1046/1046/1046 1047/1047/1047
f 1048/1048/1048 1049/1049/1049 1050/1050/1050
f 1051/1051/1051 1052/1052/1052 1053/1053/1053
f 1054/1054/1054 1055/1055/1055 1056/1056/1056
f 1057/1057/1057 1058/1058/1058 1059/1059/1059
f 1060/1060/1060 1061/1061/1061 1062/1062/1062
f 1063/1063/1063 1064/1064/1064 1065/1065/1065
f 1066/1066/1066 1067/1067/1067 1068/1068/1068
f 1069/1069/1069 1070/1070/1070 1071/1071/1071
f 1072/1072/1072 1073/1073/1073 1074/1074/1074
f 1075/1075/1075 1076/1076/1076 1077/1077/1077
f 1078/1078/1078 1079/1079/1079 1080/1080/1080
f 1081/1081/1081 1082/1082/1082 1083/1083/1083
f 1084/1084/1084 1085/1085/1085 1086/1086/1086
f 1087/1087/1087 1088/1088/1088 1089/1089/1089
f 1090/1090/1090 1091/1091/1091 1092/1092/1092
f 1093/1093/1093 1094/1094/1094 1095/1095/1095
f 1096/1096/1096 1097/1097/1097 1098/1098/1098
f 1099/1099/1099 1100/1100/1100 1101/1101/1101
f 1102/1102/1102 1103/1103/1103 1104/1104/1104
f 1105/1105/1105 1106/1106/1106 1107/1107/1107
f 1108/1108/1108 1109/1109/1109 1110/1110/1110
f 1111/1111/1111 1112/1112/1112 1113/1113/1113
f 1114/1114/1114 1115/1115/1115 1116/1116/1116
f 1117/1117/1117 1118/1118/1118 1119/1119/1119
f 1120/1120/1120 1121/1121/1121 1122/1122/1122
f 1123/1123/1123 1124/1124/1124 1125/1125/1125
f 1126/1126/1126 1127/1127/1127 1128/1128/1128
f 1129/1129/1129 1130/1130/1130 1131/1131/1131
f 1132/1132/1132 1133/1133/1133 1134/1134/1134
f 1135/1135/1135 1136/1136/1136 1137/1137/1137
f 1138/1138/1138 1139/1139/1139 1140/1140/1140
o 
v -1.260725498199463 0.011789290234446526 0.2623765766620636
v -1.2361794710159302 0.076091468334198 0.2623765766620636
v -1.27089262008667 0.03842511400580406 0.2623765766620636
v -1.27089262008667 0.03842511400580406 0.2623765766620636
v -1.2361794710159302 0.076091468334198 0.2623765766620636
v -1.260725498199463 0.0650598555803299 0.2623765766620636
v -1.2361794710159302 0.076091468334198 0.2623765766620636
v -1.260725498199463 0.011789290234446526 0.2623765766620636
v -1.2116363048553467 0.011789290234446526 0.2623765766620636
v -1.2116363048553467 0.011789290234446526 0.2623765766620636
v -1.260725498199463 0.011789290234446526 0.2623765766620636
v -1.2361794710159302 0.0007576831267215312 0.2623765766620636
v -1.2361794710159302 0.076091468334198 0.2623765766620636
v -1.2116363048553467 0.011789290234446526 0.2623765766620636
v -1.2014691829681396 0.03842511400580406 0.2623765766620636
v -1.2361794710159302 0.076091468334198 0.2623765766620636
v -1.2014691829681396 0.03842511400580406 0.2623765766620636
v -1.2116363048553467 0.0650598555803299 0.2623765766620636
v -1.2361794710159302 0.01583370938897133 0.17342844605445862
v -1.2116363048553467 0.011789290234446526 0.17342844605445862
v -1.2361794710159302 0.0007576831267215312 0.17342844605445862
v -1.260725498199463 0.011789290234446526 0.17342844605445862
v -1.2361794710159302 0.01583370938897133 0.17342844605445862
v -1.2361794710159302 0.0007576831267215312 0.17342844605445862
v -1.2116363048553467 0.011789290234446526 0.17342844605445862
v -1.2361794710159302 0.01583370938897133 0.17342844605445862
v -1.2214586734771729 0.022451166063547134 0.17342844605445862
v -1.2361794710159302 0.01583370938897133 0.17342844605445862
v -1.260725498199463 0.011789290234446526 0.17342844605445862
v -1.2509020566940308 0.022451166063547134 0.17342844605445862
v -1.2214586734771729 0.022451166063547134 0.17342844605445862
v -1.2014691829681396 0.03842511400580406 0.17342844605445862
v -1.2116363048553467 0.011789290234446526 0.17342844605445862
v -1.260725498199463 0.011789290234446526 0.17342844605445862
v -1.27089262008667 0.03842511400580406 0.17342844605445862
v -1.2509020566940308 0.022451166063547134 0.17342844605445862
v -1.2014691829681396 0.03842511400580406 0.17342844605445862
v -1.2214586734771729 0.022451166063547134 0.17342844605445862
v -1.2153624296188354 0.03842511400580406 0.17342844605445862
v -1.2509020566940308 0.022451166063547134 0.17342844605445862
v -1.27089262008667 0.03842511400580406 0.17342844605445862
v -1.2569984197616577 0.03842511400580406 0.17342844605445862
v -1.2214586734771729 0.05439906194806099 0.17342844605445862
v -1.2014691829681396 0.03842511400580406 0.17342844605445862
v -1.2153624296188354 0.03842511400580406 0.17342844605445862
v -1.27089262008667 0.03842511400580406 0.17342844605445862
v -1.2509020566940308 0.05439906194806099 0.17342844605445862
v -1.2569984197616577 0.03842511400580406 0.17342844605445862
v -1.2014691829681396 0.03842511400580406 0.17342844605445862
v -1.2214586734771729 0.05439906194806099 0.17342844605445862
v -1.2116363048553467 0.0650598555803299 0.17342844605445862
v -1.2509020566940308 0.05439906194806099 0.17342844605445862
v -1.27089262008667 0.03842511400580406 0.17342844605445862
v -1.260725498199463 0.0650598555803299 0.17342844605445862
v -1.2361794710159302 0.06101544201374054 0.17342844605445862
v -1.2116363048553467 0.0650598555803299 0.17342844605445862
v -1.2214586734771729 0.05439906194806099 0.17342844605445862
v -1.260725498199463 0.0650598555803299 0.17342844605445862
v -1.2361794710159302 0.06101544201374054 0.17342844605445862
v -1.2509020566940308 0.05439906194806099 0.17342844605445862
v -1.2361794710159302 0.076091468334198 0.17342844605445862
v -1.2116363048553467 0.0650598555803299 0.17342844605445862
v -1.2361794710159302 0.06101544201374054 0.17342844605445862
v -1.2361794710159302 0.06101544201374054 0.17342844605445862
v -1.260725498199463 0.0650598555803299 0.17342844605445862
v -1.2361794710159302 0.076091468334198 0.17342844605445862
v -1.2361794710159302 0.076091468334198 0.17342844605445862
v -1.2361794710159302 0.076091468334198 0.2623765766620636
v -1.2116363048553467 0.0650598555803299 0.17342844605445862
v -1.2116363048553467 0.0650598555803299 0.17342844605445862
v -1.2361794710159302 0.076091468334198 0.2623765766620636
v -1.2116363048553467 0.0650598555803299 0.2623765766620636
v -1.2361794710159302 0.076091468334198 0.17342844605445862
v -1.260725498199463 0.0650598555803299 0.2623765766620636
v -1.2361794710159302 0.076091468334198 0.2623765766620636
v -1.2116363048553467 0.0650598555803299 0.17342844605445862
v -1.2116363048553467 0.0650598555803299 0.2623765766620636
v -1.2014691829681396 0.03842511400580406 0.17342844605445862
v -1.260725498199463 0.0650598555803299 0.17342844605445862
v -1.260725498199463 0.0650598555803299 0.2623765766620636
v -1.2361794710159302 0.076091468334198 0.17342844605445862
v -1.2014691829681396 0.03842511400580406 0.17342844605445862
v -1.2116363048553467 0.0650598555803299 0.2623765766620636
v -1.2014691829681396 0.03842511400580406 0.2623765766620636
v -1.260725498199463 0.0650598555803299 0.17342844605445862
v -1.27089262008667 0.03842511400580406 0.2623765766620636
v -1.260725498199463 0.0650598555803299 0.2623765766620636
v -1.2014691829681396 0.03842511400580406 0.17342844605445862
v -1.2014691829681396 0.03842511400580406 0.2623765766620636
v -1.2116363048553467 0.011789290234446526 0.17342844605445862
v -1.27089262008667 0.03842511400580406 0.17342844605445862
v -1.27089262008667 0.03842511400580406 0.2623765766620636
v -1.260725498199463 0.0650598555803299 0.17342844605445862
v -1.2116363048553467 0.011789290234446526 0.17342844605445862
v -1.2014691829681396 0.03842511400580406 0.2623765766620636
v -1.2116363048553467 0.011789290234446526 0.2623765766620636
v -1.27089262008667 0.03842511400580406 0.17342844605445862
v -1.260725498199463 0.011789290234446526 0.2623765766620636
v -1.27089262008667 0.03842511400580406 0.2623765766620636
v -1.2116363048553467 0.011789290234446526 0.17342844605445862
v -1.2116363048553467 0.011789290234446526 0.2623765766620636
v -1.2361794710159302 0.0007576831267215312 0.17342844605445862
v -1.260725498199463 0.011789290234446526 0.17342844605445862
v -1.260725498199463 0.011789290234446526 0.2623765766620636
v -1.27089262008667 0.03842511400580406 0.17342844605445862
v -1.2361794710159302 0.0007576831267215312 0.17342844605445862
v -1.2116363048553467 0.011789290234446526 0.2623765766620636
v -1.2361794710159302 0.0007576831267215312 0.2623765766620636
v -1.260725498199463 0.011789290234446526 0.17342844605445862
v -1.2361794710159302 0.0007576831267215312 0.2623765766620636
v -1.260725498199463 0.011789290234446526 0.2623765766620636
v -1.2361794710159302 0.0007576831267215312 0.17342844605445862
v -1.2361794710159302 0.0007576831267215312 0.2623765766620636
v -1.260725498199463 0.011789290234446526 0.17342844605445862
v -1.2569984197616577 0.03842511400580406 0.1113942489027977
v -1.2509020566940308 0.05439906194806099 0.17342844605445862
v -1.2509020566940308 0.05439906194806099 0.1113942489027977
v -1.2509020566940308 0.05439906194806099 0.17342844605445862
v -1.236181378364563 0.06101544201374054 0.1113942489027977
v -1.2509020566940308 0.05439906194806099 0.1113942489027977
v -1.2509020566940308 0.05439906194806099 0.17342844605445862
v -1.2569984197616577 0.03842511400580406 0.1113942489027977
v -1.2569984197616577 0.03842511400580406 0.17342844605445862
v -1.236181378364563 0.06101544201374054 0.1113942489027977
v -1.2509020566940308 0.05439906194806099 0.17342844605445862
v -1.2361794710159302 0.06101544201374054 0.17342844605445862
v -1.2509020566940308 0.022451166063547134 0.1113942489027977
v -1.2569984197616577 0.03842511400580406 0.17342844605445862
v -1.2569984197616577 0.03842511400580406 0.1113942489027977
v -1.2361794710159302 0.06101544201374054 0.17342844605445862
v -1.2214586734771729 0.05439906194806099 0.1113942489027977
v -1.236181378364563 0.06101544201374054 0.1113942489027977
v -1.2569984197616577 0.03842511400580406 0.17342844605445862
v -1.2509020566940308 0.022451166063547134 0.1113942489027977
v -1.2509020566940308 0.022451166063547134 0.17342844605445862
v -1.2214586734771729 0.05439906194806099 0.1113942489027977
v -1.2361794710159302 0.06101544201374054 0.17342844605445862
v -1.2214586734771729 0.05439906194806099 0.17342844605445862
v -1.236181378364563 0.01583370938897133 0.1113942489027977
v -1.2509020566940308 0.022451166063547134 0.17342844605445862
v -1.2509020566940308 0.022451166063547134 0.1113942489027977
v -1.2153624296188354 0.03842511400580406 0.17342844605445862
v -1.2214586734771729 0.05439906194806099 0.1113942489027977
v -1.2214586734771729 0.05439906194806099 0.17342844605445862
v -1.2509020566940308 0.022451166063547134 0.17342844605445862
v -1.236181378364563 0.01583370938897133 0.1113942489027977
v -1.2361794710159302 0.01583370938897133 0.17342844605445862
v -1.2214586734771729 0.05439906194806099 0.1113942489027977
v -1.2153624296188354 0.03842511400580406 0.17342844605445862
v -1.2153624296188354 0.03842511400580406 0.1113942489027977
v -1.2214586734771729 0.022451166063547134 0.1113942489027977
v -1.2361794710159302 0.01583370938897133 0.17342844605445862
v -1.236181378364563 0.01583370938897133 0.1113942489027977
v -1.2214586734771729 0.022451166063547134 0.17342844605445862
v -1.2153624296188354 0.03842511400580406 0.1113942489027977
v -1.2153624296188354 0.03842511400580406 0.17342844605445862
v -1.2361794710159302 0.01583370938897133 0.17342844605445862
v -1.2214586734771729 0.022451166063547134 0.1113942489027977
v -1.2214586734771729 0.022451166063547134 0.17342844605445862
v -1.2153624296188354 0.03842511400580406 0.1113942489027977
v -1.2214586734771729 0.022451166063547134 0.17342844605445862
v -1.2214586734771729 0.022451166063547134 0.1113942489027977
vt 0 0
vt 0 0
vt 0 0
vt 0 0
vt 0 0
vt 0 0
vt 0 0
vt 0 0
vt 0 0
vt 0 0
vt 0 0
vt 0 0
vt 0 0
vt 0 0
vt 0 0
vt 0 0
vt 0 0
vt 0 0
vt 0 0
vt 0 0
vt 0 0
vt 0 0
vt 0 0
vt 0 0
vt 0 0
vt 0 0
vt 0 0
vt 0 0
vt 0 0
vt 0 0
vt 0 0
vt 0 0
vt 0 0
vt 0 0
vt 0 0
vt 0 0
vt 0 0
vt 0 0
vt 0 0
vt 0 0
vt 0 0
vt 0 0
vt 0 0
vt 0 0
vt 0 0
vt 0 0
vt 0 0
vt 0 0
vt 0 0
vt 0 0
vt 0 0
vt 0 0
vt 0 0
vt 0 0
vt 0 0
vt 0 0
vt 0 0
vt 0 0
vt 0 0
vt 0 0
vt 0 0
vt 0 0
vt 0 0
vt 0 0
vt 0 0
vt 0 0
vt 0 0
vt 0 0
vt 0 0
vt 0 0
vt 0 0
vt 0 0
vt 0 0
vt 0 0
vt 0 0
vt 0 0
vt 0 0
vt 0 0
vt 0 0
vt 0 0
vt 0 0
vt 0 0
vt 0 0
vt 0 0
vt 0 0
vt 0 0
vt 0 0
vt 0 0
vt 0 0
vt 0 0
vt 0 0
vt 0 0
vt 0 0
vt 0 0
vt 0 0
vt 0 0
vt 0 0
vt 0 0
vt 0 0
vt 0 0
vt 0 0
vt 0 0
vt 0 0
vt 0 0
vt 0 0
vt 0 0
vt 0 0
vt 0 0
vt 0 0
vt 0 0
vt 0 0
vt 0 0
vt 0 0
vt 0 0
vt 0 0
vt 0 0
vt 0 0
vt 0 0
vt 0 0
vt 0 0
vt 0 0
vt 0 0
vt 0 0
vt 0 0
vt 0 0
vt 0 0
vt 0 0
vt 0 0
vt 0 0
vt 0 0
vt 0 0
vt 0 0
vt 0 0
vt 0 0
vt 0 0
vt 0 0
vt 0 0
vt 0 0
vt 0 0
vt 0 0
vt 0 0
vt 0 0
vt 0 0
vt 0 0
vt 0 0
vt 0 0
vt 0 0
vt 0 0
vt 0 0
vt 0 0
vt 0 0
vt 0 0
vt 0 0
vt 0 0
vt 0 0
vt 0 0
vt 0 0
vt 0 0
vt 0 0
vt 0 0
vt 0 0
vt 0 0
vn 0 0 1
vn 0 0 1
vn 0 0 1
vn 0 0 1
vn 0 0 1
vn 0 0 1
vn 0 0 1
vn 0 0 1
vn 0 0 1
vn 0 0 1
vn 0 0 1
vn 0 0 1
vn 0 0 1
vn 0 0 1
vn 0 0 1
vn 0 0 1
vn 0 0 1
vn 0 0 1
vn 0 0 -1
vn 0 0 -1
vn 0 0 -1
vn 0 0 -1
vn 0 0 -1
vn 0 0 -1
vn 0 0 -1
vn 0 0 -1
vn 0 0 -1
vn 0 0 -1
vn 0 0 -1
vn 0 0 -1
vn 0 0 -1
vn 0 0 -1
vn 0 0 -1
vn 0 0 -1
vn 0 0 -1
vn 0 0 -1
vn 0 0 -1
vn 0 0 -1
vn 0 0 -1
vn 0 0 -1
vn 0 0 -1
vn 0 0 -1
vn 0 0 -1
vn 0 0 -1
vn 0 0 -1
vn 0 0 -1
vn 0 0 -1
vn 0 0 -1
vn 0 0 -1
vn 0 0 -1
vn 0 0 -1
vn 0 0 -1
vn 0 0 -1
vn 0 0 -1
vn 0 0 -1
vn 0 0 -1
vn 0 0 -1
vn 0 0 -1
vn 0 0 -1
vn 0 0 -1
vn 0 0 -1
vn 0 0 -1
vn 0 0 -1
vn 0 0 -1
vn 0 0 -1
vn 0 0 -1
vn 0 1 0
vn 0 1 0
vn 0.7353648398445847 0.6776714191408314 0
vn 0.7353648398445847 0.6776714191408314 0
vn 0 1 0
vn 0.7353648398445847 0.6776714191408314 0
vn 0 1 0
vn -0.7353648398445847 0.6776714191408314 0
vn 0 1 0
vn 0.7353648398445847 0.6776714191408314 0
vn 0.7353648398445847 0.6776714191408314 0
vn 1 0 0
vn -0.7353648398445847 0.6776714191408314 0
vn -0.7353648398445847 0.6776714191408314 0
vn 0 1 0
vn 1 0 0
vn 0.7353648398445847 0.6776714191408314 0
vn 1 0 0
vn -0.7353648398445847 0.6776714191408314 0
vn -1 0 0
vn -0.7353648398445847 0.6776714191408314 0
vn 1 0 0
vn 1 0 0
vn 0.7353648398445847 -0.6776714191408314 0
vn -1 0 0
vn -1 0 0
vn -0.7353648398445847 0.6776714191408314 0
vn 0.7353648398445847 -0.6776714191408314 0
vn 1 0 0
vn 0.7353648398445847 -0.6776714191408314 0
vn -1 0 0
vn -0.7353648398445847 -0.6776714191408314 0
vn -1 0 0
vn 0.7353648398445847 -0.6776714191408314 0
vn 0.7353648398445847 -0.6776714191408314 0
vn 0 -1 0
vn -0.7353648398445847 -0.6776714191408314 0
vn -0.7353648398445847 -0.6776714191408314 0
vn -1 0 0
vn 0 -1 0
vn 0.7353648398445847 -0.6776714191408314 0
vn 0 -1 0
vn -0.7353648398445847 -0.6776714191408314 0
vn 0 -1 0
vn -0.7353648398445847 -0.6776714191408314 0
vn 0 -1 0
vn 0 -1 0
vn -0.7353648398445847 -0.6776714191408314 0
vn -1 0 0
vn -0.7353648398445847 0.6776714191408314 0
vn -0.7353648398445847 0.6776714191408314 0
vn -0.7353648398445847 0.6776714191408314 0
vn 0 1 0
vn -0.7353648398445847 0.6776714191408314 0
vn -0.7353648398445847 0.6776714191408314 0
vn -1 0 0
vn -1 0 0
vn 0 1 0
vn -0.7353648398445847 0.6776714191408314 0
vn 0 1 0
vn -0.7353648398445847 -0.6776714191408314 0
vn -1 0 0
vn -1 0 0
vn 0 1 0
vn 0.7353648398445847 0.6776714191408314 0
vn 0 1 0
vn -1 0 0
vn -0.7353648398445847 -0.6776714191408314 0
vn -0.7353648398445847 -0.6776714191408314 0
vn 0.7353648398445847 0.6776714191408314 0
vn 0 1 0
vn 0.7353648398445847 0.6776714191408314 0
vn 0 -1 0
vn -0.7353648398445847 -0.6776714191408314 0
vn -0.7353648398445847 -0.6776714191408314 0
vn 1 0 0
vn 0.7353648398445847 0.6776714191408314 0
vn 0.7353648398445847 0.6776714191408314 0
vn -0.7353648398445847 -0.6776714191408314 0
vn 0 -1 0
vn 0 -1 0
vn 0.7353648398445847 0.6776714191408314 0
vn 1 0 0
vn 1 0 0
vn 0.7353648398445847 -0.6776714191408314 0
vn 0 -1 0
vn 0 -1 0
vn 0.7353648398445847 -0.6776714191408314 0
vn 1 0 0
vn 1 0 0
vn 0 -1 0
vn 0.7353648398445847 -0.6776714191408314 0
vn 0.7353648398445847 -0.6776714191408314 0
vn 1 0 0
vn 0.7353648398445847 -0.6776714191408314 0
vn 0.7353648398445847 -0.6776714191408314 0
f 1141/1141/1141 1142/1142/1142 1143/1143/1143
f 1144/1144/1144 1145/1145/1145 1146/1146/1146
f 1147/1147/1147 1148/1148/1148 1149/1149/1149
f 1150/1150/1150 1151/1151/1151 1152/1152/1152
f 1153/1153/1153 1154/1154/1154 1155/1155/1155
f 1156/1156/1156 1157/1157/1157 1158/1158/1158
f 1159/1159/1159 1160/1160/1160 1161/1161/1161
f 1162/1162/1162 1163/1163/1163 1164/1164/1164
f 1165/1165/1165 1166/1166/1166 1167/1167/1167
f 1168/1168/1168 1169/1169/1169 1170/1170/1170
f 1171/1171/1171 1172/1172/1172 1173/1173/1173
f 1174/1174/1174 1175/1175/1175 1176/1176/1176
f 1177/1177/1177 1178/1178/1178 1179/1179/1179
f 1180/1180/1180 1181/1181/1181 1182/1182/1182
f 1183/1183/1183 1184/1184/1184 1185/1185/1185
f 1186/1186/1186 1187/1187/1187 1188/1188/1188
f 1189/1189/1189 1190/1190/1190 1191/1191/1191
f 1192/1192/1192 1193/1193/1193 1194/1194/1194
f 1195/1195/1195 1196/1196/1196 1197/1197/1197
f 1198/1198/1198 1199/1199/1199 1200/1200/1200
f 1201/1201/1201 1202/1202/1202 1203/1203/1203
f 1204/1204/1204 1205/1205/1205 1206/1206/1206
f 1207/1207/1207 1208/1208/1208 1209/1209/1209
f 1210/1210/1210 1211/1211/1211 1212/1212/1212
f 1213/1213/1213 1214/1214/1214 1215/1215/1215
f 1216/1216/1216 1217/1217/1217 1218/1218/1218
f 1219/1219/1219 1220/1220/1220 1221/1221/1221
f 1222/1222/1222 1223/1223/1223 1224/1224/1224
f 1225/1225/1225 1226/1226/1226 1227/1227/1227
f 1228/1228/1228 1229/1229/1229 1230/1230/1230
f 1231/1231/1231 1232/1232/1232 1233/1233/1233
f 1234/1234/1234 1235/1235/1235 1236/1236/1236
f 1237/1237/1237 1238/1238/1238 1239/1239/1239
f 1240/1240/1240 1241/1241/1241 1242/1242/1242
f 1243/1243/1243 1244/1244/1244 1245/1245/1245
f 1246/1246/1246 1247/1247/1247 1248/1248/1248
f 1249/1249/1249 1250/1250/1250 1251/1251/1251
f 1252/1252/1252 1253/1253/1253 1254/1254/1254
f 1255/1255/1255 1256/1256/1256 1257/1257/1257
f 1258/1258/1258 1259/1259/1259 1260/1260/1260
f 1261/1261/1261 1262/1262/1262 1263/1263/1263
f 1264/1264/1264 1265/1265/1265 1266/1266/1266
f 1267/1267/1267 1268/1268/1268 1269/1269/1269
f 1270/1270/1270 1271/1271/1271 1272/1272/1272
f 1273/1273/1273 1274/1274/1274 1275/1275/1275
f 1276/1276/1276 1277/1277/1277 1278/1278/1278
f 1279/1279/1279 1280/1280/1280 1281/1281/1281
f 1282/1282/1282 1283/1283/1283 1284/1284/1284
f 1285/1285/1285 1286/1286/1286 1287/1287/1287
f 1288/1288/1288 1289/1289/1289 1290/1290/1290
f 1291/1291/1291 1292/1292/1292 1293/1293/1293
f 1294/1294/1294 1295/1295/1295 1296/1296/1296
f 1297/1297/1297 1298/1298/1298 1299/1299/1299
f 1300/1300/1300 1301/1301/1301 1302/1302/1302
o 
v 0.5785228610038757 -0.2983333170413971 -0.08108996599912643
v 0.3373759984970093 -0.2574709355831146 -0.08108996599912643
v 0.3373759984970093 -0.2574709355831146 0.08108996599912643
v 0.5785228610038757 -0.2983333170413971 -0.08108996599912643
v 0.3373759984970093 -0.2574709355831146 0.08108996599912643
v 0.5785228610038757 -0.2983333170413971 0.08108996599912643
v 0.23742300271987915 -0.7524168491363525 -0.09730753302574158
v 0.5268002152442932 -0.8014517426490784 -0.09730753302574158
v 0.5268002152442932 -0.8014517426490784 0.09730753302574158
v 0.23742300271987915 -0.7524168491363525 -0.09730753302574158
v 0.5268002152442932 -0.8014517426490784 0.09730753302574158
v 0.23742300271987915 -0.7524168491363525 0.09730753302574158
v 0.23742300271987915 -0.7524168491363525 -0.09730753302574158
v 0.24424174427986145 -0.7045930624008179 0.09730753302574158
v 0.24424174427986145 -0.7045930624008179 -0.09730753302574158
v 0.24424174427986145 -0.7045930624008179 0.09730753302574158
v 0.23742300271987915 -0.7524168491363525 -0.09730753302574158
v 0.23742300271987915 -0.7524168491363525 0.09730753302574158
v 0.5785228610038757 -0.2983333170413971 0.08108996599912643
v 0.5905352830886841 -0.38511237502098083 -0.08108996599912643
v 0.5785228610038757 -0.2983333170413971 -0.08108996599912643
v 0.5905352830886841 -0.38511237502098083 -0.08108996599912643
v 0.5785228610038757 -0.2983333170413971 0.08108996599912643
v 0.5905352830886841 -0.38511237502098083 0.08108996599912643
v 0.5905352830886841 -0.38511237502098083 -0.08108996599912643
v 0.5905352830886841 -0.38511237502098083 0.08108996599912643
v 0.5940341949462891 -0.4704495668411255 -0.08108996599912643
v 0.5940341949462891 -0.4704495668411255 -0.08108996599912643
v 0.5905352830886841 -0.38511237502098083 0.08108996599912643
v 0.5940341949462891 -0.4704495668411255 0.08108996599912643
v 0.5940341949462891 -0.4704495668411255 0.08108996599912643
v 0.5822679996490479 -0.5531998872756958 -0.08108996599912643
v 0.5940341949462891 -0.4704495668411255 -0.08108996599912643
v 0.5822679996490479 -0.5531998872756958 -0.08108996599912643
v 0.5940341949462891 -0.4704495668411255 0.08108996599912643
v 0.5822679996490479 -0.5531998872756958 0.08108996599912643
v 0.5822679996490479 -0.5531998872756958 0.08108996599912643
v 0.5552376508712769 -0.6333642601966858 -0.08108996599912643
v 0.5822679996490479 -0.5531998872756958 -0.08108996599912643
v 0.5552376508712769 -0.6333642601966858 -0.08108996599912643
v 0.5822679996490479 -0.5531998872756958 0.08108996599912643
v 0.5552376508712769 -0.6333642601966858 0.08108996599912643
v 0.5552376508712769 -0.6333642601966858 -0.08108996599912643
v 0.5552376508712769 -0.6333642601966858 0.08108996599912643
v 0.5196929574012756 -0.7120848298072815 -0.08108996599912643
v 0.5196929574012756 -0.7120848298072815 -0.08108996599912643
v 0.5552376508712769 -0.6333642601966858 0.08108996599912643
v 0.5196929574012756 -0.7120848298072815 0.08108996599912643
v 0.533618152141571 -0.7536279559135437 0.09730753302574158
v 0.5196929574012756 -0.7120848298072815 -0.08108996599912643
v 0.5196929574012756 -0.7120848298072815 0.08108996599912643
v 0.533618152141571 -0.7536279559135437 0.09730753302574158
v 0.533618152141571 -0.7536279559135437 -0.09730753302574158
v 0.5196929574012756 -0.7120848298072815 -0.08108996599912643
v 0.5268002152442932 -0.8014517426490784 0.09730753302574158
v 0.5268002152442932 -0.8014517426490784 -0.09730753302574158
v 0.533618152141571 -0.7536279559135437 -0.09730753302574158
v 0.533618152141571 -0.7536279559135437 -0.09730753302574158
v 0.533618152141571 -0.7536279559135437 0.09730753302574158
v 0.5268002152442932 -0.8014517426490784 0.09730753302574158
v 0.3373759984970093 -0.2574709355831146 -0.08108996599912643
v 0.34938758611679077 -0.34424999356269836 -0.08108996599912643
v 0.34938758611679077 -0.34424999356269836 0.08108996599912643
v 0.3373759984970093 -0.2574709355831146 -0.08108996599912643
v 0.34938758611679077 -0.34424999356269836 0.08108996599912643
v 0.3373759984970093 -0.2574709355831146 0.08108996599912643
v 0.34938758611679077 -0.34424999356269836 -0.08108996599912643
v 0.35288649797439575 -0.42958715558052063 0.08108996599912643
v 0.34938758611679077 -0.34424999356269836 0.08108996599912643
v 0.34938758611679077 -0.34424999356269836 -0.08108996599912643
v 0.35288649797439575 -0.42958715558052063 -0.08108996599912643
v 0.35288649797439575 -0.42958715558052063 0.08108996599912643
v 0.35288649797439575 -0.42958715558052063 -0.08108996599912643
v 0.34112119674682617 -0.5123374462127686 0.08108996599912643
v 0.35288649797439575 -0.42958715558052063 0.08108996599912643
v 0.35288649797439575 -0.42958715558052063 -0.08108996599912643
v 0.34112119674682617 -0.5123374462127686 -0.08108996599912643
v 0.34112119674682617 -0.5123374462127686 0.08108996599912643
v 0.34112119674682617 -0.5123374462127686 -0.08108996599912643
v 0.3140907883644104 -0.5925018191337585 0.08108996599912643
v 0.34112119674682617 -0.5123374462127686 0.08108996599912643
v 0.34112119674682617 -0.5123374462127686 -0.08108996599912643
v 0.3140907883644104 -0.5925018191337585 -0.08108996599912643
v 0.3140907883644104 -0.5925018191337585 0.08108996599912643
v 0.3140907883644104 -0.5925018191337585 -0.08108996599912643
v 0.2785460650920868 -0.6712234020233154 0.08108996599912643
v 0.3140907883644104 -0.5925018191337585 0.08108996599912643
v 0.3140907883644104 -0.5925018191337585 -0.08108996599912643
v 0.2785460650920868 -0.6712234020233154 -0.08108996599912643
v 0.2785460650920868 -0.6712234020233154 0.08108996599912643
v 0.24424174427986145 -0.7045930624008179 -0.09730753302574158
v 0.2785460650920868 -0.6712234020233154 0.08108996599912643
v 0.2785460650920868 -0.6712234020233154 -0.08108996599912643
v 0.24424174427986145 -0.7045930624008179 -0.09730753302574158
v 0.24424174427986145 -0.7045930624008179 0.09730753302574158
v 0.2785460650920868 -0.6712234020233154 0.08108996599912643
v 0.5268002152442932 -0.8014517426490784 -0.09730753302574158
v 0.24424174427986145 -0.7045930624008179 -0.09730753302574158
v 0.533618152141571 -0.7536279559135437 -0.09730753302574158
v 0.24424174427986145 -0.7045930624008179 -0.09730753302574158
v 0.5268002152442932 -0.8014517426490784 -0.09730753302574158
v 0.23742300271987915 -0.7524168491363525 -0.09730753302574158
v 0.5268002152442932 -0.8014517426490784 0.09730753302574158
v 0.24424174427986145 -0.7045930624008179 0.09730753302574158
v 0.23742300271987915 -0.7524168491363525 0.09730753302574158
v 0.24424174427986145 -0.7045930624008179 0.09730753302574158
v 0.5268002152442932 -0.8014517426490784 0.09730753302574158
v 0.533618152141571 -0.7536279559135437 0.09730753302574158
v 0.5785228610038757 -0.2983333170413971 0.08108996599912643
v 0.34938758611679077 -0.34424999356269836 0.08108996599912643
v 0.5905352830886841 -0.38511237502098083 0.08108996599912643
v 0.34938758611679077 -0.34424999356269836 0.08108996599912643
v 0.5785228610038757 -0.2983333170413971 0.08108996599912643
v 0.3373759984970093 -0.2574709355831146 0.08108996599912643
v 0.35288649797439575 -0.42958715558052063 0.08108996599912643
v 0.5905352830886841 -0.38511237502098083 0.08108996599912643
v 0.34938758611679077 -0.34424999356269836 0.08108996599912643
v 0.5905352830886841 -0.38511237502098083 0.08108996599912643
v 0.35288649797439575 -0.42958715558052063 0.08108996599912643
v 0.5940341949462891 -0.4704495668411255 0.08108996599912643
v 0.34112119674682617 -0.5123374462127686 0.08108996599912643
v 0.5940341949462891 -0.4704495668411255 0.08108996599912643
v 0.35288649797439575 -0.42958715558052063 0.08108996599912643
v 0.5940341949462891 -0.4704495668411255 0.08108996599912643
v 0.34112119674682617 -0.5123374462127686 0.08108996599912643
v 0.5822679996490479 -0.5531998872756958 0.08108996599912643
v 0.5822679996490479 -0.5531998872756958 0.08108996599912643
v 0.34112119674682617 -0.5123374462127686 0.08108996599912643
v 0.5552376508712769 -0.6333642601966858 0.08108996599912643
v 0.3140907883644104 -0.5925018191337585 0.08108996599912643
v 0.5552376508712769 -0.6333642601966858 0.08108996599912643
v 0.34112119674682617 -0.5123374462127686 0.08108996599912643
v 0.5552376508712769 -0.6333642601966858 0.08108996599912643
v 0.3140907883644104 -0.5925018191337585 0.08108996599912643
v 0.5196929574012756 -0.7120848298072815 0.08108996599912643
v 0.2785460650920868 -0.6712234020233154 0.08108996599912643
v 0.5196929574012756 -0.7120848298072815 0.08108996599912643
v 0.3140907883644104 -0.5925018191337585 0.08108996599912643
v 0.2785460650920868 -0.6712234020233154 0.08108996599912643
v 0.533618152141571 -0.7536279559135437 0.09730753302574158
v 0.5196929574012756 -0.7120848298072815 0.08108996599912643
v 0.533618152141571 -0.7536279559135437 0.09730753302574158
v 0.2785460650920868 -0.6712234020233154 0.08108996599912643
v 0.24424174427986145 -0.7045930624008179 0.09730753302574158
v 0.5785228610038757 -0.2983333170413971 -0.08108996599912643
v 0.34938758611679077 -0.34424999356269836 -0.08108996599912643
v 0.3373759984970093 -0.2574709355831146 -0.08108996599912643
v 0.34938758611679077 -0.34424999356269836 -0.08108996599912643
v 0.5785228610038757 -0.2983333170413971 -0.08108996599912643
v 0.5905352830886841 -0.38511237502098083 -0.08108996599912643
v 0.5905352830886841 -0.38511237502098083 -0.08108996599912643
v 0.35288649797439575 -0.42958715558052063 -0.08108996599912643
v 0.34938758611679077 -0.34424999356269836 -0.08108996599912643
v 0.35288649797439575 -0.42958715558052063 -0.08108996599912643
v 0.5905352830886841 -0.38511237502098083 -0.08108996599912643
v 0.5940341949462891 -0.4704495668411255 -0.08108996599912643
v 0.5940341949462891 -0.4704495668411255 -0.08108996599912643
v 0.34112119674682617 -0.5123374462127686 -0.08108996599912643
v 0.35288649797439575 -0.42958715558052063 -0.08108996599912643
v 0.34112119674682617 -0.5123374462127686 -0.08108996599912643
v 0.5940341949462891 -0.4704495668411255 -0.08108996599912643
v 0.5822679996490479 -0.5531998872756958 -0.08108996599912643
v 0.5552376508712769 -0.6333642601966858 -0.08108996599912643
v 0.34112119674682617 -0.5123374462127686 -0.08108996599912643
v 0.5822679996490479 -0.5531998872756958 -0.08108996599912643
v 0.34112119674682617 -0.5123374462127686 -0.08108996599912643
v 0.5552376508712769 -0.6333642601966858 -0.08108996599912643
v 0.3140907883644104 -0.5925018191337585 -0.08108996599912643
v 0.5196929574012756 -0.7120848298072815 -0.08108996599912643
v 0.3140907883644104 -0.5925018191337585 -0.08108996599912643
v 0.5552376508712769 -0.6333642601966858 -0.08108996599912643
v 0.3140907883644104 -0.5925018191337585 -0.08108996599912643
v 0.5196929574012756 -0.7120848298072815 -0.08108996599912643
v 0.2785460650920868 -0.6712234020233154 -0.08108996599912643
v 0.533618152141571 -0.7536279559135437 -0.09730753302574158
v 0.2785460650920868 -0.6712234020233154 -0.08108996599912643
v 0.5196929574012756 -0.7120848298072815 -0.08108996599912643
v 0.2785460650920868 -0.6712234020233154 -0.08108996599912643
v 0.533618152141571 -0.7536279559135437 -0.09730753302574158
v 0.24424174427986145 -0.7045930624008179 -0.09730753302574158
vt 0 0
vt 0 0
vt 0 0
vt 0 0
vt 0 0
vt 0 0
vt 0 0
vt 0 0
vt 0 0
vt 0 0
vt 0 0
vt 0 0
vt 0 0
vt 0 0
vt 0 0
vt 0 0
vt 0 0
vt 0 0
vt 0 0
vt 0 0
vt 0 0
vt 0 0
vt 0 0
vt 0 0
vt 0 0
vt 0 0
vt 0 0
vt 0 0
vt 0 0
vt 0 0
vt 0 0
vt 0 0
vt 0 0
vt 0 0
vt 0 0
vt 0 0
vt 0 0
vt 0 0
vt 0 0
vt 0 0
vt 0 0
vt 0 0
vt 0 0
vt 0 0
vt 0 0
vt 0 0
vt 0 0
vt 0 0
vt 0 0
vt 0 0
vt 0 0
vt 0 0
vt 0 0
vt 0 0
vt 0 0
vt 0 0
vt 0 0
vt 0 0
vt 0 0
vt 0 0
vt 0 0
vt 0 0
vt 0 0
vt 0 0
vt 0 0
vt 0 0
vt 0 0
vt 0 0
vt 0 0
vt 0 0
vt 0 0
vt 0 0
vt 0 0
vt 0 0
vt 0 0
vt 0 0
vt 0 0
vt 0 0
vt 0 0
vt 0 0
vt 0 0
vt 0 0
vt 0 0
vt 0 0
vt 0 0
vt 0 0
vt 0 0
vt 0 0
vt 0 0
vt 0 0
vt 0 0
vt 0 0
vt 0 0
vt 0 0
vt 0 0
vt 0 0
vt 0 0
vt 0 0
vt 0 0
vt 0 0
vt 0 0
vt 0 0
vt 0 0
vt 0 0
vt 0 0
vt 0 0
vt 0 0
vt 0 0
vt 0 0
vt 0 0
vt 0 0
vt 0 0
vt 0 0
vt 0 0
vt 0 0
vt 0 0
vt 0 0
vt 0 0
vt 0 0
vt 0 0
vt 0 0
vt 0 0
vt 0 0
vt 0 0
vt 0 0
vt 0 0
vt 0 0
vt 0 0
vt 0 0
vt 0 0
vt 0 0
vt 0 0
vt 0 0
vt 0 0
vt 0 0
vt 0 0
vt 0 0
vt 0 0
vt 0 0
vt 0 0
vt 0 0
vt 0 0
vt 0 0
vt 0 0
vt 0 0
vt 0 0
vt 0 0
vt 0 0
vt 0 0
vt 0 0
vt 0 0
vt 0 0
vt 0 0
vt 0 0
vt 0 0
vt 0 0
vt 0 0
vt 0 0
vt 0 0
vt 0 0
vt 0 0
vt 0 0
vt 0 0
vt 0 0
vt 0 0
vt 0 0
vt 0 0
vt 0 0
vt 0 0
vt 0 0
vt 0 0
vt 0 0
vt 0 0
vt 0 0
vt 0 0
vt 0 0
vt 0 0
vt 0 0
vt 0 0
vt 0 0
vn 0.167080704530222 0.9859432225912832 0
vn 0.167080704530222 0.9859432225912832 0
vn 0.167080704530222 0.9859432225912832 0
vn 0.167080704530222 0.9859432225912832 0
vn 0.167080704530222 0.9859432225912832 0
vn 0.167080704530222 0.9859432225912832 0
vn -0.167080704530222 -0.9859432225912832 0
vn -0.167080704530222 -0.9859432225912832 0
vn -0.167080704530222 -0.9859432225912832 0
vn -0.167080704530222 -0.9859432225912832 0
vn -0.167080704530222 -0.9859432225912832 0
vn -0.167080704530222 -0.9859432225912832 0
vn -0.9899877200335911 0.14115351282448413 0
vn -0.9899877200335911 0.14115351282448413 0
vn -0.9899877200335911 0.14115351282448413 0
vn -0.9899877200335911 0.14115351282448413 0
vn -0.9899877200335911 0.14115351282448413 0
vn -0.9899877200335911 0.14115351282448413 0
vn 0.9905575131039097 0.13709782359103287 0
vn 0.9960224493588098 0.08910263954158365 0
vn 0.9905575131039097 0.13709782359103287 0
vn 0.9960224493588098 0.08910263954158365 0
vn 0.9905575131039097 0.13709782359103287 0
vn 0.9960224493588098 0.08910263954158365 0
vn 0.9960224493588098 0.08910263954158365 0
vn 0.9960224493588098 0.08910263954158365 0
vn 0.9987478666124592 -0.05002698209028285 0
vn 0.9987478666124592 -0.05002698209028285 0
vn 0.9960224493588098 0.08910263954158365 0
vn 0.9987478666124592 -0.05002698209028285 0
vn 0.9987478666124592 -0.05002698209028285 0
vn 0.9730195461067743 -0.23072269696362077 0
vn 0.9987478666124592 -0.05002698209028285 0
vn 0.9730195461067743 -0.23072269696362077 0
vn 0.9987478666124592 -0.05002698209028285 0
vn 0.9730195461067743 -0.23072269696362077 0
vn 0.9730195461067743 -0.23072269696362077 0
vn 0.9306989426329595 -0.36578610988102217 0
vn 0.9730195461067743 -0.23072269696362077 0
vn 0.9306989426329595 -0.36578610988102217 0
vn 0.9730195461067743 -0.23072269696362077 0
vn 0.9306989426329595 -0.36578610988102217 0
vn 0.9306989426329595 -0.36578610988102217 0
vn 0.9306989426329595 -0.36578610988102217 0
vn 0.9998857796281965 -0.015113824708319415 0
vn 0.9998857796281965 -0.015113824708319415 0
vn 0.9306989426329595 -0.36578610988102217 0
vn 0.9998857796281965 -0.015113824708319415 0
vn 0.9481632285007993 0.31778371909042324 0
vn 0.9998857796281965 -0.015113824708319415 0
vn 0.9998857796281965 -0.015113824708319415 0
vn 0.9481632285007993 0.31778371909042324 0
vn 0.9481632285007993 0.31778371909042324 0
vn 0.9998857796281965 -0.015113824708319415 0
vn 0.9899877200335911 -0.14115351282448413 0
vn 0.9899877200335911 -0.14115351282448413 0
vn 0.9899877200335911 -0.14115351282448413 0
vn 0.9899877200335911 -0.14115351282448413 0
vn 0.9899877200335911 -0.14115351282448413 0
vn 0.9899877200335911 -0.14115351282448413 0
vn -0.9905575131039097 -0.13709782359103287 0
vn -0.9960224493588098 -0.08910263954158365 0
vn -0.9960224493588098 -0.08910263954158365 0
vn -0.9905575131039097 -0.13709782359103287 0
vn -0.9960224493588098 -0.08910263954158365 0
vn -0.9905575131039097 -0.13709782359103287 0
vn -0.9960224493588098 -0.08910263954158365 0
vn -0.9987478666124592 0.05002698209028285 0
vn -0.9960224493588098 -0.08910263954158365 0
vn -0.9960224493588098 -0.08910263954158365 0
vn -0.9987478666124592 0.05002698209028285 0
vn -0.9987478666124592 0.05002698209028285 0
vn -0.9987478666124592 0.05002698209028285 0
vn -0.9730195461067743 0.23072269696362077 0
vn -0.9987478666124592 0.05002698209028285 0
vn -0.9987478666124592 0.05002698209028285 0
vn -0.9730195461067743 0.23072269696362077 0
vn -0.9730195461067743 0.23072269696362077 0
vn -0.9730195461067743 0.23072269696362077 0
vn -0.9306989426329595 0.36578610988102217 0
vn -0.9730195461067743 0.23072269696362077 0
vn -0.9730195461067743 0.23072269696362077 0
vn -0.9306989426329595 0.36578610988102217 0
vn -0.9306989426329595 0.36578610988102217 0
vn -0.9306989426329595 0.36578610988102217 0
vn -0.8118450689222428 0.5838729177369324 0
vn -0.9306989426329595 0.36578610988102217 0
vn -0.9306989426329595 0.36578610988102217 0
vn -0.8118450689222428 0.5838729177369324 0
vn -0.8118450689222428 0.5838729177369324 0
vn -0.6972899427376908 0.7167891850166741 0
vn -0.8118450689222428 0.5838729177369324 0
vn -0.8118450689222428 0.5838729177369324 0
vn -0.6972899427376908 0.7167891850166741 0
vn -0.6972899427376908 0.7167891850166741 0
vn -0.8118450689222428 0.5838729177369324 0
vn 0 0 -1
vn 0 0 -1
vn 0 0 -1
vn 0 0 -1
vn 0 0 -1
vn 0 0 -1
vn 0 0 1
vn 0 0 1
vn 0 0 1
vn 0 0 1
vn 0 0 1
vn 0 0 1
vn 0 0 1
vn 0 0 1
vn 0 0 1
vn 0 0 1
vn 0 0 1
vn 0 0 1
vn 0 0 1
vn 0 0 1
vn 0 0 1
vn 0 0 1
vn 0 0 1
vn 0 0 1
vn 0 0 1
vn 0 0 1
vn 0 0 1
vn 0 0 1
vn 0 0 1
vn 0 0 1
vn 0 0 1
vn 0 0 1
vn 0 0 1
vn 0 0 1
vn 0 0 1
vn 0 0 1
vn 0 0 1
vn 0 0 1
vn 0.03487398476472687 0.2056363523633911 0.9780068996552678
vn 0.04236243570457834 0.24993466771853834 0.9673355601411537
vn 0.03487398476472687 0.2056363523633911 0.9780068996552678
vn 0 0 1
vn 0.04236243570457834 0.24993466771853834 0.9673355601411537
vn 0.06467574806132065 0.3816578669306177 0.9220381338223921
vn 0.03487398476472687 0.2056363523633911 0.9780068996552678
vn 0.06467574806132065 0.3816578669306177 0.9220381338223921
vn 0.04236243570457834 0.24993466771853834 0.9673355601411537
vn 0.06467574806132065 0.3816578669306177 0.9220381338223921
vn 0 0 -1
vn 0 0 -1
vn 0 0 -1
vn 0 0 -1
vn 0 0 -1
vn 0 0 -1
vn 0 0 -1
vn 0 0 -1
vn 0 0 -1
vn 0 0 -1
vn 0 0 -1
vn 0 0 -1
vn 0 0 -1
vn 0 0 -1
vn 0 0 -1
vn 0 0 -1
vn 0 0 -1
vn 0 0 -1
vn 0 0 -1
vn 0 0 -1
vn 0 0 -1
vn 0 0 -1
vn 0 0 -1
vn 0 0 -1
vn 0.03487398476472687 0.2056363523633911 -0.9780068996552678
vn 0 0 -1
vn 0 0 -1
vn 0 0 -1
vn 0.03487398476472687 0.2056363523633911 -0.9780068996552678
vn 0.04236243570457834 0.24993466771853834 -0.9673355601411537
vn 0.06467574806132065 0.3816578669306177 -0.9220381338223921
vn 0.04236243570457834 0.24993466771853834 -0.9673355601411537
vn 0.03487398476472687 0.2056363523633911 -0.9780068996552678
vn 0.04236243570457834 0.24993466771853834 -0.9673355601411537
vn 0.06467574806132065 0.3816578669306177 -0.9220381338223921
vn 0.06467574806132065 0.3816578669306177 -0.9220381338223921
f 1303/1303/1303 1304/1304/1304 1305/1305/1305
f 1306/1306/1306 1307/1307/1307 1308/1308/1308
f 1309/1309/1309 1310/1310/1310 1311/1311/1311
f 1312/1312/1312 1313/1313/1313 1314/1314/1314
f 1315/1315/1315 1316/1316/1316 1317/1317/1317
f 1318/1318/1318 1319/1319/1319 1320/1320/1320
f 1321/1321/1321 1322/1322/1322 1323/1323/1323
f 1324/1324/1324 1325/1325/1325 1326/1326/1326
f 1327/1327/1327 1328/1328/1328 1329/1329/1329
f 1330/1330/1330 1331/1331/1331 1332/1332/1332
f 1333/1333/1333 1334/1334/1334 1335/1335/1335
f 1336/1336/1336 1337/1337/1337 1338/1338/1338
f 1339/1339/1339 1340/1340/1340 1341/1341/1341
f 1342/1342/1342 1343/1343/1343 1344/1344/1344
f 1345/1345/1345 1346/1346/1346 1347/1347/1347
f 1348/1348/1348 1349/1349/1349 1350/1350/1350
f 1351/1351/1351 1352/1352/1352 1353/1353/1353
f 1354/1354/1354 1355/1355/1355 1356/1356/1356
f 1357/1357/1357 1358/1358/1358 1359/1359/1359
f 1360/1360/1360 1361/1361/1361 1362/1362/1362
f 1363/1363/1363 1364/1364/1364 1365/1365/1365
f 1366/1366/1366 1367/1367/1367 1368/1368/1368
f 1369/1369/1369 1370/1370/1370 1371/1371/1371
f 1372/1372/1372 1373/1373/1373 1374/1374/1374
f 1375/1375/1375 1376/1376/1376 1377/1377/1377
f 1378/1378/1378 1379/1379/1379 1380/1380/1380
f 1381/1381/1381 1382/1382/1382 1383/1383/1383
f 1384/1384/1384 1385/1385/1385 1386/1386/1386
f 1387/1387/1387 1388/1388/1388 1389/1389/1389
f 1390/1390/1390 1391/1391/1391 1392/1392/1392
f 1393/1393/1393 1394/1394/1394 1395/1395/1395
f 1396/1396/1396 1397/1397/1397 1398/1398/1398
f 1399/1399/1399 1400/1400/1400 1401/1401/1401
f 1402/1402/1402 1403/1403/1403 1404/1404/1404
f 1405/1405/1405 1406/1406/1406 1407/1407/1407
f 1408/1408/1408 1409/1409/1409 1410/1410/1410
f 1411/1411/1411 1412/1412/1412 1413/1413/1413
f 1414/1414/1414 1415/1415/1415 1416/1416/1416
f 1417/1417/1417 1418/1418/1418 1419/1419/1419
f 1420/1420/1420 1421/1421/1421 1422/1422/1422
f 1423/1423/1423 1424/1424/1424 1425/1425/1425
f 1426/1426/1426 1427/1427/1427 1428/1428/1428
f 1429/1429/1429 1430/1430/1430 1431/1431/1431
f 1432/1432/1432 1433/1433/1433 1434/1434/1434
f 1435/1435/1435 1436/1436/1436 1437/1437/1437
f 1438/1438/1438 1439/1439/1439 1440/1440/1440
f 1441/1441/1441 1442/1442/1442 1443/1443/1443
f 1444/1444/1444 1445/1445/1445 1446/1446/1446
f 1447/1447/1447 1448/1448/1448 1449/1449/1449
f 1450/1450/1450 1451/1451/1451 1452/1452/1452
f 1453/1453/1453 1454/1454/1454 1455/1455/1455
f 1456/1456/1456 1457/1457/1457 1458/1458/1458
f 1459/1459/1459 1460/1460/1460 1461/1461/1461
f 1462/1462/1462 1463/1463/1463 1464/1464/1464
f 1465/1465/1465 1466/1466/1466 1467/1467/1467
f 1468/1468/1468 1469/1469/1469 1470/1470/1470
f 1471/1471/1471 1472/1472/1472 1473/1473/1473
f 1474/1474/1474 1475/1475/1475 1476/1476/1476
f 1477/1477/1477 1478/1478/1478 1479/1479/1479
f 1480/1480/1480 1481/1481/1481 1482/1482/1482
o 
v 0.3953668773174286 -0.6645829677581787 -0.08653246611356735
v 0.3953668773174286 -0.6645829677581787 0.08653246611356735
v 0.37391406297683716 -0.6609470248222351 -0.08653246611356735
v 0.37391406297683716 -0.6609470248222351 -0.08653246611356735
v 0.3953668773174286 -0.6645829677581787 0.08653246611356735
v 0.37391406297683716 -0.6609470248222351 0.08653246611356735
v 0.42790687084198 -0.28121504187583923 -0.08653246611356735
v 0.42790687084198 -0.28121504187583923 0.08653246611356735
v 0.4493596851825714 -0.2848500609397888 -0.08653246611356735
v 0.4493596851825714 -0.2848500609397888 -0.08653246611356735
v 0.42790687084198 -0.28121504187583923 0.08653246611356735
v 0.4493596851825714 -0.2848500609397888 0.08653246611356735
v 0.47422608733177185 -0.6779446005821228 -0.08653246611356735
v 0.47422608733177185 -0.6779446005821228 0.08653246611356735
v 0.4527723789215088 -0.6743095517158508 -0.08653246611356735
v 0.4527723789215088 -0.6743095517158508 -0.08653246611356735
v 0.47422608733177185 -0.6779446005821228 0.08653246611356735
v 0.4527723789215088 -0.6743095517158508 0.08653246611356735
v 0.5067651867866516 -0.29457756876945496 -0.08653246611356735
v 0.5067651867866516 -0.29457756876945496 0.08653246611356735
v 0.5282180309295654 -0.29821258783340454 -0.08653246611356735
v 0.5282180309295654 -0.29821258783340454 -0.08653246611356735
v 0.5067651867866516 -0.29457756876945496 0.08653246611356735
v 0.5282180309295654 -0.29821258783340454 0.08653246611356735
v 0.31650856137275696 -0.6512195467948914 -0.08653246611356735
v 0.31650856137275696 -0.6512195467948914 0.08653246611356735
v 0.29505568742752075 -0.6475844979286194 -0.08653246611356735
v 0.29505568742752075 -0.6475844979286194 -0.08653246611356735
v 0.31650856137275696 -0.6512195467948914 0.08653246611356735
v 0.29505568742752075 -0.6475844979286194 0.08653246611356735
v 0.3490476906299591 -0.2678524851799011 -0.08653246611356735
v 0.3490476906299591 -0.2678524851799011 0.08653246611356735
v 0.37050050497055054 -0.2714875340461731 -0.08653246611356735
v 0.37050050497055054 -0.2714875340461731 -0.08653246611356735
v 0.3490476906299591 -0.2678524851799011 0.08653246611356735
v 0.37050050497055054 -0.2714875340461731 0.08653246611356735
v 0.5282180309295654 -0.29821258783340454 -0.08653246611356735
v 0.5282180309295654 -0.29821258783340454 0.08653246611356735
v 0.5393093228340149 -0.3719133734703064 -0.08653246611356735
v 0.5393093228340149 -0.3719133734703064 -0.08653246611356735
v 0.5282180309295654 -0.29821258783340454 0.08653246611356735
v 0.5393093228340149 -0.3719133734703064 0.08653246611356735
v 0.5393093228340149 -0.3719133734703064 -0.08653246611356735
v 0.5393093228340149 -0.3719133734703064 0.08653246611356735
v 0.5423446893692017 -0.4541739821434021 -0.08653246611356735
v 0.5423446893692017 -0.4541739821434021 -0.08653246611356735
v 0.5393093228340149 -0.3719133734703064 0.08653246611356735
v 0.5423446893692017 -0.4541739821434021 0.08653246611356735
v 0.5423446893692017 -0.4541739821434021 -0.08653246611356735
v 0.5423446893692017 -0.4541739821434021 0.08653246611356735
v 0.5309948325157166 -0.533997118473053 -0.08653246611356735
v 0.5309948325157166 -0.533997118473053 -0.08653246611356735
v 0.5423446893692017 -0.4541739821434021 0.08653246611356735
v 0.5309948325157166 -0.533997118473053 0.08653246611356735
v 0.5309948325157166 -0.533997118473053 -0.08653246611356735
v 0.5309948325157166 -0.533997118473053 0.08653246611356735
v 0.5052603483200073 -0.6113826632499695 -0.08653246611356735
v 0.5052603483200073 -0.6113826632499695 -0.08653246611356735
v 0.5309948325157166 -0.533997118473053 0.08653246611356735
v 0.5052603483200073 -0.6113826632499695 0.08653246611356735
v 0.5052603483200073 -0.6113826632499695 -0.08653246611356735
v 0.5052603483200073 -0.6113826632499695 0.08653246611356735
v 0.47422608733177185 -0.6779446005821228 -0.08653246611356735
v 0.47422608733177185 -0.6779446005821228 -0.08653246611356735
v 0.5052603483200073 -0.6113826632499695 0.08653246611356735
v 0.47422608733177185 -0.6779446005821228 0.08653246611356735
v 0.36013972759246826 -0.3415532410144806 -0.08653246611356735
v 0.36013972759246826 -0.3415532410144806 0.08653246611356735
v 0.3490476906299591 -0.2678524851799011 -0.08653246611356735
v 0.3490476906299591 -0.2678524851799011 -0.08653246611356735
v 0.36013972759246826 -0.3415532410144806 0.08653246611356735
v 0.3490476906299591 -0.2678524851799011 0.08653246611356735
v 0.36013972759246826 -0.3415532410144806 -0.08653246611356735
v 0.36317434906959534 -0.4238138794898987 0.08653246611356735
v 0.36013972759246826 -0.3415532410144806 0.08653246611356735
v 0.36317434906959534 -0.4238138794898987 -0.08653246611356735
v 0.36317434906959534 -0.4238138794898987 0.08653246611356735
v 0.36013972759246826 -0.3415532410144806 -0.08653246611356735
v 0.36317434906959534 -0.4238138794898987 -0.08653246611356735
v 0.3518252372741699 -0.5036370158195496 0.08653246611356735
v 0.36317434906959534 -0.4238138794898987 0.08653246611356735
v 0.3518252372741699 -0.5036370158195496 -0.08653246611356735
v 0.3518252372741699 -0.5036370158195496 0.08653246611356735
v 0.36317434906959534 -0.4238138794898987 -0.08653246611356735
v 0.3518252372741699 -0.5036370158195496 -0.08653246611356735
v 0.3260899484157562 -0.5810225605964661 0.08653246611356735
v 0.3518252372741699 -0.5036370158195496 0.08653246611356735
v 0.3260899484157562 -0.5810225605964661 -0.08653246611356735
v 0.3260899484157562 -0.5810225605964661 0.08653246611356735
v 0.3518252372741699 -0.5036370158195496 -0.08653246611356735
v 0.3260899484157562 -0.5810225605964661 -0.08653246611356735
v 0.29505568742752075 -0.6475844979286194 0.08653246611356735
v 0.3260899484157562 -0.5810225605964661 0.08653246611356735
v 0.29505568742752075 -0.6475844979286194 -0.08653246611356735
v 0.29505568742752075 -0.6475844979286194 0.08653246611356735
v 0.3260899484157562 -0.5810225605964661 -0.08653246611356735
v 0.43899810314178467 -0.3549157977104187 0.08653246611356735
v 0.4493596851825714 -0.2848500609397888 0.08653246611356735
v 0.42790687084198 -0.28121504187583923 0.08653246611356735
v 0.4493596851825714 -0.2848500609397888 0.08653246611356735
v 0.43899810314178467 -0.3549157977104187 0.08653246611356735
v 0.4604509472846985 -0.3585508167743683 0.08653246611356735
v 0.4420335292816162 -0.4371764361858368 0.08653246611356735
v 0.4604509472846985 -0.3585508167743683 0.08653246611356735
v 0.43899810314178467 -0.3549157977104187 0.08653246611356735
v 0.4604509472846985 -0.3585508167743683 0.08653246611356735
v 0.4420335292816162 -0.4371764361858368 0.08653246611356735
v 0.4634864032268524 -0.440811425447464 0.08653246611356735
v 0.45213645696640015 -0.5206345319747925 0.08653246611356735
v 0.4634864032268524 -0.440811425447464 0.08653246611356735
v 0.4420335292816162 -0.4371764361858368 0.08653246611356735
v 0.4420335292816162 -0.4371764361858368 0.08653246611356735
v 0.43068361282348633 -0.5169995427131653 0.08653246611356735
v 0.45213645696640015 -0.5206345319747925 0.08653246611356735
v 0.4264019727706909 -0.5980201363563538 0.08653246611356735
v 0.45213645696640015 -0.5206345319747925 0.08653246611356735
v 0.43068361282348633 -0.5169995427131653 0.08653246611356735
v 0.43068361282348633 -0.5169995427131653 0.08653246611356735
v 0.4049491286277771 -0.5943850874900818 0.08653246611356735
v 0.4264019727706909 -0.5980201363563538 0.08653246611356735
v 0.3953668773174286 -0.6645829677581787 0.08653246611356735
v 0.4264019727706909 -0.5980201363563538 0.08653246611356735
v 0.4049491286277771 -0.5943850874900818 0.08653246611356735
v 0.4049491286277771 -0.5943850874900818 0.08653246611356735
v 0.37391406297683716 -0.6609470248222351 0.08653246611356735
v 0.3953668773174286 -0.6645829677581787 0.08653246611356735
v 0.4493596851825714 -0.2848500609397888 -0.08653246611356735
v 0.43899810314178467 -0.3549157977104187 -0.08653246611356735
v 0.42790687084198 -0.28121504187583923 -0.08653246611356735
v 0.43899810314178467 -0.3549157977104187 -0.08653246611356735
v 0.4493596851825714 -0.2848500609397888 -0.08653246611356735
v 0.4604509472846985 -0.3585508167743683 -0.08653246611356735
v 0.4604509472846985 -0.3585508167743683 -0.08653246611356735
v 0.4420335292816162 -0.4371764361858368 -0.08653246611356735
v 0.43899810314178467 -0.3549157977104187 -0.08653246611356735
v 0.4420335292816162 -0.4371764361858368 -0.08653246611356735
v 0.4604509472846985 -0.3585508167743683 -0.08653246611356735
v 0.4634864032268524 -0.440811425447464 -0.08653246611356735
v 0.45213645696640015 -0.5206345319747925 -0.08653246611356735
v 0.4420335292816162 -0.4371764361858368 -0.08653246611356735
v 0.4634864032268524 -0.440811425447464 -0.08653246611356735
v 0.4420335292816162 -0.4371764361858368 -0.08653246611356735
v 0.45213645696640015 -0.5206345319747925 -0.08653246611356735
v 0.43068361282348633 -0.5169995427131653 -0.08653246611356735
v 0.4264019727706909 -0.5980201363563538 -0.08653246611356735
v 0.43068361282348633 -0.5169995427131653 -0.08653246611356735
v 0.45213645696640015 -0.5206345319747925 -0.08653246611356735
v 0.43068361282348633 -0.5169995427131653 -0.08653246611356735
v 0.4264019727706909 -0.5980201363563538 -0.08653246611356735
v 0.4049491286277771 -0.5943850874900818 -0.08653246611356735
v 0.3953668773174286 -0.6645829677581787 -0.08653246611356735
v 0.4049491286277771 -0.5943850874900818 -0.08653246611356735
v 0.4264019727706909 -0.5980201363563538 -0.08653246611356735
v 0.4049491286277771 -0.5943850874900818 -0.08653246611356735
v 0.3953668773174286 -0.6645829677581787 -0.08653246611356735
v 0.37391406297683716 -0.6609470248222351 -0.08653246611356735
v 0.5178564190864563 -0.3682783246040344 0.08653246611356735
v 0.5282180309295654 -0.29821258783340454 0.08653246611356735
v 0.5067651867866516 -0.29457756876945496 0.08653246611356735
v 0.5282180309295654 -0.29821258783340454 0.08653246611356735
v 0.5178564190864563 -0.3682783246040344 0.08653246611356735
v 0.5393093228340149 -0.3719133734703064 0.08653246611356735
v 0.5208918452262878 -0.4505389928817749 0.08653246611356735
v 0.5393093228340149 -0.3719133734703064 0.08653246611356735
v 0.5178564190864563 -0.3682783246040344 0.08653246611356735
v 0.5393093228340149 -0.3719133734703064 0.08653246611356735
v 0.5208918452262878 -0.4505389928817749 0.08653246611356735
v 0.5423446893692017 -0.4541739821434021 0.08653246611356735
v 0.5309948325157166 -0.533997118473053 0.08653246611356735
v 0.5423446893692017 -0.4541739821434021 0.08653246611356735
v 0.5208918452262878 -0.4505389928817749 0.08653246611356735
v 0.5208918452262878 -0.4505389928817749 0.08653246611356735
v 0.5095419883728027 -0.530362069606781 0.08653246611356735
v 0.5309948325157166 -0.533997118473053 0.08653246611356735
v 0.5052603483200073 -0.6113826632499695 0.08653246611356735
v 0.5309948325157166 -0.533997118473053 0.08653246611356735
v 0.5095419883728027 -0.530362069606781 0.08653246611356735
v 0.5095419883728027 -0.530362069606781 0.08653246611356735
v 0.4838074743747711 -0.6077476143836975 0.08653246611356735
v 0.5052603483200073 -0.6113826632499695 0.08653246611356735
v 0.47422608733177185 -0.6779446005821228 0.08653246611356735
v 0.5052603483200073 -0.6113826632499695 0.08653246611356735
v 0.4838074743747711 -0.6077476143836975 0.08653246611356735
v 0.4838074743747711 -0.6077476143836975 0.08653246611356735
v 0.4527723789215088 -0.6743095517158508 0.08653246611356735
v 0.47422608733177185 -0.6779446005821228 0.08653246611356735
v 0.5282180309295654 -0.29821258783340454 -0.08653246611356735
v 0.5178564190864563 -0.3682783246040344 -0.08653246611356735
v 0.5067651867866516 -0.29457756876945496 -0.08653246611356735
v 0.5178564190864563 -0.3682783246040344 -0.08653246611356735
v 0.5282180309295654 -0.29821258783340454 -0.08653246611356735
v 0.5393093228340149 -0.3719133734703064 -0.08653246611356735
v 0.5393093228340149 -0.3719133734703064 -0.08653246611356735
v 0.5208918452262878 -0.4505389928817749 -0.08653246611356735
v 0.5178564190864563 -0.3682783246040344 -0.08653246611356735
v 0.5208918452262878 -0.4505389928817749 -0.08653246611356735
v 0.5393093228340149 -0.3719133734703064 -0.08653246611356735
v 0.5423446893692017 -0.4541739821434021 -0.08653246611356735
v 0.5309948325157166 -0.533997118473053 -0.08653246611356735
v 0.5208918452262878 -0.4505389928817749 -0.08653246611356735
v 0.5423446893692017 -0.4541739821434021 -0.08653246611356735
v 0.5208918452262878 -0.4505389928817749 -0.08653246611356735
v 0.5309948325157166 -0.533997118473053 -0.08653246611356735
v 0.5095419883728027 -0.530362069606781 -0.08653246611356735
v 0.5052603483200073 -0.6113826632499695 -0.08653246611356735
v 0.5095419883728027 -0.530362069606781 -0.08653246611356735
v 0.5309948325157166 -0.533997118473053 -0.08653246611356735
v 0.5095419883728027 -0.530362069606781 -0.08653246611356735
v 0.5052603483200073 -0.6113826632499695 -0.08653246611356735
v 0.4838074743747711 -0.6077476143836975 -0.08653246611356735
v 0.47422608733177185 -0.6779446005821228 -0.08653246611356735
v 0.4838074743747711 -0.6077476143836975 -0.08653246611356735
v 0.5052603483200073 -0.6113826632499695 -0.08653246611356735
v 0.4838074743747711 -0.6077476143836975 -0.08653246611356735
v 0.47422608733177185 -0.6779446005821228 -0.08653246611356735
v 0.4527723789215088 -0.6743095517158508 -0.08653246611356735
v 0.36013972759246826 -0.3415532410144806 0.08653246611356735
v 0.37050050497055054 -0.2714875340461731 0.08653246611356735
v 0.3490476906299591 -0.2678524851799011 0.08653246611356735
v 0.37050050497055054 -0.2714875340461731 0.08653246611356735
v 0.36013972759246826 -0.3415532410144806 0.08653246611356735
v 0.38159260153770447 -0.34518828988075256 0.08653246611356735
v 0.36317434906959534 -0.4238138794898987 0.08653246611356735
v 0.38159260153770447 -0.34518828988075256 0.08653246611356735
v 0.36013972759246826 -0.3415532410144806 0.08653246611356735
v 0.38159260153770447 -0.34518828988075256 0.08653246611356735
v 0.36317434906959534 -0.4238138794898987 0.08653246611356735
v 0.384628027677536 -0.42744892835617065 0.08653246611356735
v 0.37327811121940613 -0.5072720646858215 0.08653246611356735
v 0.384628027677536 -0.42744892835617065 0.08653246611356735
v 0.36317434906959534 -0.4238138794898987 0.08653246611356735
v 0.36317434906959534 -0.4238138794898987 0.08653246611356735
v 0.3518252372741699 -0.5036370158195496 0.08653246611356735
v 0.37327811121940613 -0.5072720646858215 0.08653246611356735
v 0.3475436270236969 -0.584657609462738 0.08653246611356735
v 0.37327811121940613 -0.5072720646858215 0.08653246611356735
v 0.3518252372741699 -0.5036370158195496 0.08653246611356735
v 0.3518252372741699 -0.5036370158195496 0.08653246611356735
v 0.3260899484157562 -0.5810225605964661 0.08653246611356735
v 0.3475436270236969 -0.584657609462738 0.08653246611356735
v 0.31650856137275696 -0.6512195467948914 0.08653246611356735
v 0.3475436270236969 -0.584657609462738 0.08653246611356735
v 0.3260899484157562 -0.5810225605964661 0.08653246611356735
v 0.3260899484157562 -0.5810225605964661 0.08653246611356735
v 0.29505568742752075 -0.6475844979286194 0.08653246611356735
v 0.31650856137275696 -0.6512195467948914 0.08653246611356735
v 0.37050050497055054 -0.2714875340461731 -0.08653246611356735
v 0.36013972759246826 -0.3415532410144806 -0.08653246611356735
v 0.3490476906299591 -0.2678524851799011 -0.08653246611356735
v 0.36013972759246826 -0.3415532410144806 -0.08653246611356735
v 0.37050050497055054 -0.2714875340461731 -0.08653246611356735
v 0.38159260153770447 -0.34518828988075256 -0.08653246611356735
v 0.38159260153770447 -0.34518828988075256 -0.08653246611356735
v 0.36317434906959534 -0.4238138794898987 -0.08653246611356735
v 0.36013972759246826 -0.3415532410144806 -0.08653246611356735
v 0.36317434906959534 -0.4238138794898987 -0.08653246611356735
v 0.38159260153770447 -0.34518828988075256 -0.08653246611356735
v 0.384628027677536 -0.42744892835617065 -0.08653246611356735
v 0.37327811121940613 -0.5072720646858215 -0.08653246611356735
v 0.36317434906959534 -0.4238138794898987 -0.08653246611356735
v 0.384628027677536 -0.42744892835617065 -0.08653246611356735
v 0.36317434906959534 -0.4238138794898987 -0.08653246611356735
v 0.37327811121940613 -0.5072720646858215 -0.08653246611356735
v 0.3518252372741699 -0.5036370158195496 -0.08653246611356735
v 0.3475436270236969 -0.584657609462738 -0.08653246611356735
v 0.3518252372741699 -0.5036370158195496 -0.08653246611356735
v 0.37327811121940613 -0.5072720646858215 -0.08653246611356735
v 0.3518252372741699 -0.5036370158195496 -0.08653246611356735
v 0.3475436270236969 -0.584657609462738 -0.08653246611356735
v 0.3260899484157562 -0.5810225605964661 -0.08653246611356735
v 0.31650856137275696 -0.6512195467948914 -0.08653246611356735
v 0.3260899484157562 -0.5810225605964661 -0.08653246611356735
v 0.3475436270236969 -0.584657609462738 -0.08653246611356735
v 0.3260899484157562 -0.5810225605964661 -0.08653246611356735
v 0.31650856137275696 -0.6512195467948914 -0.08653246611356735
v 0.29505568742752075 -0.6475844979286194 -0.08653246611356735
v 0.4493596851825714 -0.2848500609397888 -0.08653246611356735
v 0.4493596851825714 -0.2848500609397888 0.08653246611356735
v 0.4604509472846985 -0.3585508167743683 -0.08653246611356735
v 0.4604509472846985 -0.3585508167743683 -0.08653246611356735
v 0.4493596851825714 -0.2848500609397888 0.08653246611356735
v 0.4604509472846985 -0.3585508167743683 0.08653246611356735
v 0.4604509472846985 -0.3585508167743683 0.08653246611356735
v 0.4634864032268524 -0.440811425447464 -0.08653246611356735
v 0.4604509472846985 -0.3585508167743683 -0.08653246611356735
v 0.4634864032268524 -0.440811425447464 -0.08653246611356735
v 0.4604509472846985 -0.3585508167743683 0.08653246611356735
v 0.4634864032268524 -0.440811425447464 0.08653246611356735
v 0.4634864032268524 -0.440811425447464 -0.08653246611356735
v 0.4634864032268524 -0.440811425447464 0.08653246611356735
v 0.45213645696640015 -0.5206345319747925 -0.08653246611356735
v 0.45213645696640015 -0.5206345319747925 -0.08653246611356735
v 0.4634864032268524 -0.440811425447464 0.08653246611356735
v 0.45213645696640015 -0.5206345319747925 0.08653246611356735
v 0.45213645696640015 -0.5206345319747925 -0.08653246611356735
v 0.45213645696640015 -0.5206345319747925 0.08653246611356735
v 0.4264019727706909 -0.5980201363563538 -0.08653246611356735
v 0.4264019727706909 -0.5980201363563538 -0.08653246611356735
v 0.45213645696640015 -0.5206345319747925 0.08653246611356735
v 0.4264019727706909 -0.5980201363563538 0.08653246611356735
v 0.4264019727706909 -0.5980201363563538 0.08653246611356735
v 0.3953668773174286 -0.6645829677581787 -0.08653246611356735
v 0.4264019727706909 -0.5980201363563538 -0.08653246611356735
v 0.3953668773174286 -0.6645829677581787 -0.08653246611356735
v 0.4264019727706909 -0.5980201363563538 0.08653246611356735
v 0.3953668773174286 -0.6645829677581787 0.08653246611356735
v 0.43899810314178467 -0.3549157977104187 -0.08653246611356735
v 0.43899810314178467 -0.3549157977104187 0.08653246611356735
v 0.42790687084198 -0.28121504187583923 -0.08653246611356735
v 0.42790687084198 -0.28121504187583923 -0.08653246611356735
v 0.43899810314178467 -0.3549157977104187 0.08653246611356735
v 0.42790687084198 -0.28121504187583923 0.08653246611356735
v 0.43899810314178467 -0.3549157977104187 -0.08653246611356735
v 0.4420335292816162 -0.4371764361858368 0.08653246611356735
v 0.43899810314178467 -0.3549157977104187 0.08653246611356735
v 0.4420335292816162 -0.4371764361858368 -0.08653246611356735
v 0.4420335292816162 -0.4371764361858368 0.08653246611356735
v 0.43899810314178467 -0.3549157977104187 -0.08653246611356735
v 0.4420335292816162 -0.4371764361858368 -0.08653246611356735
v 0.43068361282348633 -0.5169995427131653 0.08653246611356735
v 0.4420335292816162 -0.4371764361858368 0.08653246611356735
v 0.43068361282348633 -0.5169995427131653 -0.08653246611356735
v 0.43068361282348633 -0.5169995427131653 0.08653246611356735
v 0.4420335292816162 -0.4371764361858368 -0.08653246611356735
v 0.43068361282348633 -0.5169995427131653 -0.08653246611356735
v 0.4049491286277771 -0.5943850874900818 0.08653246611356735
v 0.43068361282348633 -0.5169995427131653 0.08653246611356735
v 0.4049491286277771 -0.5943850874900818 -0.08653246611356735
v 0.4049491286277771 -0.5943850874900818 0.08653246611356735
v 0.43068361282348633 -0.5169995427131653 -0.08653246611356735
v 0.4049491286277771 -0.5943850874900818 -0.08653246611356735
v 0.37391406297683716 -0.6609470248222351 0.08653246611356735
v 0.4049491286277771 -0.5943850874900818 0.08653246611356735
v 0.37391406297683716 -0.6609470248222351 -0.08653246611356735
v 0.37391406297683716 -0.6609470248222351 0.08653246611356735
v 0.4049491286277771 -0.5943850874900818 -0.08653246611356735
v 0.37050050497055054 -0.2714875340461731 0.08653246611356735
v 0.38159260153770447 -0.34518828988075256 -0.08653246611356735
v 0.37050050497055054 -0.2714875340461731 -0.08653246611356735
v 0.38159260153770447 -0.34518828988075256 -0.08653246611356735
v 0.37050050497055054 -0.2714875340461731 0.08653246611356735
v 0.38159260153770447 -0.34518828988075256 0.08653246611356735
v 0.38159260153770447 -0.34518828988075256 -0.08653246611356735
v 0.38159260153770447 -0.34518828988075256 0.08653246611356735
v 0.384628027677536 -0.42744892835617065 -0.08653246611356735
v 0.384628027677536 -0.42744892835617065 -0.08653246611356735
v 0.38159260153770447 -0.34518828988075256 0.08653246611356735
v 0.384628027677536 -0.42744892835617065 0.08653246611356735
v 0.384628027677536 -0.42744892835617065 -0.08653246611356735
v 0.384628027677536 -0.42744892835617065 0.08653246611356735
v 0.37327811121940613 -0.5072720646858215 -0.08653246611356735
v 0.37327811121940613 -0.5072720646858215 -0.08653246611356735
v 0.384628027677536 -0.42744892835617065 0.08653246611356735
v 0.37327811121940613 -0.5072720646858215 0.08653246611356735
v 0.37327811121940613 -0.5072720646858215 -0.08653246611356735
v 0.37327811121940613 -0.5072720646858215 0.08653246611356735
v 0.3475436270236969 -0.584657609462738 -0.08653246611356735
v 0.3475436270236969 -0.584657609462738 -0.08653246611356735
v 0.37327811121940613 -0.5072720646858215 0.08653246611356735
v 0.3475436270236969 -0.584657609462738 0.08653246611356735
v 0.3475436270236969 -0.584657609462738 -0.08653246611356735
v 0.3475436270236969 -0.584657609462738 0.08653246611356735
v 0.31650856137275696 -0.6512195467948914 -0.08653246611356735
v 0.31650856137275696 -0.6512195467948914 -0.08653246611356735
v 0.3475436270236969 -0.584657609462738 0.08653246611356735
v 0.31650856137275696 -0.6512195467948914 0.08653246611356735
v 0.5178564190864563 -0.3682783246040344 -0.08653246611356735
v 0.5178564190864563 -0.3682783246040344 0.08653246611356735
v 0.5067651867866516 -0.29457756876945496 -0.08653246611356735
v 0.5067651867866516 -0.29457756876945496 -0.08653246611356735
v 0.5178564190864563 -0.3682783246040344 0.08653246611356735
v 0.5067651867866516 -0.29457756876945496 0.08653246611356735
v 0.5178564190864563 -0.3682783246040344 -0.08653246611356735
v 0.5208918452262878 -0.4505389928817749 0.08653246611356735
v 0.5178564190864563 -0.3682783246040344 0.08653246611356735
v 0.5208918452262878 -0.4505389928817749 -0.08653246611356735
v 0.5208918452262878 -0.4505389928817749 0.08653246611356735
v 0.5178564190864563 -0.3682783246040344 -0.08653246611356735
v 0.5208918452262878 -0.4505389928817749 -0.08653246611356735
v 0.5095419883728027 -0.530362069606781 0.08653246611356735
v 0.5208918452262878 -0.4505389928817749 0.08653246611356735
v 0.5095419883728027 -0.530362069606781 -0.08653246611356735
v 0.5095419883728027 -0.530362069606781 0.08653246611356735
v 0.5208918452262878 -0.4505389928817749 -0.08653246611356735
v 0.5095419883728027 -0.530362069606781 -0.08653246611356735
v 0.4838074743747711 -0.6077476143836975 0.08653246611356735
v 0.5095419883728027 -0.530362069606781 0.08653246611356735
v 0.4838074743747711 -0.6077476143836975 -0.08653246611356735
v 0.4838074743747711 -0.6077476143836975 0.08653246611356735
v 0.5095419883728027 -0.530362069606781 -0.08653246611356735
v 0.4838074743747711 -0.6077476143836975 -0.08653246611356735
v 0.4527723789215088 -0.6743095517158508 0.08653246611356735
v 0.4838074743747711 -0.6077476143836975 0.08653246611356735
v 0.4527723789215088 -0.6743095517158508 -0.08653246611356735
v 0.4527723789215088 -0.6743095517158508 0.08653246611356735
v 0.4838074743747711 -0.6077476143836975 -0.08653246611356735
vt 0 0
vt 0 0
vt 0 0
vt 0 0
vt 0 0
vt 0 0
vt 0 0
vt 0 0
vt 0 0
vt 0 0
vt 0 0
vt 0 0
vt 0 0
vt 0 0
vt 0 0
vt 0 0
vt 0 0
vt 0 0
vt 0 0
vt 0 0
vt 0 0
vt 0 0
vt 0 0
vt 0 0
vt 0 0
vt 0 0
vt 0 0
vt 0 0
vt 0 0
vt 0 0
vt 0 0
vt 0 0
vt 0 0
vt 0 0
vt 0 0
vt 0 0
vt 0 0
vt 0 0
vt 0 0
vt 0 0
vt 0 0
vt 0 0
vt 0 0
vt 0 0
vt 0 0
vt 0 0
vt 0 0
vt 0 0
vt 0 0
vt 0 0
vt 0 0
vt 0 0
vt 0 0
vt 0 0
vt 0 0
vt 0 0
vt 0 0
vt 0 0
vt 0 0
vt 0 0
vt 0 0
vt 0 0
vt 0 0
vt 0 0
vt 0 0
vt 0 0
vt 0 0
vt 0 0
vt 0 0
vt 0 0
vt 0 0
vt 0 0
vt 0 0
vt 0 0
vt 0 0
vt 0 0
vt 0 0
vt 0 0
vt 0 0
vt 0 0
vt 0 0
vt 0 0
vt 0 0
vt 0 0
vt 0 0
vt 0 0
vt 0 0
vt 0 0
vt 0 0
vt 0 0
vt 0 0
vt 0 0
vt 0 0
vt 0 0
vt 0 0
vt 0 0
vt 0 0
vt 0 0
vt 0 0
vt 0 0
vt 0 0
vt 0 0
vt 0 0
vt 0 0
vt 0 0
vt 0 0
vt 0 0
vt 0 0
vt 0 0
vt 0 0
vt 0 0
vt 0 0
vt 0 0
vt 0 0
vt 0 0
vt 0 0
vt 0 0
vt 0 0
vt 0 0
vt 0 0
vt 0 0
vt 0 0
vt 0 0
vt 0 0
vt 0 0
vt 0 0
vt 0 0
vt 0 0
vt 0 0
vt 0 0
vt 0 0
vt 0 0
vt 0 0
vt 0 0
vt 0 0
vt 0 0
vt 0 0
vt 0 0
vt 0 0
vt 0 0
vt 0 0
vt 0 0
vt 0 0
vt 0 0
vt 0 0
vt 0 0
vt 0 0
vt 0 0
vt 0 0
vt 0 0
vt 0 0
vt 0 0
vt 0 0
vt 0 0
vt 0 0
vt 0 0
vt 0 0
vt 0 0
vt 0 0
vt 0 0
vt 0 0
vt 0 0
vt 0 0
vt 0 0
vt 0 0
vt 0 0
vt 0 0
vt 0 0
vt 0 0
vt 0 0
vt 0 0
vt 0 0
vt 0 0
vt 0 0
vt 0 0
vt 0 0
vt 0 0
vt 0 0
vt 0 0
vt 0 0
vt 0 0
vt 0 0
vt 0 0
vt 0 0
vt 0 0
vt 0 0
vt 0 0
vt 0 0
vt 0 0
vt 0 0
vt 0 0
vt 0 0
vt 0 0
vt 0 0
vt 0 0
vt 0 0
vt 0 0
vt 0 0
vt 0 0
vt 0 0
vt 0 0
vt 0 0
vt 0 0
vt 0 0
vt 0 0
vt 0 0
vt 0 0
vt 0 0
vt 0 0
vt 0 0
vt 0 0
vt 0 0
vt 0 0
vt 0 0
vt 0 0
vt 0 0
vt 0 0
vt 0 0
vt 0 0
vt 0 0
vt 0 0
vt 0 0
vt 0 0
vt 0 0
vt 0 0
vt 0 0
vt 0 0
vt 0 0
vt 0 0
vt 0 0
vt 0 0
vt 0 0
vt 0 0
vt 0 0
vt 0 0
vt 0 0
vt 0 0
vt 0 0
vt 0 0
vt 0 0
vt 0 0
vt 0 0
vt 0 0
vt 0 0
vt 0 0
vt 0 0
vt 0 0
vt 0 0
vt 0 0
vt 0 0
vt 0 0
vt 0 0
vt 0 0
vt 0 0
vt 0 0
vt 0 0
vt 0 0
vt 0 0
vt 0 0
vt 0 0
vt 0 0
vt 0 0
vt 0 0
vt 0 0
vt 0 0
vt 0 0
vt 0 0
vt 0 0
vt 0 0
vt 0 0
vt 0 0
vt 0 0
vt 0 0
vt 0 0
vt 0 0
vt 0 0
vt 0 0
vt 0 0
vt 0 0
vt 0 0
vt 0 0
vt 0 0
vt 0 0
vt 0 0
vt 0 0
vt 0 0
vt 0 0
vt 0 0
vt 0 0
vt 0 0
vt 0 0
vt 0 0
vt 0 0
vt 0 0
vt 0 0
vt 0 0
vt 0 0
vt 0 0
vt 0 0
vt 0 0
vt 0 0
vt 0 0
vt 0 0
vt 0 0
vt 0 0
vt 0 0
vt 0 0
vt 0 0
vt 0 0
vt 0 0
vt 0 0
vt 0 0
vt 0 0
vt 0 0
vt 0 0
vt 0 0
vt 0 0
vt 0 0
vt 0 0
vt 0 0
vt 0 0
vt 0 0
vt 0 0
vt 0 0
vt 0 0
vt 0 0
vt 0 0
vt 0 0
vt 0 0
vt 0 0
vt 0 0
vt 0 0
vt 0 0
vt 0 0
vt 0 0
vt 0 0
vt 0 0
vt 0 0
vt 0 0
vt 0 0
vt 0 0
vt 0 0
vt 0 0
vt 0 0
vt 0 0
vt 0 0
vt 0 0
vt 0 0
vt 0 0
vt 0 0
vt 0 0
vt 0 0
vt 0 0
vt 0 0
vt 0 0
vt 0 0
vt 0 0
vt 0 0
vt 0 0
vt 0 0
vt 0 0
vt 0 0
vt 0 0
vt 0 0
vt 0 0
vt 0 0
vt 0 0
vt 0 0
vt 0 0
vt 0 0
vt 0 0
vt 0 0
vt 0 0
vt 0 0
vt 0 0
vt 0 0
vt 0 0
vt 0 0
vt 0 0
vt 0 0
vt 0 0
vt 0 0
vt 0 0
vt 0 0
vt 0 0
vt 0 0
vt 0 0
vt 0 0
vt 0 0
vt 0 0
vt 0 0
vt 0 0
vt 0 0
vt 0 0
vt 0 0
vt 0 0
vn -0.167080704530222 -0.9859432225912832 0
vn -0.167080704530222 -0.9859432225912832 0
vn -0.167080704530222 -0.9859432225912832 0
vn -0.167080704530222 -0.9859432225912832 0
vn -0.167080704530222 -0.9859432225912832 0
vn -0.167080704530222 -0.9859432225912832 0
vn 0.167080704530222 0.9859432225912832 0
vn 0.167080704530222 0.9859432225912832 0
vn 0.167080704530222 0.9859432225912832 0
vn 0.167080704530222 0.9859432225912832 0
vn 0.167080704530222 0.9859432225912832 0
vn 0.167080704530222 0.9859432225912832 0
vn -0.167080704530222 -0.9859432225912832 0
vn -0.167080704530222 -0.9859432225912832 0
vn -0.167080704530222 -0.9859432225912832 0
vn -0.167080704530222 -0.9859432225912832 0
vn -0.167080704530222 -0.9859432225912832 0
vn -0.167080704530222 -0.9859432225912832 0
vn 0.167080704530222 0.9859432225912832 0
vn 0.167080704530222 0.9859432225912832 0
vn 0.167080704530222 0.9859432225912832 0
vn 0.167080704530222 0.9859432225912832 0
vn 0.167080704530222 0.9859432225912832 0
vn 0.167080704530222 0.9859432225912832 0
vn -0.167080704530222 -0.9859432225912832 0
vn -0.167080704530222 -0.9859432225912832 0
vn -0.167080704530222 -0.9859432225912832 0
vn -0.167080704530222 -0.9859432225912832 0
vn -0.167080704530222 -0.9859432225912832 0
vn -0.167080704530222 -0.9859432225912832 0
vn 0.167080704530222 0.9859432225912832 0
vn 0.167080704530222 0.9859432225912832 0
vn 0.167080704530222 0.9859432225912832 0
vn 0.167080704530222 0.9859432225912832 0
vn 0.167080704530222 0.9859432225912832 0
vn 0.167080704530222 0.9859432225912832 0
vn 0.9888674836967372 0.148798856471692 0
vn 0.9888674836967372 0.148798856471692 0
vn 0.9956692389215027 0.09296648140849327 0
vn 0.9956692389215027 0.09296648140849327 0
vn 0.9888674836967372 0.148798856471692 0
vn 0.9956692389215027 0.09296648140849327 0
vn 0.9956692389215027 0.09296648140849327 0
vn 0.9956692389215027 0.09296648140849327 0
vn 0.9986448555424776 -0.0520427948763722 0
vn 0.9986448555424776 -0.0520427948763722 0
vn 0.9956692389215027 0.09296648140849327 0
vn 0.9986448555424776 -0.0520427948763722 0
vn 0.9986448555424776 -0.0520427948763722 0
vn 0.9986448555424776 -0.0520427948763722 0
vn 0.9734783887267224 -0.22877899091049486 0
vn 0.9734783887267224 -0.22877899091049486 0
vn 0.9986448555424776 -0.0520427948763722 0
vn 0.9734783887267224 -0.22877899091049486 0
vn 0.9734783887267224 -0.22877899091049486 0
vn 0.9734783887267224 -0.22877899091049486 0
vn 0.9292290583537829 -0.3695042044563793 0
vn 0.9292290583537829 -0.3695042044563793 0
vn 0.9734783887267224 -0.22877899091049486 0
vn 0.9292290583537829 -0.3695042044563793 0
vn 0.9292290583537829 -0.3695042044563793 0
vn 0.9292290583537829 -0.3695042044563793 0
vn 0.9063329076628168 -0.42256438620340925 0
vn 0.9063329076628168 -0.42256438620340925 0
vn 0.9292290583537829 -0.3695042044563793 0
vn 0.9063329076628168 -0.42256438620340925 0
vn -0.9956692389215027 -0.09296648140849327 0
vn -0.9956692389215027 -0.09296648140849327 0
vn -0.9888674836967372 -0.148798856471692 0
vn -0.9888674836967372 -0.148798856471692 0
vn -0.9956692389215027 -0.09296648140849327 0
vn -0.9888674836967372 -0.148798856471692 0
vn -0.9956692389215027 -0.09296648140849327 0
vn -0.9986448555424776 0.0520427948763722 0
vn -0.9956692389215027 -0.09296648140849327 0
vn -0.9986448555424776 0.0520427948763722 0
vn -0.9986448555424776 0.0520427948763722 0
vn -0.9956692389215027 -0.09296648140849327 0
vn -0.9986448555424776 0.0520427948763722 0
vn -0.9734783887267224 0.22877899091049486 0
vn -0.9986448555424776 0.0520427948763722 0
vn -0.9734783887267224 0.22877899091049486 0
vn -0.9734783887267224 0.22877899091049486 0
vn -0.9986448555424776 0.0520427948763722 0
vn -0.9734783887267224 0.22877899091049486 0
vn -0.9292290583537829 0.3695042044563793 0
vn -0.9734783887267224 0.22877899091049486 0
vn -0.9292290583537829 0.3695042044563793 0
vn -0.9292290583537829 0.3695042044563793 0
vn -0.9734783887267224 0.22877899091049486 0
vn -0.9292290583537829 0.3695042044563793 0
vn -0.9063329076628168 0.42256438620340925 0
vn -0.9292290583537829 0.3695042044563793 0
vn -0.9063329076628168 0.42256438620340925 0
vn -0.9063329076628168 0.42256438620340925 0
vn -0.9292290583537829 0.3695042044563793 0
vn 0 0 1
vn 0 0 1
vn 0 0 1
vn 0 0 1
vn 0 0 1
vn 0 0 1
vn 0 0 1
vn 0 0 1
vn 0 0 1
vn 0 0 1
vn 0 0 1
vn 0 0 1
vn 0 0 1
vn 0 0 1
vn 0 0 1
vn 0 0 1
vn 0 0 1
vn 0 0 1
vn 0 0 1
vn 0 0 1
vn 0 0 1
vn 0 0 1
vn 0 0 1
vn 0 0 1
vn 0 0 1
vn 0 0 1
vn 0 0 1
vn 0 0 1
vn 0 0 1
vn 0 0 1
vn 0 0 -1
vn 0 0 -1
vn 0 0 -1
vn 0 0 -1
vn 0 0 -1
vn 0 0 -1
vn 0 0 -1
vn 0 0 -1
vn 0 0 -1
vn 0 0 -1
vn 0 0 -1
vn 0 0 -1
vn 0 0 -1
vn 0 0 -1
vn 0 0 -1
vn 0 0 -1
vn 0 0 -1
vn 0 0 -1
vn 0 0 -1
vn 0 0 -1
vn 0 0 -1
vn 0 0 -1
vn 0 0 -1
vn 0 0 -1
vn 0 0 -1
vn 0 0 -1
vn 0 0 -1
vn 0 0 -1
vn 0 0 -1
vn 0 0 -1
vn 0 0 1
vn 0 0 1
vn 0 0 1
vn 0 0 1
vn 0 0 1
vn 0 0 1
vn 0 0 1
vn 0 0 1
vn 0 0 1
vn 0 0 1
vn 0 0 1
vn 0 0 1
vn 0 0 1
vn 0 0 1
vn 0 0 1
vn 0 0 1
vn 0 0 1
vn 0 0 1
vn 0 0 1
vn 0 0 1
vn 0 0 1
vn 0 0 1
vn 0 0 1
vn 0 0 1
vn 0 0 1
vn 0 0 1
vn 0 0 1
vn 0 0 1
vn 0 0 1
vn 0 0 1
vn 0 0 -1
vn 0 0 -1
vn 0 0 -1
vn 0 0 -1
vn 0 0 -1
vn 0 0 -1
vn 0 0 -1
vn 0 0 -1
vn 0 0 -1
vn 0 0 -1
vn 0 0 -1
vn 0 0 -1
vn 0 0 -1
vn 0 0 -1
vn 0 0 -1
vn 0 0 -1
vn 0 0 -1
vn 0 0 -1
vn 0 0 -1
vn 0 0 -1
vn 0 0 -1
vn 0 0 -1
vn 0 0 -1
vn 0 0 -1
vn 0 0 -1
vn 0 0 -1
vn 0 0 -1
vn 0 0 -1
vn 0 0 -1
vn 0 0 -1
vn 0 0 1
vn 0 0 1
vn 0 0 1
vn 0 0 1
vn 0 0 1
vn 0 0 1
vn 0 0 1
vn 0 0 1
vn 0 0 1
vn 0 0 1
vn 0 0 1
vn 0 0 1
vn 0 0 1
vn 0 0 1
vn 0 0 1
vn 0 0 1
vn 0 0 1
vn 0 0 1
vn 0 0 1
vn 0 0 1
vn 0 0 1
vn 0 0 1
vn 0 0 1
vn 0 0 1
vn 0 0 1
vn 0 0 1
vn 0 0 1
vn 0 0 1
vn 0 0 1
vn 0 0 1
vn 0 0 -1
vn 0 0 -1
vn 0 0 -1
vn 0 0 -1
vn 0 0 -1
vn 0 0 -1
vn 0 0 -1
vn 0 0 -1
vn 0 0 -1
vn 0 0 -1
vn 0 0 -1
vn 0 0 -1
vn 0 0 -1
vn 0 0 -1
vn 0 0 -1
vn 0 0 -1
vn 0 0 -1
vn 0 0 -1
vn 0 0 -1
vn 0 0 -1
vn 0 0 -1
vn 0 0 -1
vn 0 0 -1
vn 0 0 -1
vn 0 0 -1
vn 0 0 -1
vn 0 0 -1
vn 0 0 -1
vn 0 0 -1
vn 0 0 -1
vn 0.9888674836967372 0.148798856471692 0
vn 0.9888674836967372 0.148798856471692 0
vn 0.9956692389215027 0.09296648140849327 0
vn 0.9956692389215027 0.09296648140849327 0
vn 0.9888674836967372 0.148798856471692 0
vn 0.9956692389215027 0.09296648140849327 0
vn 0.9956692389215027 0.09296648140849327 0
vn 0.9986448555424776 -0.0520427948763722 0
vn 0.9956692389215027 0.09296648140849327 0
vn 0.9986448555424776 -0.0520427948763722 0
vn 0.9956692389215027 0.09296648140849327 0
vn 0.9986448555424776 -0.0520427948763722 0
vn 0.9986448555424776 -0.0520427948763722 0
vn 0.9986448555424776 -0.0520427948763722 0
vn 0.9734783887267224 -0.22877899091049486 0
vn 0.9734783887267224 -0.22877899091049486 0
vn 0.9986448555424776 -0.0520427948763722 0
vn 0.9734783887267224 -0.22877899091049486 0
vn 0.9734783887267224 -0.22877899091049486 0
vn 0.9734783887267224 -0.22877899091049486 0
vn 0.9292290583537829 -0.3695042044563793 0
vn 0.9292290583537829 -0.3695042044563793 0
vn 0.9734783887267224 -0.22877899091049486 0
vn 0.9292290583537829 -0.3695042044563793 0
vn 0.9292290583537829 -0.3695042044563793 0
vn 0.9063329076628168 -0.42256438620340925 0
vn 0.9292290583537829 -0.3695042044563793 0
vn 0.9063329076628168 -0.42256438620340925 0
vn 0.9292290583537829 -0.3695042044563793 0
vn 0.9063329076628168 -0.42256438620340925 0
vn -0.9956692389215027 -0.09296648140849327 0
vn -0.9956692389215027 -0.09296648140849327 0
vn -0.9888674836967372 -0.148798856471692 0
vn -0.9888674836967372 -0.148798856471692 0
vn -0.9956692389215027 -0.09296648140849327 0
vn -0.9888674836967372 -0.148798856471692 0
vn -0.9956692389215027 -0.09296648140849327 0
vn -0.9986448555424776 0.0520427948763722 0
vn -0.9956692389215027 -0.09296648140849327 0
vn -0.9986448555424776 0.0520427948763722 0
vn -0.9986448555424776 0.0520427948763722 0
vn -0.9956692389215027 -0.09296648140849327 0
vn -0.9986448555424776 0.0520427948763722 0
vn -0.9734783887267224 0.22877899091049486 0
vn -0.9986448555424776 0.0520427948763722 0
vn -0.9734783887267224 0.22877899091049486 0
vn -0.9734783887267224 0.22877899091049486 0
vn -0.9986448555424776 0.0520427948763722 0
vn -0.9734783887267224 0.22877899091049486 0
vn -0.9292290583537829 0.3695042044563793 0
vn -0.9734783887267224 0.22877899091049486 0
vn -0.9292290583537829 0.3695042044563793 0
vn -0.9292290583537829 0.3695042044563793 0
vn -0.9734783887267224 0.22877899091049486 0
vn -0.9292290583537829 0.3695042044563793 0
vn -0.9063329076628168 0.42256438620340925 0
vn -0.9292290583537829 0.3695042044563793 0
vn -0.9063329076628168 0.42256438620340925 0
vn -0.9063329076628168 0.42256438620340925 0
vn -0.9292290583537829 0.3695042044563793 0
vn 0.9888674836967372 0.148798856471692 0
vn 0.9956692389215027 0.09296648140849327 0
vn 0.9888674836967372 0.148798856471692 0
vn 0.9956692389215027 0.09296648140849327 0
vn 0.9888674836967372 0.148798856471692 0
vn 0.9956692389215027 0.09296648140849327 0
vn 0.9956692389215027 0.09296648140849327 0
vn 0.9956692389215027 0.09296648140849327 0
vn 0.9986448555424776 -0.0520427948763722 0
vn 0.9986448555424776 -0.0520427948763722 0
vn 0.9956692389215027 0.09296648140849327 0
vn 0.9986448555424776 -0.0520427948763722 0
vn 0.9986448555424776 -0.0520427948763722 0
vn 0.9986448555424776 -0.0520427948763722 0
vn 0.9734783887267224 -0.22877899091049486 0
vn 0.9734783887267224 -0.22877899091049486 0
vn 0.9986448555424776 -0.0520427948763722 0
vn 0.9734783887267224 -0.22877899091049486 0
vn 0.9734783887267224 -0.22877899091049486 0
vn 0.9734783887267224 -0.22877899091049486 0
vn 0.9292290583537829 -0.3695042044563793 0
vn 0.9292290583537829 -0.3695042044563793 0
vn 0.9734783887267224 -0.22877899091049486 0
vn 0.9292290583537829 -0.3695042044563793 0
vn 0.9292290583537829 -0.3695042044563793 0
vn 0.9292290583537829 -0.3695042044563793 0
vn 0.9063329076628168 -0.42256438620340925 0
vn 0.9063329076628168 -0.42256438620340925 0
vn 0.9292290583537829 -0.3695042044563793 0
vn 0.9063329076628168 -0.42256438620340925 0
vn -0.9956692389215027 -0.09296648140849327 0
vn -0.9956692389215027 -0.09296648140849327 0
vn -0.9888674836967372 -0.148798856471692 0
vn -0.9888674836967372 -0.148798856471692 0
vn -0.9956692389215027 -0.09296648140849327 0
vn -0.9888674836967372 -0.148798856471692 0
vn -0.9956692389215027 -0.09296648140849327 0
vn -0.9986448555424776 0.0520427948763722 0
vn -0.9956692389215027 -0.09296648140849327 0
vn -0.9986448555424776 0.0520427948763722 0
vn -0.9986448555424776 0.0520427948763722 0
vn -0.9956692389215027 -0.09296648140849327 0
vn -0.9986448555424776 0.0520427948763722 0
vn -0.9734783887267224 0.22877899091049486 0
vn -0.9986448555424776 0.0520427948763722 0
vn -0.9734783887267224 0.22877899091049486 0
vn -0.9734783887267224 0.22877899091049486 0
vn -0.9986448555424776 0.0520427948763722 0
vn -0.9734783887267224 0.22877899091049486 0
vn -0.9292290583537829 0.3695042044563793 0
vn -0.9734783887267224 0.22877899091049486 0
vn -0.9292290583537829 0.3695042044563793 0
vn -0.9292290583537829 0.3695042044563793 0
vn -0.9734783887267224 0.22877899091049486 0
vn -0.9292290583537829 0.3695042044563793 0
vn -0.9063329076628168 0.42256438620340925 0
vn -0.9292290583537829 0.3695042044563793 0
vn -0.9063329076628168 0.42256438620340925 0
vn -0.9063329076628168 0.42256438620340925 0
vn -0.9292290583537829 0.3695042044563793 0
f 1483/1483/1483 1484/1484/1484 1485/1485/1485
f 1486/1486/1486 1487/1487/1487 1488/1488/1488
f 1489/1489/1489 1490/1490/1490 1491/1491/1491
f 1492/1492/1492 1493/1493/1493 1494/1494/1494
f 1495/1495/1495 1496/1496/1496 1497/1497/1497
f 1498/1498/1498 1499/1499/1499 1500/1500/1500
f 1501/1501/1501 1502/1502/1502 1503/1503/1503
f 1504/1504/1504 1505/1505/1505 1506/1506/1506
f 1507/1507/1507 1508/1508/1508 1509/1509/1509
f 1510/1510/1510 1511/1511/1511 1512/1512/1512
f 1513/1513/1513 1514/1514/1514 1515/1515/1515
f 1516/1516/1516 1517/1517/1517 1518/1518/1518
f 1519/1519/1519 1520/1520/1520 1521/1521/1521
f 1522/1522/1522 1523/1523/1523 1524/1524/1524
f 1525/1525/1525 1526/1526/1526 1527/1527/1527
f 1528/1528/1528 1529/1529/1529 1530/1530/1530
f 1531/1531/1531 1532/1532/1532 1533/1533/1533
f 1534/1534/1534 1535/1535/1535 1536/1536/1536
f 1537/1537/1537 1538/1538/1538 1539/1539/1539
f 1540/1540/1540 1541/1541/1541 1542/1542/1542
f 1543/1543/1543 1544/1544/1544 1545/1545/1545
f 1546/1546/1546 1547/1547/1547 1548/1548/1548
f 1549/1549/1549 1550/1550/1550 1551/1551/1551
f 1552/1552/1552 1553/1553/1553 1554/1554/1554
f 1555/1555/1555 1556/1556/1556 1557/1557/1557
f 1558/1558/1558 1559/1559/1559 1560/1560/1560
f 1561/1561/1561 1562/1562/1562 1563/1563/1563
f 1564/1564/1564 1565/1565/1565 1566/1566/1566
f 1567/1567/1567 1568/1568/1568 1569/1569/1569
f 1570/1570/1570 1571/1571/1571 1572/1572/1572
f 1573/1573/1573 1574/1574/1574 1575/1575/1575
f 1576/1576/1576 1577/1577/1577 1578/1578/1578
f 1579/1579/1579 1580/1580/1580 1581/1581/1581
f 1582/1582/1582 1583/1583/1583 1584/1584/1584
f 1585/1585/1585 1586/1586/1586 1587/1587/1587
f 1588/1588/1588 1589/1589/1589 1590/1590/1590
f 1591/1591/1591 1592/1592/1592 1593/1593/1593
f 1594/1594/1594 1595/1595/1595 1596/1596/1596
f 1597/1597/1597 1598/1598/1598 1599/1599/1599
f 1600/1600/1600 1601/1601/1601 1602/1602/1602
f 1603/1603/1603 1604/1604/1604 1605/1605/1605
f 1606/1606/1606 1607/1607/1607 1608/1608/1608
f 1609/1609/1609 1610/1610/1610 1611/1611/1611
f 1612/1612/1612 1613/1613/1613 1614/1614/1614
f 1615/1615/1615 1616/1616/1616 1617/1617/1617
f 1618/1618/1618 1619/1619/1619 1620/1620/1620
f 1621/1621/1621 1622/1622/1622 1623/1623/1623
f 1624/1624/1624 1625/1625/1625 1626/1626/1626
f 1627/1627/1627 1628/1628/1628 1629/1629/1629
f 1630/1630/1630 1631/1631/1631 1632/1632/1632
f 1633/1633/1633 1634/1634/1634 1635/1635/1635
f 1636/1636/1636 1637/1637/1637 1638/1638/1638
f 1639/1639/1639 1640/1640/1640 1641/1641/1641
f 1642/1642/1642 1643/1643/1643 1644/1644/1644
f 1645/1645/1645 1646/1646/1646 1647/1647/1647
f 1648/1648/1648 1649/1649/1649 1650/1650/1650
f 1651/1651/1651 1652/1652/1652 1653/1653/1653
f 1654/1654/1654 1655/1655/1655 1656/1656/1656
f 1657/1657/1657 1658/1658/1658 1659/1659/1659
f 1660/1660/1660 1661/1661/1661 1662/1662/1662
f 1663/1663/1663 1664/1664/1664 1665/1665/1665
f 1666/1666/1666 1667/1667/1667 1668/1668/1668
f 1669/1669/1669 1670/1670/1670 1671/1671/1671
f 1672/1672/1672 1673/1673/1673 1674/1674/1674
f 1675/1675/1675 1676/1676/1676 1677/1677/1677
f 1678/1678/1678 1679/1679/1679 1680/1680/1680
f 1681/1681/1681 1682/1682/1682 1683/1683/1683
f 1684/1684/1684 1685/1685/1685 1686/1686/1686
f 1687/1687/1687 1688/1688/1688 1689/1689/1689
f 1690/1690/1690 1691/1691/1691 1692/1692/1692
f 1693/1693/1693 1694/1694/1694 1695/1695/1695
f 1696/1696/1696 1697/1697/1697 1698/1698/1698
f 1699/1699/1699 1700/1700/1700 1701/1701/1701
f 1702/1702/1702 1703/1703/1703 1704/1704/1704
f 1705/1705/1705 1706/1706/1706 1707/1707/1707
f 1708/1708/1708 1709/1709/1709 1710/1710/1710
f 1711/1711/1711 1712/1712/1712 1713/1713/1713
f 1714/1714/1714 1715/1715/1715 1716/1716/1716
f 1717/1717/1717 1718/1718/1718 1719/1719/1719
f 1720/1720/1720 1721/1721/1721 1722/1722/1722
f 1723/1723/1723 1724/1724/1724 1725/1725/1725
f 1726/1726/1726 1727/1727/1727 1728/1728/1728
f 1729/1729/1729 1730/1730/1730 1731/1731/1731
f 1732/1732/1732 1733/1733/1733 1734/1734/1734
f 1735/1735/1735 1736/1736/1736 1737/1737/1737
f 1738/1738/1738 1739/1739/1739 1740/1740/1740
f 1741/1741/1741 1742/1742/1742 1743/1743/1743
f 1744/1744/1744 1745/1745/1745 1746/1746/1746
f 1747/1747/1747 1748/1748/1748 1749/1749/1749
f 1750/1750/1750 1751/1751/1751 1752/1752/1752
f 1753/1753/1753 1754/1754/1754 1755/1755/1755
f 1756/1756/1756 1757/1757/1757 1758/1758/1758
f 1759/1759/1759 1760/1760/1760 1761/1761/1761
f 1762/1762/1762 1763/1763/1763 1764/1764/1764
f 1765/1765/1765 1766/1766/1766 1767/1767/1767
f 1768/1768/1768 1769/1769/1769 1770/1770/1770
f 1771/1771/1771 1772/1772/1772 1773/1773/1773
f 1774/1774/1774 1775/1775/1775 1776/1776/1776
f 1777/1777/1777 1778/1778/1778 1779/1779/1779
f 1780/1780/1780 1781/1781/1781 1782/1782/1782
f 1783/1783/1783 1784/1784/1784 1785/1785/1785
f 1786/1786/1786 1787/1787/1787 1788/1788/1788
f 1789/1789/1789 1790/1790/1790 1791/1791/1791
f 1792/1792/1792 1793/1793/1793 1794/1794/1794
f 1795/1795/1795 1796/1796/1796 1797/1797/1797
f 1798/1798/1798 1799/1799/1799 1800/1800/1800
f 1801/1801/1801 1802/1802/1802 1803/1803/1803
f 1804/1804/1804 1805/1805/1805 1806/1806/1806
f 1807/1807/1807 1808/1808/1808 1809/1809/1809
f 1810/1810/1810 1811/1811/1811 1812/1812/1812
f 1813/1813/1813 1814/1814/1814 1815/1815/1815
f 1816/1816/1816 1817/1817/1817 1818/1818/1818
f 1819/1819/1819 1820/1820/1820 1821/1821/1821
f 1822/1822/1822 1823/1823/1823 1824/1824/1824
f 1825/1825/1825 1826/1826/1826 1827/1827/1827
f 1828/1828/1828 1829/1829/1829 1830/1830/1830
f 1831/1831/1831 1832/1832/1832 1833/1833/1833
f 1834/1834/1834 1835/1835/1835 1836/1836/1836
f 1837/1837/1837 1838/1838/1838 1839/1839/1839
f 1840/1840/1840 1841/1841/1841 1842/1842/1842
f 1843/1843/1843 1844/1844/1844 1845/1845/1845
f 1846/1846/1846 1847/1847/1847 1848/1848/1848
f 1849/1849/1849 1850/1850/1850 1851/1851/1851
f 1852/1852/1852 1853/1853/1853 1854/1854/1854
f 1855/1855/1855 1856/1856/1856 1857/1857/1857
f 1858/1858/1858 1859/1859/1859 1860/1860/1860
f 1861/1861/1861 1862/1862/1862 1863/1863/1863
f 1864/1864/1864 1865/1865/1865 1866/1866/1866
f 1867/1867/1867 1868/1868/1868 1869/1869/1869
f 1870/1870/1870 1871/1871/1871 1872/1872/1872
f 1873/1873/1873 1874/1874/1874 1875/1875/1875
f 1876/1876/1876 1877/1877/1877 1878/1878/1878
